,log2FoldChange,Kingdom,Phylum,Class,Order,Family,Genus,Species
TACGGAGGGTGCAAGCGTTACTCGGAATCACTGGGCGTAAAGAGCGTGTAGGCGGGTTTGTAAGTTTGAAGTGAAATCCAATGGCTCAACCATTGAACTGCTTTGAAAACTGCTTACCTAGAATATGGGAGAGGTAGATGGAATTTCTGGTGTAGGGGTAAAATCCGTAGAGATCAGAAGGAATACCGATTGCGAAGGCGATCTACTGGAACATTATTGACGCTGAGACGCGAAAGCGTGGGGAGCAAACAGG,-8.32041937088083,Bacteria,Campilobacterota,Campylobacteria,Campylobacterales,Arcobacteraceae,Poseidonibacter,lekithochrous
TACGGAGGATCCAAGCGTTATCCGGATTTATTGGGTTTAAAGGGTGCGTAGGTGGCTGTATAAGTCAGTAGTGAAATCTCGGAGCTCAACTCCGAACGTGCTATTGAAACTGTATAGCTTGAATTCAGACGAGGCAGGCGGAATGTGTAATGTAGCGGTGAAATGCATAGATATTACACAGAACACCGATAGCGAAGGCAGCTTGCCAGACTGCGATTGACACTAATGCACGAAAGCGTGGGTAGCGAACAGG,-28.2719935674126,Bacteria,Bacteroidota,Bacteroidia,Bacteroidales,Marinifilaceae,NA,NA
TTCCAGCTCCAATAGCGTATACTAATGTTGTTGCAGTTAAAAAGCTCGTAGTTGAAATTATATCTCATCAGAGATCAACCTTTATGGTGATTATTGTGAATAAATTAGAGTGTTTCAGGCAGACTACGTTTGAATACATAAGCATGGAATAATAAAATATGAATTTTTAATTTTGGTTTTAAATTTTAATGATTAATAGAAGCAATTGGGGGCATTCGTATTTAATAGTCAGAGGTAAAATTCTTGGATTTATTAAAGACGAACTAAAGCGAAAGCATTTGTCAAAGATGTTTTCATTAATCAAGAACGAAAGTTAGGGGATCAAAGACG,-26.6189922221961,Eukaryota,NA,NA,NA,NA,NA,NA
TACATAGGGTGCAAGCGTTATCCGGAATTATTGGGCGTAAAGCGTTCGTAGGCGGTTTATTAAGTCTGAAGTTAAAGCCTGGGGCTCAACCCCAGCCCGCTTCGGATACTGGTAGACTAGAGTTATAGAGAGGTTAGTGGAACTCCATGTGAAGCGGTGGAATGCGTAGATATATGGAAGAACACCAATGGCGAAGGCAACTAACTGGCTATACACTGACGCTGAGGAACGAAAGCGTGGGGAGCAAACAGG,-24.5120019305955,Bacteria,Firmicutes,Bacilli,Mycoplasmatales,Mycoplasmataceae,Mycoplasma,NA
TACGAAGGGGGCTAGCGTTGTTCGGAATTACTGGGCGTAAAGGGCGTCTAGGTGGTTTTGTTAGTTGGATGTGAAAGCCCTCGGCTCAACCGAGGAATTGCATCCAAAACTGCATTACTAGAGTGTGAAAGGGGAAGGCGGAATTCCAAGTGTAGCGGTGAAATGCGTAGATATTTGGAGGAACACCGGTGGCGAAGGCGGCCTTCTGGTTCAACACTGACACTAAAGCGCGAAGGCTAGGGGAGCGAACAGG,-30,Bacteria,Verrucomicrobiota,Omnitrophia,NA,NA,NA,NA
TACGGAGGGTGCAAGCGTTACTCGGAATCACTGGGCGTAAAGAGCGTGTAGGCGGGATAATAAGTCAGATGTGAAAGCCAATGGCTCAACCATTGAACTGCATTTGAAACTGTTAACCTAGAATATGGGAGAGGTAGATGGAATTTCTGGTGTAGGGGTAAAATCCGTAGAGATCAGAAGGAATACCGATTGCGAAGGCGATCTACTGGAACATAATTGACGCTGAGACGCGAAAGCGTGGGGAGCAAACAGG,-26.0675102688035,Bacteria,Campilobacterota,Campylobacteria,Campylobacterales,Arcobacteraceae,Halarcobacter,NA
TACGGAGGGTGCAAGCGTTAATCGGAATTACTGGGCGTAAAGCGCACGCAGGCGGTTGGATAAGTTAGATGTGAAAGCCCCGGGCTCAACCTGGGAATTGCATTTAAAACTGTCCAGCTAGAGTCTTGTAGAGGGGGGTAGAATTCCAGGTGTAGCGGTGAAATGCGTAGAGATCTGGAGGAATACCGGTGGCGAAGGCGGCCCCCTGGACAAAGACTGACGCTCAGGTGCGAAAGCGTGGGGAGCAAACAGG,-26.6859141354135,Bacteria,Proteobacteria,Gammaproteobacteria,Aeromonadales,Aeromonadaceae,Aeromonas,NA
TACGTAGGGGGCAAGCGTTATCCGGAATCATTGGGCGTAAAGCGTGCGTAGGCGGTTTGGAAGGTCAGAGGTGAAAGGCATGGGCTCAACCCATGTAAGCCTTTGAAACCGACAGGCTTGAGATCAGGAGGGGAAAGTGGAATTTCTAGTGTAGCGGTGGAATGCGTAGATATTAGAAGGAACACCAGTGGCGAAGGCGACTTTCTGGACTGAAACTGACGCTGAGGCACGAAAGCGTGGGGAGCGAACAGG,-22.6723241763548,Bacteria,Firmicutes,Clostridia,Peptostreptococcales-Tissierellales,Guggenheimella,NA,NA
TACGTATGTCGCAAGCGTTATCCGGAATTATTGGGCGTAAAGCGAGTCTAGGCGGTTTGTTAAGTCAGATGTGAAAATGCGGGGCTCAACTCCGTATGGCCTTTGATACTGGCAAACTAGAGTACTGGAGAGGTGGGCGGAACTACAAGTGTAGAGGTGAAATTCGTAGATATTTGTAGGAATGCCGATAGTGAAGACAGCTCACTGGACAGATACTGACGCTAAAGCTCGAAAGCGTGGGGAGCGAACAGG,-25.2585034967314,Bacteria,Fusobacteriota,Fusobacteriia,Fusobacteriales,Fusobacteriaceae,Psychrilyobacter,NA
GACGGAGGATGCAAGTGTTATCCGGAATCACTGGGCGTAAAGCGTCTGTAGGTGGTCTAATAAGTCAACTGTTAAATCTTGAGGCTTAACTTCAAAACTGCAGTCGAAACTATTAGACTAGAGTATAGTAGGGGTAAAGGGAATTTCCAGTGGAGCGGTGAAATGCGTAGATATTGGAAAGAACACCGATGGCGAAGGCACTTTACTGGGCTATTACTAACACTCAGAGACGAAAGCTAGGGTAGCAAATGGG,-28.3238562172041,Bacteria,Cyanobacteria,Cyanobacteriia,Chloroplast,NA,NA,NA
TACGGAGGGCGCAAGCGTTACTCGGAATCACTGGGCGTAAAGAGCGTGTAGGCGGGTGAATAAGTTTGAAGTGAAATCCTATAGCTCAACTATAGAACTGCTTTGAAAACTGTTCACCTAGAATATGGGAGAGGTAGATGGAATTTCTGGTGTAGGGGTAAAATCCGTAGAGATCAGAAGGAATACCGATTGCGAAGGCGATCTACTGGAACATTATTGACGCTGAGACGCGAAAGCGTGGGGAGCAAACAGG,-24.2904142940437,Bacteria,Campilobacterota,Campylobacteria,Campylobacterales,Arcobacteraceae,NA,NA
TACGTAGGTGGCAAGCGTTGTCCGGAATTATTGGGCGTAAAGCGCGCGCAGGCGGCCTCTTAAGTCTGATGTGAAAGCCCCCGGCTCAACCGGGGAGGGCCATTGGAAACTGGGAGGCTTGAGTATAGGAGAGAAGAGTGGAATTCCACGTGTAGCGGTGAAATGCGTAGAGATGTGGAGGAACACCAGTGGCGAAGGCGACTCTTTGGCCTATAACTGACGCTGAGGCGCGAAAGCGTGGGGAGCAAACAGG,-26.6660221375846,Bacteria,Firmicutes,Bacilli,Exiguobacterales,Exiguobacteraceae,Exiguobacterium,NA
TACGGAGGGCGCAAGCGTTACTCGGAATCACTGGGCGTAAAGAGCGTGTAGGCGGGTTAATAAGTTGGATGTGAAATCCTATGGCTCAACCATAGAACTGCATCCAAAACTGTTAACCTAGAGTATGGGAGAGGTAGATGGAATTTCTGGTGTAGGGGTAAAATCCGTAGAGATCAGAAGGAATACCGATTGCGAAGGCGATCTACTGGAACATTACTGACGCTGAGACGCGAAAGCGTGGGGAGCAAACAGG,-26.5821790224589,Bacteria,Campilobacterota,Campylobacteria,Campylobacterales,Arcobacteraceae,Halarcobacter,NA
GACGGAGGATGCAAGTGTTATCCGGAATCACTGGGCGTAAAGCGTCTGTAGGTGGTTTAATAAGTCAACTGTTAAATCTTGAGGCTCAACTTCAAAATCGCAGTCGAAACTATTAGACTAGAGTATAGTAGAGGTAAAGGGAATTTCCAGTGGAGCGGTGAAATGCGTAGATATTGGAAAGAACACCAATGGCGAAAGCACTTTACTGGGCTATTACTAACACTCAGAGACGAAAGCTAGGGTAGCAAATGGG,-24.3183402054138,Bacteria,Cyanobacteria,Cyanobacteriia,Chloroplast,NA,NA,NA
TACGGAGGGTGCAAGCGTTACTCGGAATCACTGGGCGTAAAGAGCGTGTAGGCGGGTTAATAAGTTTGAAGTGAAATCCTATGGCTCAACCATAGAACTGCTTTGAAAACTGTTAACCTAGAATATGGGAGAGGTAGATGGAATTTCTGGTGTAGGGGTAAAATCCGTAGAGATCAGAAGGAATACCGATTGCGAAGGCGATCTACTGGAACATTATTGACGCTGAGACGCGAAAGCGTGGGGAGCAAACAGG,-24.5201152732241,Bacteria,Campilobacterota,Campylobacteria,Campylobacterales,Arcobacteraceae,Halarcobacter,NA
TACGGAGGGTGCAAGCGTTACTCGGAATCACTGGGCGTAAAGAGCGTGTAGGCGGGTTATTAAGTCAGAAGTGAAATCCTATGGCTCAACCATAGAACTGCTTTTGAAACTGGTAACCTAGAGTATGGGAGAGGTAGATGGAATTTCTGGTGTAGGGGTAAAATCCGTAGAGATCAGAAGGAATACCGATTGCGAAGGCGATCTACTGGAACATTACTGACGCTGAGACGCGAAAGCGTGGGGAGCAAACAGG,-27.7791931098871,Bacteria,Campilobacterota,Campylobacteria,Campylobacterales,Arcobacteraceae,Halarcobacter,bivalviorum
TACGGAGGGTGCAAGCGTTAATCGGAATTACTGGGCGTAAAGCGTGCGTAGGCGGCTACTTAAGTGGGATGTGAAAGCCCCGGGCTCAACCTGGGAACTGCATCCCAAACTGGGTAGCTAGAGTACGGCAGAGGAGTGTGGAATTTCCTGTGTAGCGGTGAAATGCGTAGATATAGGAAGGAACACCAGTGGCGAAGGCGACACTCTGGGCTGATACTGACGCTGAGGTACGAAAGCGTGGGGAGCAAACAGG,-28.0519474673087,Bacteria,Proteobacteria,Gammaproteobacteria,Oceanospirillales,Endozoicomonadaceae,Endozoicomonas,NA
TACATAGGGTGCAAGCGTTATCCGGAATTATTGGGCGTAAAGCGTTCGTAGGCGGTTTATTAAGTCTAAAGTTAAAGCCTGGGGCTCAACCCCAGCCCGCTTTGGATACTGGTAGACTAGAGTTATAGAGAGGTTAGTGGAACTCCATGTGAAGCGGTGGAATGCGTAGATATATGGAAGAACACCAATGGCGAAGGCAACTAACTGGCTATACACAGACGCTGAGGAACGAAAGCGTGGGGAGCAAACAGG,-23.5488649233456,Bacteria,Firmicutes,Bacilli,Mycoplasmatales,Mycoplasmataceae,Mycoplasma,NA
TACGGAGGGCGCAAGCGTTACTCGGAATCACTGGGCGTAAAGAGCGTGTAGGCGGGTAATTAAGTCAGATGTGAAAGCCTATGGCTCAACCATAGAACTGCATTTGAAACTGATTACCTAGAGTATGGGAGAGGTAGATGGAATTTCTGGTGTAGGGGTAAAATCCGTAGAGATCAGAAGGAATACCGATTGCGAAGGCGATCTACTGGAACATTACTGACGCTGAGACGCGAAAGCGTGGGGAGCAAACAGG,-24.9835956132049,Bacteria,Campilobacterota,Campylobacteria,Campylobacterales,Arcobacteraceae,NA,NA
TACGAAGGGGGCTAGCGTTGCTCGGAATTACTGGGCGTAAAGGGCGCGTAGGCGGACAGTTAAGTTGGGGGTGAAAGCCCGGGGCTCAACCTCGGAAATGCCTTCAATACTGGCTGTCTTGAGTACGGGAGAGGTGAGTGGAACTCCGAGTGTAGAGGTGAAATTCGTAGATATTCGGAAGAACACCAGTGGCGAAGGCGACTCACTGGCCCGTTACTGACGCTGAGGCGCGAAAGCGTGGGGAGCAAACAGG,-23.9022251409503,Bacteria,Proteobacteria,Alphaproteobacteria,Caulobacterales,Caulobacteraceae,NA,NA
TACGGAGGGTGCAAGCGTTAATCGGAATTACTGGGCGTAAAGCGCGCGTAGGTGGCTAAGTCAGCCAGGTGTGAAAGCCCCGGGCTCAACCTGGGAACGGCATCTGGAACTGCTTGGCTAGAGTGCAGGAGAGGAAGGTAGAATTCCCGGTGTAGCGGTGAAATGCGTAGAGATCGGGAGGAATACCAGTGGCGAAGGCGGCCTTCTGGACTGACACTGACACTGAGGTGCGAAAGCGTGGGTAGCAAACAGG,-23.9202199016906,Bacteria,Proteobacteria,Gammaproteobacteria,Oceanospirillales,Halomonadaceae,Cobetia,NA
TACGTAGGTCCCAAGCGTTATCCGGAATTATTGGGCGTAAAGGGTCCGTAGACGGTTTATTAAGTCTGATGTGAAAGCCACCGGCTCAACCGGTGAAACGCATTAGATACTGGTAGACTAGAGTATGTTAGAGGATAGTGGAATTCCATGTGTAGCGGTGAAATGCGTAGATATATGGAGGAACACCAGTGGCGAAGGCGGCTATCTGGGACATTACTGACGTTGAGGGACGAAAGCGTGGGGAGCGAACAGG,25.4387258416756,Bacteria,Firmicutes,Bacilli,Mycoplasmatales,Mycoplasmataceae,NA,NA
TACGGAGGGCGCAAGCGTTACTCGGAATCACTGGGCGTAAAGAGCGTGTAGGCGGGTTAATAAGTTTGAAGTGAAATCCTATGGCTCAACCATAGAACTGCTTTGAAAACTGTTAACCTAGAGTATGGGAGAGGTAGATGGAATTTCTGGTGTAGGGGTAAAATCCGTAGAGATCAGAAGGAATACCGATTGCGAAGGCGATCTACTGGAACATTACTGACGCTGAGACGCGAAAGCGTGGGGAGCAAACAGG,-25.7163137988145,Bacteria,Campilobacterota,Campylobacteria,Campylobacterales,Arcobacteraceae,Halarcobacter,NA
GACGGAGGATGCAAGTGTTATCCGGAATCACTGGGCGTAAAGCGTCTGTAGGTGGTTTAATAAGTCAACTGTTAAATCTTGATGGCTTAACTTCAAAATCGCAGTCGAAACTATTAGACTAGAGTATAGTAGAGGTAAAGGGAATTTCCAGTGGAGCGGTGAAATGCGTAGATATTGGAAAGAACACCGATGGCGAAAGCACTTTACTGGGCTATTACTAACACTCAGAGACGAAAGCTAGGGTAGCAAATGGG,-25.2848216888115,Bacteria,Cyanobacteria,Cyanobacteriia,Chloroplast,NA,NA,NA
TACATAGGGTGCAAGCGTTATCCGGAATTATTGGGCGTAAAGCGTTCGTAGGCGGTTTATTAAGTCTGAAGTTAAAGCCTGGGGCTCAACCCCAGCCCGCTTCGGATACTGGTAGACTAGAGTTATAGAGAGGTTAGTGGAACTCCATGTGAAGCGGTGGAATGCGTAGATATATGGAAGAACACCAATGGCGAAGGCAACTAACTGGCTATATACTGACGCTGAGGAACGAAAGCGTGGGGAGCAAACAGG,-28.7145153901869,Bacteria,Firmicutes,Bacilli,Mycoplasmatales,Mycoplasmataceae,Mycoplasma,NA
TACGGAGGGCGCAAGCGTTACTCGGAATCACTGGGCGTAAAGAGCGTGTAGGCGGGTTAATAAGTCAGATGTGAAAGCCTATGGCTCAACCATAGAACTGCATTTGAAACTGTTAACCTAGAATATGGGAGAGGTAGATGGAATTTCTGGTGTAGGGGTAAAATCCGTAGAGATCAGAAGGAATACCGATTGCGAAGGCGATCTACTGGAACATTATTGACGCTGAGACGCGAAAGCGTGGGGAGCAAACAGG,-27.373424267427,Bacteria,Campilobacterota,Campylobacteria,Campylobacterales,Arcobacteraceae,Halarcobacter,NA
TACGTAAGGGGCAAGCGTTATTCGGATTTACTGGGCGTAAAGGGTGTGTAGGTGGATTAAGAAGTTAGATATGAAAGTTTTAAGCTTAACTTAAAAATGTTATCTAAAACCATTAGTCTTGAGTTTAGAAGAGGAAGACGGAATTTCTAGTGTAAGGGTGGAATCTACAGATATTAGAAAGAACACCGATGGCGAAGGCAGTCTTCTGGTCTAACACTGACACTAAAACACGAAAGCTAGGGGAGCAAACAGG,-24.4259489014325,Bacteria,NA,NA,NA,NA,NA,NA
TACATAGGGTGCAAGCGTTATCCGGAATTATTGGGCGTAAAGCGTTCGTAGGCGGTTTATTAAGTCTTAAGTCAAAGCCCGGGGCTCAACCCCGGCCCGCTTAGGATACTGGTAGACTAGAGTTATAGAGAGATTAGCGGAACTCCATGTGAAGCGGTGGAATGCGTAGATATATGGAAGAACACCAATGGCGAAGGCAGCTAATTGGCTATACACTGACGCTGAGGAACGAAAGCGTGGGGAGCAAACAGG,-24.90957119864,Bacteria,Firmicutes,Bacilli,Mycoplasmatales,Mycoplasmataceae,Mycoplasma,NA
TACGGAGGGGGCAAGCGTTATTCGGAATTACTGGGCGTAAAGGGTGCGTAGGCGGTTTAGAAAGTTAGAGGTGAAATCCCGGTGCTTAACATCGGAACTGCTTCTAAAACTACTATGACTAGAGTGAGAGAGAGGATAATAGAATTCCTAGTGTAGGGGTGAAATCCGTAGATATTAGGAGGAATGCCAGAGGCGAAGGCGATTATCTGGTTCTTTACTGACGCTGAGGCACGAAAGCGTGGGGAGCAAACAGG,24.9967549964199,Bacteria,NA,NA,NA,NA,NA,NA
TACGTATGTCGCAAGCGTTATCCGGATTTATTGGGCGTAAAGCGCGTCTAGGTGGTTTGGTAAGTCTGATGTGAAAATGCGGGGCTCAACTCCGTATTGCGTTGGAAACTGCCTAACTAGAGTATCGGAGAGGTGGGCGGAACTACAAGTGTAGAGGTGAAATTCGTAGATATTTGTAGGAATGCCGATAGAGAAGTCAGCTCACTGGACGAATACTGACACTGAAGCGCGAAAGCATGGGGAGCAAACAGG,-27.424731896303,Bacteria,Fusobacteriota,Fusobacteriia,Fusobacteriales,Fusobacteriaceae,Fusobacterium,perfoetens
TACGGAGGGTGCGAGCGTTAATCGGAATTACTGGGCGTAAAGCGTACGCAGGCGGTTTGTTAAGCGAGATGTGAAAGCCCCGGGCTCAACCTGGGAACTGCATTTCGAACTGGCAAACTAGAGTGTGATAGAGGGTGGTAGAATTTCAGGTGTAGCGGTGAAATGCGTAGAGATCTGAAGGAATACCGATGGCGAAGGCAGCCACCTGGGTCAACACTGACGCTCATGTACGAAAGCGTGGGGAGCAAACGGG,-22.8492106897071,Bacteria,Proteobacteria,Gammaproteobacteria,Alteromonadales,Pseudoalteromonadaceae,Pseudoalteromonas,NA
TACGGAGGGTGCAAGCGTTACTCGGAATCACTGGGCGTAAAGAGCGTGTAGGCGGATAGATAAGTCAGAAGTGAAATCCTATAGCTCAACTATAGAACTGCTTTTGAAACTGTCTATCTAGAATATGGGAGAGGTAGATGGAATTTCTGGTGTAGGGGTAAAATCCGTAGAGATCAGAAGGAATACCGATTGCGAAGGCGATCTACTGGAACATTATTGACGCTGAGACGCGAAAGCGTGGGGAGCAAACAGG,-25.8019957819201,Bacteria,Campilobacterota,Campylobacteria,Campylobacterales,Arcobacteraceae,Halarcobacter,NA
TACGGGGGGTGCAAGCGTTATTCGGATTTACTGGGCGTAAAGGGCGCGCAGGCGGTCCTTTAAGTCAGATGTGAAAGCCCGGGGCTTAACCCCGGAAGTGCATCTGAAACTGAGGGACTTGAGTATGGGAGAGGGAAGTGGAATTCCTGGTGTAGCGGTGAAATGCGTAGATATCAGGAGGAACATCTGTGGCGAAGGCGACTTCCTGGACCAATACTGACGCTGAGGCGCGAAGGCGTGGGGAGCAAACAGG,-23.0459838710825,Bacteria,Desulfobacterota,Desulfobacteria,Desulfobacterales,Desulfosarcinaceae,NA,NA
TACGGAGGGTGCGAGCGTTAATCGGAATTACTGGGCGTAAAGCGCATGCAGGTGGTGTGTTAAGTCAGATGTGAAAGCCCGGGGCTCAACCTCGGAATAGCATTTGAAACTGGCACACTAGAGTACTGTAGAGGGGGGTAGAATTTCAGGTGTAGCGGTGAAATGCGTAGAGATCTGAAGGAATACCAGTGGCGAAGGCGGCCCCCTGGACAGATACTGACACTCAGATGCGAAAGCGTGGGGAGCAAACAGG,-25.428959730093,Bacteria,Proteobacteria,Gammaproteobacteria,Vibrionales,Vibrionaceae,Vibrio,NA
GACGGAGGATGCAAGTGTTATCCGGAATCACTGGGCGTAAAGCGTCTGTAGGTGGTTTAATAAGTCAACTGTTAAATCTTGAGGCTCAACCTCAAAATCGCAGTCGAAACTATTAGACTAGAGTATAGTAGGGGTAAAGGGAATTTCCAGTGGAGCGGTGAAATGCGTAGAGATTGGAAAGAACACCGATGGCGAAGGCACTTTACTGGGCTATTACTAACACTCAGAGACGAAAGCTAGGGTAGCAAATGGG,-23.018918825345,Bacteria,Cyanobacteria,Cyanobacteriia,Chloroplast,NA,NA,NA
TACGGAGGGTGCAAGCGTTAATCGGAATTACTGGGCGTAAAGCGCACGCAGGCGGCTTTTTAAGTCGGATGTGAAAGCCCCGGGCTCAACCTGGGAATTGCATCTGATACTGGGAAGCTAGAGTATGTGAGAGGGGGGTAGAATTCCAAGTGTAGCGGTGAAATGCGTAGAGATTTGGAGGAATACCAGTGGCGAAGGCGGCCCCCTGGCACAATACTGACGCTCAGGTGCGAAAGCGTGGGGAGCAAACAGG,-22.453602279077,Bacteria,Proteobacteria,Gammaproteobacteria,Alteromonadales,Alteromonadaceae,Alishewanella,NA
TACGGAGGGTCCGAGCGTTATCCGGAATCATTGGGTTTAAAGGGTCCGCAGGCGGTCAATTAAGTCAGAGGTGAAATCCCATAGCTTAACTATGGAACTGCCTTTGATACTGGTTGACTTGAGTTATATGGAAGTAAATAGAATGTGTAGTGTAGCGGTGAAATGCATAGATATTACACAGAATACCGATTGCGAAGGCAGTTTACTACGTATATACTGACGCTCATGGACGAAAGCGTGGGGAGCGAACAGG,-20.8991624816894,Bacteria,Bacteroidota,Bacteroidia,Flavobacteriales,Flavobacteriaceae,NA,NA
TACGGAGGGTGCGAGCGTTAATCGGAATTACTGGGCGTAAAGCGTACGCAGGCGGTTTGTTAAGCGAGATGTGAAAGCCCCGGGCTCAACCTGGGAACTGCATTTCGAACTGGCAAACTAGAGTATGATAGAGGGTGGTAGAATTTCAGGTGTAGCGGTGAAATGCGTAGAGATCTGAAGGAATACCGATGGCGAAGGCAGCCACCTGGGTCAATACTGACGCTCATGTACGAAAGCGTGGGGAGCAAACGGG,-26.9797890722841,Bacteria,Proteobacteria,Gammaproteobacteria,Alteromonadales,Pseudoalteromonadaceae,Pseudoalteromonas,phenolica
TACGTATGTCGCAAGCGTTATCCGGAATTATTGGGCGTAAAGCGCGTCTAGGCGGCCTTTTAAGTCTGATGTTAAAATGCGGGGCTCAACTCCGTATTGCGTTGGAAACTGGAAGGCTAGAGTATCAGAGAGGTGGGCGGAACTACAAGTGTAGAGGTGAAATTCGTAGATATTTGTAGGAATGCCGATTGGGAAGCCAGCTCACTGGATGAATACTGACGCTGAAGCGCGAAAGCGTGGGGAGCAAACGGG,-25.1936310253163,Bacteria,Fusobacteriota,Fusobacteriia,Fusobacteriales,Fusobacteriaceae,Propionigenium,NA
TACGGGAGGGGCAAGCGTTATCCAGATTGATTGGGCGTAAAGGGTTCGTAGACGGTACAGTAAGTTATTTGTTAAATATTAAAGCCTAACTTTAAAAAAACATTTAAAACTGCTTTACTTTGAGTTTTAAACAGAAGAGTAGAATTTTATAAGAAGGGATAAAATCTGAAGATATGTAAAGGAATATCGATAGTGAAGACAACTCTTTAGTAAAAACTGACGTTGAGGGACGAAAGTGTAGGGAGCAAATAGG,-24.7159961244767,Bacteria,Proteobacteria,Alphaproteobacteria,Rickettsiales,Mitochondria,NA,NA
TACGGAGGGTGCAAGCGTTACTCGGAATCACTGGGCGTAAAGAGCGTGTAGGCGGGTTAATAAGTCAGATGTGAAAGCCTATGGCTCAACCATAGAACTGCATTTGAAACTGTTAACCTAGAATATGGGAGAGGTAGATGGAATTTCTGGTGTAGGGGTAAAATCCGTAGAGATCAGAAGGAATACCGATTGCGAAGGCGATCTACTGGAACATTATTGACGCTGAGACGCGAAAGCGTGGGGAGCAAACAGG,-25.2046365941213,Bacteria,Campilobacterota,Campylobacteria,Campylobacterales,Arcobacteraceae,Halarcobacter,NA
GACGGAGGATGCAAGTGTTATCCGGAATCACTGGGCGTAAAGCGTCTGTAGGTGGTTTAATAAGTCAACTGTAAAATCTTGAGGCTCAACCTCAAAACCGCAGTCGAAACTATTAGACTAGAGTATAGTAGGGGTAAAGGGAATTTCCAGTGGAGCGGTGAAATGCGTAGAGATTGGAAAGAACACCGATGGCGAAGGCACTTTACTGGGCTATTACTAACACTCAGAGACGAAAGCTAGGGTAGCAAATGGG,-24.2294093166814,Bacteria,Cyanobacteria,Cyanobacteriia,Chloroplast,NA,NA,NA
TACGGAGGGTGCGAGCGTTAATCGGAATTACTGGGCGTAAAGCGCATGCAGGTGGTTAGTTAAGTCAGATGTGAAAGCCCGGGGCTCAACCTCGGAACTGCATTTGAAACTGGCTGACTAGAGTACTGTAGAGGGGGGTAGAATTTCAGGTGTAGCGGTGAAATGCGTAGAGATCTGAAGGAATACCGGTGGCGAAGGCGGCCCCCTGGACAGATACTGACACTCAGATGCGAAAGCGTGGGGAGCAAACAGG,-26.3757120098101,Bacteria,Proteobacteria,Gammaproteobacteria,Vibrionales,Vibrionaceae,Vibrio,NA
TACGGAGGGTGCGAGCGTTAATCGGAATTACTGGGCGTAAAGCGCATGCAGGTGGTTCGTTAAGTCAGATGTGAAAGCCCGGGGCTCAACCTCGGAACTGCATTTGAAACTGGCGGACTAGAGTACTGTAGAGGGGGGTAGAATTTCAGGTGTAGCGGTGAAATGCGTAGAGATCTGAAGGAATACCGGTGGCGAAGGCGGCCCCCTGGACAGATACTGACACTCAGATGCGAAAGCGTGGGGAGCAAACAGG,-25.6670478678566,Bacteria,Proteobacteria,Gammaproteobacteria,Vibrionales,Vibrionaceae,Vibrio,NA
TACGGAGGGTGCGAGCGTTAATCGGAATTACTGGGCGTAAAGCGTGCGTAGGCGGTTTCTTAAGCGAGATGTGAAATCCCGGGGCTTAACCTCGGAACTGCATTTCGAACTGGGTGACTAGAGTTTTGTAGAGGGTGGTGGAATTTCCAGTGTAGCGGTGAAATGCGTAGAGATTGGAAGGAACATCAGTGGCGAAGGCGGCCACCTGGACAAAAACTGACGCTGAGGCACGAAAGCGTGGGGAGCAAACAGG,-23.678059031651,Bacteria,Proteobacteria,Gammaproteobacteria,Alteromonadales,Colwelliaceae,Thalassotalea,NA
TACGGAGGGTGCAAGCGTTAATCGGAATTACTGGGCGTAAAGCGTACGTAGGCGGCCTATTAAGCAAGATGTGAAAGCCCCGGGCTCAACCTGGGAATGGCATTTTGAACTGGTAGGCTCGAGTTCTGAAGAGGGTGGTAGAATTTCCAGTGTAGCGGTGAAATGCGTAGAGATTGGAAGGAATACCGGTGGCGAAGGCGGCCACCTGGTCAGAAACTGACGCTGAGGTACGAAAGCGTGGGGAGCAAACAGG,-24.3636848711726,Bacteria,Proteobacteria,Gammaproteobacteria,Alteromonadales,Idiomarinaceae,Idiomarina,NA
TACGGAGGGTGCGAGCGTTAATCGGAATTACTGGGCGTAAAGCGTGCGTAGGCGGATTGTTAAGCAAGATGTGAAAGCCCCGGGCTCAACCTGGGAACTGCATTTTGAACTGGCTATCTAGAGTATTGTAGAGGGTGGTGGAATTTCCAGTGTAGCGGTGAAATGCGTAGAGATTGGAAGGAACATCAGTGGCGAAGGCGGCCACCTGGACAAATACTGACGCTGAGGCACGAAAGCGTGGGGAGCAAACAGG,-25.0898999874064,Bacteria,Proteobacteria,Gammaproteobacteria,Alteromonadales,Colwelliaceae,Thalassotalea,NA
TACGGAGGGTGCGAGCGTTAATCGGAATTACTGGGCGTAAAGCGCGCGTAGGTGGATGGGTCAGTCAGATGTGAAAGCCCCGGGCTCAACCTGGGAACTGCACCTGATACTGCTCATCTAGAATACGGTAGAGGGTAGTGGAATTTCCTGTGTAGCGGTGAAATGCGTAGATATAGGAAGGAACACCAGTGGCGAAGGCGACTACCTGGACCGATATTGACACTGAGGTGCGAAAGCGTGGGGAGCAAACAGG,-23.4078593717172,Bacteria,Proteobacteria,Gammaproteobacteria,Oceanospirillales,Nitrincolaceae,Neptuniibacter,NA
TACGGAGGATCCAAGCGTTATCCGGATTCATTGGGTTTAAAGGGTCCGTAGGCGGGTCTTTAAGTCAGTGGTGAAAGCCGACAGCTCAACTGTCGAACTGCCATTGATACTGGAGACCTTGAGTACAAATGAAGTAGGCGGAATGAGTCATGTAGCGGTGAAATGCATAGATATGACTCAGAACACCGATTGCGAAGGCAGCTTACTAACATGTAACTGACGCTGAGGGACGAAAGCGTGGGGAGCGAACAGG,-24.0058546531332,Bacteria,Bacteroidota,Bacteroidia,Flavobacteriales,Cryomorphaceae,NA,NA
TACGGAGGGCGCAAGCGTTACTCGGAATCACTGGGCGTAAAGAGCGTGTAGGCGGGTTAATAAGTTGGATGTGAAATCCTATGGCTCAACCATAGAACTGCATCCAAAACTGTAAACCTAGAGTATGGGAGAGGTAGATGGAATTTCTGGTGTAGGGGTAAAATCCGTAGAGATCAGAAGGAATACCGATTGCGAAGGCGATCTACTGGAACATTACTGACGCTGAGACGCGAAAGCGTGGGGAGCAAACAGG,-23.5890860057279,Bacteria,Campilobacterota,Campylobacteria,Campylobacterales,Arcobacteraceae,Halarcobacter,NA
TACGGAGGATCCAAGCGTTATCCGGAATTATTGGGTTTAAAGGGTGCGTAGGCGGGACACTAAGTCAGTGGTGAAAAGCTATGGCTCAACCATAGTCGTGCCATAGATACTGGTGTTCTTGAATTAAGTTGGCGTTTGCGGAATGTGTCATGTAGCGGTGAAATGCATAGATATGCCACAGAACTCCGATAGCGAAGGCAGCAAACGAAACTTTGATTGACGCTGATGCACGAAAGCGTGGGTAGCGAACAGG,-23.3621330844028,Bacteria,Bacteroidota,Bacteroidia,NA,NA,NA,NA
TACGGAGGGGGTTAGCGTTGTTCGGAATTACTGGGCGTAAAGCGCGCGTAGGCGGATTAGTCAGTCAGAGGTGAAATCCCAGGGCTCAACCCTGGAACTGCCTTTGATACTGCTAGTCTTGAGTTCGAGAGAGGTGAGTGGAATTCCGAGTGTAGAGGTGAAATTCGTAGATATTCGGAGGAACACCAGTGGCGAAGGCGGCTCACTGGCTCGATACTGACGCTGAGGTGCGAAAGTGTGGGGAGCAAACAGG,-24.495442450222,Bacteria,Proteobacteria,Alphaproteobacteria,Rhodobacterales,Rhodobacteraceae,NA,NA
TACGGAGGGTGCGAGCGTTAATCGGAATTACTGGGCGTAAAGCGCATGCAGGCGGTTGATTAAGCGAGATGTGAAAGCCCCGGGCTTAACCTGGGAACTGCATTTCGAACTGGTCAACTAGAGTCTTGTAGAGGGGGGTAGAATTTCAGGTGTAGCGGTGAAATGCGTAGAGATCTGAAGGAATACCAGTGGCGAAGGCGGCCCCCTGGACAAAGACTGACGCTCAGATGCGAAAGCGTGGGGAGCAAACAGG,-24.431140431512,Bacteria,Proteobacteria,Gammaproteobacteria,Alteromonadales,Shewanellaceae,Ferrimonas,sediminum
TACGGAGGGTGCGAGCGTTAATCGGAATTACTGGGCGTAAAGCGCACGCAGGCGGTTTGTTAAGCTAGATGTGAAAGCCCCGGGCTCAACCTGGGATGGTCATTTAGAACTGGCAGACTAGAGTCTTGGAGAGGGGAGTGGAATTCCAGGTGTAGCGGTGAAATGCGTAGATATCTGGAGGAACATCAGTGGCGAAGGCGACTCCCTGGCCAAAGACTGACGCTCATGTGCGAAAGTGTGGGTAGCGAACAGG,-22.1228678945537,Bacteria,Proteobacteria,Gammaproteobacteria,Alteromonadales,Alteromonadaceae,Alteromonas,NA
TACGAAGGGAACTAGCGTTGTTCGGATTTACTGGGCGTAAAGAGCATGTAGGCGGATTGGTCAGTTGGGGGTGAAAGCCCGGAGCTCAACTCCGGAACGGCCTTCAATACTGCCAGTCTAGAGTCTGTAAGGGGGTGGTGGAATTCCGAGTGTAGAGGTGAAATTCGTAGATATTCGGAGGAACACCAGTGGCGAAGGCGACCACCTGGTACAGTACTGACGCTGAGATGCGAAAGCGTGGGGAGCAAACAGG,-26.0094823185208,Bacteria,Proteobacteria,Alphaproteobacteria,Rhodospirillales,Terasakiellaceae,Terasakiella,brassicae
TACGGAGGGGGTTAGCGTTGTTCGGAATTACTGGGCGTAAAGCGCACGTAGGCGGACCAGTCAGTCAGAGGTGAAATCCCGGGGCTCAACCCCGGAACTGCCTTTGATACTGCTGGTCTTGAGTTCGAGAGAGGTGAGTGGAATTCCGAGTGTAGAGGTGAAATTCGTAGATATTCGGAGGAACACCAGTGGCGAAGGCGGCTCACTGGCTCGATACTGACGCTGAGGTGCGAAAGCGTGGGGAGCAAACAGG,30,Bacteria,Proteobacteria,Alphaproteobacteria,Rhodobacterales,Rhodobacteraceae,NA,NA
TACGAAGGGGGCTAGCGTTGCTCGGAATTACTGGGCGTAAAGGGCGCGTAGGCGGATCGTTAAGTCAGAGGTGAAATCCCAGGGCTCAACCCTGGAACTGCCTTTGATACTGGCGATCTTGAGTGTGAGAGAGGTATGTGGAACTCCGAGTGTAGAGGTGAAATTCGTAGATATTCGGAAGAACACCAGTGGCGAAGGCGACATACTGGCTCATTACTGACGCTGAGGCGCGAAAGCGTGGGGAGCAAACAGG,-23.4781153626828,Bacteria,Proteobacteria,Alphaproteobacteria,Caulobacterales,Caulobacteraceae,Brevundimonas,faecalis
TACGGAGGGTGCAAGCGTTAATCGGAATTACTGGGCGTAAAGCGCGCGTAGGCGGCTTGTTAAGCCAGATGTGAAAGCCCCGGGCTTAACCTGGGAACTGCATTTGGAACTGGCAGGCTAGAGTACAGAAGAGGGTGGTAGAATTTCCTGTGTAGCGGTGAAATGCGTAGATATAGGAAGGAATACCAGTGGCGAAGGCGGCCACCTGGTCTGATACTGACGCTGAGGTGCGAAAGCGTGGGGAGCAAACAGG,-23.0130815916569,Bacteria,Proteobacteria,Gammaproteobacteria,Oceanospirillales,Oceanospirillaceae,Oceanospirillum,NA
TACGGGGGATGCAAGCGTTATCCGGAATGATTGGGCGTAAAGCGTCTGTAGGTGGCTTCACAAGTCAACTGTCAAAAATCAGGGCTTAACCTTGAGCCGGCAGTTGAAACTATGGAGCTTGAGTTAGGTAGGGGCAGAGGGAATTCCTAGTGTAGCGGTGAAATGCGTAGATATTAGGAAGAACACCGATCGCGAAAGCACTCTGCTGGGCTATGACTGACACTGAGAGACGAAAGCTAAGGGAGCAAATGGG,-24.2277383631092,Bacteria,Cyanobacteria,Cyanobacteriia,Chloroplast,NA,NA,NA
TACGGAGGGTGCAAGCGTTAATCGGAATTACTGGGCGTAAAGCGCGCGTAGGCGGCTTTGTAAGTCGGATGTGAAAGCCCCGGGCTTAACCTGGGAATTGCATTCGATACTGCGGAGCTAGAGTATGGTAGAGGGAAGTGGAATTCCGGGTGTAGCGGTGAAATGCGTAGATATCCGGAGGAACACCAGTGGCGAAGGCGACTTCCTGGGCCAATACTGACGCTGAGGTGCGAAAGCGTGGGGAGCAAACAGG,-25.2598184199304,Bacteria,Proteobacteria,Gammaproteobacteria,Steroidobacterales,Woeseiaceae,Woeseia,NA
TACGTATGTCGCAAGCGTTATCCGGAATTATTGGGCGTAAAGCGCGTCTAGGCGGCCTTTTAAGTCTGATGTGAAAATGCGGGGCTCAACTCCGTATTGCGTTGGAAACTGGAAGGCTAGAGTATCAGAGAGGTGGGCGGAACTACAAGTGTAGAGGTGAAATTCGTAGATATTTGTAGGAATGCCGATTGGGAAGCCAGCTCACTGGATGAATACTGACGCTGAAGCGCGAAAGCGTGGGGAGCAAACGGG,-24.760317878281,Bacteria,Fusobacteriota,Fusobacteriia,Fusobacteriales,Fusobacteriaceae,Propionigenium,maris
TACGGAGGGTGCAAGCGTTAATCGGAATTACTGGGCGTAAAGCGTGCGTAGGCGGCTACTTAAGTGGGATGTGAAAGCCCCGGGCTCAACCTGGGAACTGCACCCCAAACTGGGTAGCTAGAGTACGAGAGAGGAGTGTGGAATTTCCTGTGTAGCGGTGAAATGCGTAGATATAGGAAGGAACACCAGTGGCGAAGGCGACACTCTGGCTTGATACTGACGCTGAGGTACGAAAGCGTGGGGAGCAAACAGG,-22.3805134533292,Bacteria,Proteobacteria,Gammaproteobacteria,Oceanospirillales,Endozoicomonadaceae,Endozoicomonas,NA
GACAGGAGGAGCAAGTGTTATTCAGAATTATTGGGCGTAAAGGGCATGTAGGTGGATGTTTGGAGTTGATTGTGCCATTCCAATTGTTAACATTGGGTTTGCAATCAATACTCTTCATCTTGAGGTCAATAGAGGAAAATAGAATTTCTAGTGGAGAGGTTAAATTCTTAGAGATTAGAAGGAATATCGAAAGCGAAGGCAATTTTCTGGGTTGAACCTGACACTGAGATGCGAAAGCGTGGGGAGCAAACAGG,-19.6376609532015,Bacteria,Proteobacteria,Alphaproteobacteria,Rickettsiales,Mitochondria,NA,NA
TTCCAGCTCCAATAGCGTATACTAATGTTGTTGCAGTTAAAAAGCTCGTAGTTGAAATTATATCTCATCAGAGATCAACCTTTTGGTGATTATTGTGAATAAATTAGAGTGTTTCAGGCAGACTACGTTTGAATACATAAGCATGGAATAATAAAATATGAATTTTTAATTTTGGTTTTAAATTTTAATGATTAATAGAAGCAATTGGGGGCATTCGTATTTAATAGTCAGAGGTAAAATTCTTGGATTTATTAAAGACGAACTAAAGCGAAAGCATTTGTCAAAGATGTTTTCATTAATCAAGAACGAAAGTTAGGGGATCAAAGACG,28.0420525023718,Eukaryota,NA,NA,NA,NA,NA,NA
TACGGAGGGTGCAAGCGTTAATCGGAATTACTGGGCGTAAAGCGCGCGTAGGCGGCTGGGTAAGTCAGATGTGAAAGCCCCGGGCTCAACCTGGGAATTGCATTTGATACTGCCTGGCTAGAGTCTGTCAGAGGGTGGCGGAATTCCGGGTGTAGCGGTGAAATGCGTAGATATCCGGAGGAACACCAGTGGCGAAGGCGGCCACCTGGGACGAGACTGACGCTGAGGTGCGAAAGCGTGGGGAGCAAACAGG,-26.7994188645964,Bacteria,Proteobacteria,Gammaproteobacteria,NA,NA,NA,NA
TACGGGGGGGGCAAGCGTTGTTCGGATTCATTGGGCGTAAAGAGTATGTAGGCTGCTTATCAAGTTAGGAGTGAAATCCCAGATCTTAAGTCTGGAACTGCTCCTAAAACTGTTAGGCTAGAGTTGAAGAGAGGATAGTAGAATTCCTAGTGTAGAGGTGAAATTCGTAGATATTAGGAGGAATGCCAGAGGCGAAGGCGACTGTCTGGATTCATACTGACGCTGAGATACGAAAGTGTGGGGAGCAAACAGG,27.7066257207928,Bacteria,Proteobacteria,Alphaproteobacteria,Rickettsiales,NA,NA,NA
TACGAAGGGACCTAGCGTAGTTCGGAATTACTGGGCTTAAAGAGTTCGTAGGTGGTTGAAAAAGTTAGTGGTGAAATCCCAGAGCTTAACTCTGGAACTGCCATTAAAACTTTTCAGCTAGAGTATGATAGAGGAAAGCAGAATTTCTAGTGTAGAGGTGAAATTCGTAGATATTAGAAAGAATACCAATTGCGAAGGCAGCTTTCTGGATCATTACTGACACTGAGGAACGAAAGCATGGGTAGCGAAGAGG,-21.7119998608666,Bacteria,Proteobacteria,Alphaproteobacteria,SAR11 clade,Clade I,Clade Ia,NA
TACGAAAGGTGCAAACGTTGTTCGGAATCACTGGGCGTAAAGCGCACGTAGGCGGGTTTTTAAGTCGATTGTGAAATCCCAGGGCTTAACCTTGGAACTGCAGTCGAAACTGGAAGTCTTGAATATCTGAGAGGTTGGGGGAATTCCTGGTGGAGAAGTGAAATTCGTAGATATCAGGAGGAACACCGGAGGCGAAGGCGCCTGACTGGCAGAATATTGACGCTGATGTGCGAAAGCGTGGGGAGCAAACAGG,-26.1987022073838,Bacteria,Bdellovibrionota,Oligoflexia,Oligoflexales,NA,NA,NA
GACGAAGGGCGCGAGCATTACTCGGTTTTAATAGGCTTAAAGAGAGCGTAGATGATCTCATAAGCAAGGTGTAAGAAAACGTCATAAGCGGAATATAGCATCTTGAACTGTGAGATTAGAGATAAATGGAGGTAAACGGAATTACTAGTGTAGAGGTGGAATTCGTGGATACTAGTAGGAACATCGGGGGCGAAGGCGGTTTACCATTTTTATCTGACATTGAGGCTCGAAAGCGTGGGGAGCAAATGGG,-23.4154444018181,Bacteria,Proteobacteria,NA,NA,NA,NA,NA
TACGTAGGGGCCAAACGTTGTCCGGAATTATTGGGCGTAAAGGGCTCGTAGGCGGTTCAACAAGTCGGTCGTGAAAGCCCGGGGCTCAACTCCGGGATGCCGGTCGAAACTGTTGTGACTTGAGTTCGGTAGAGGTGAGTGGAATTCTCAGTGTAGCGGTGGAATGCGCAGATATTGAGAGGAACACCATTAGCGAAGGCGGCTCACTGGGCCGATACTGACGCTGAGGAGCGAAAGCGTGGGGAGCAAACAGG,-22.9775032042154,Bacteria,Actinobacteriota,Acidimicrobiia,Actinomarinales,NA,NA,NA
TACGGGGGGAGCAAGCGTTACTCGGAATCACTGGGCGTAAAGAGCATGTAGGCTGGTAGAAAAGTTGGAAGTGAAATCCTGTGGCTTAACCATAGAACTGCTTCCAAAACTCTCTACCTAGAATATGGGAGAGGTAGATGGAATTTCTGGTGTAGGGGTAAAATCCGTAGAGATCAGAAGGAATACCGATTGCGAAGGCGATCTACTGGAACATTATTGACGCTGAGATGCGAAAGCGTGGGGAGCAAACAGG,-24.5948321036385,Bacteria,Campilobacterota,Campylobacteria,Campylobacterales,Arcobacteraceae,NA,NA
TACAGAGGGTGCGAGCGTTAATCGGAATTACTGGGCGTAAAGCGCGCGTAGGCGGTTTGTTAAGTCGGATGTGAAATCCCAGGGCTCAACCTTGGAATTGCACCCGATACTGGCAGGCTAGAGTACGGTAGAGGGGTGTGGAATTTCCTGTGTAGCGGTGAAATGCGTAGATATAGGAAGGAACATCAGTGGCGAAGGCGACACCCTGGACCGATACTGACGCTGAGGTGCGAAAGCGTGGGGAGCAAACAGG,28.5011219443733,Bacteria,Proteobacteria,Gammaproteobacteria,Oceanospirillales,Marinomonadaceae,Marinomonas,aquimarina
GACGAACCGTACGAACGTTATTCGGAATTACTGGGCTTAAAGGGTGCGTAGGCTGCGCGGAAAGTTGGGTGTGAAAGCCCTCAGCTCAACTGAGGAATTGCATCCAAAACTACCGTGCTCGAGGGAGACAGAGGTGAGCGGAACTCAAGGTGGAGCGGTGAAATGCGTTGATATCTTGAGGAACACCGGTGGCGAAAGCGGCTCACTGGGTCTCTTCTGACGCTGAGGCACGAAAGCTAAGGTAGCAAACGGG,-21.2000663846967,Bacteria,Planctomycetota,Planctomycetes,Pirellulales,Pirellulaceae,NA,NA
TACGGAGGGTGCAAACGTTGCTCGGAATCATTGGGCGTAAAGCGCGCGTAGGCGGTTGGATAAGTTGGATGTGAAAGCCCTGGGCTCAACCTAGGAAGTGCATCCAAAACTGTCCGACTTGAGTCTCGGAGGGGGTCAGAGAATTCCCGGTGTAGAGGTGAAATTCGTAGATATCGGGAGGAATACCAGTGGCGAAGGCGCTGGCCTGGACGAAAACTGACGCTGAGGCGCGAAAGCATGGGGAGCAAACAGG,-23.9309577687317,Bacteria,Myxococcota,Polyangia,Nannocystales,Nannocystaceae,NA,NA
TACGGAGGGTGCGAGCGTTGTTCGGAATCACTGGGCGTAAAGGGCGCGCAGGCGGTTTGTTTAGTCAGATGTGAAAGCCCACGGCTTAACCGTGGAAGTGCATTTGAAACTGGCAGACTTGAGTACCAGAGGGGAAGGTGGAATTCCCGGTGTAGAGGTGAAATTCGTAGATATCGGGAGGAATACCGGTGGCGAAGGCGACTTTCTGGCTGGATACTGACGCTGAGGCGCGAAAGCGTGGGGAGCAAACAGG,-24.2000734107793,Bacteria,Desulfobacterota,Desulfobulbia,Desulfobulbales,Desulfobulbaceae,NA,NA
TACGTAGGGTGCGAGCGTTAATCGGAATTACTGGGCGTAAAGCGTGCGCAGGCGGCTCTTTAAGACAGGTGTGAAATCCCCGGGCTTAACCTGGGAATTGCGCTTGTGACTGGGGAGCTCGAGTGCGGCAGAGGGGGATGGAATTCCTGGTGTAGCAGTGAAATGCGTAGATATCAGGAGGAACACCGATGGCGAAGGCAGTCCCCTGGGTCGACACTGACGCTCATGCACGAAAGCGTGGGGAGCAAACAGG,-25.6746321089231,Bacteria,Proteobacteria,Gammaproteobacteria,Burkholderiales,Nitrosomonadaceae,oc32,NA
TACGGAGGGTGCGAGCGTTAATCGGAATTACTGGGCGTAAAGCGCATGCAGGCGGCTTGTTAAGCCAGATGTGAAAGCCCGGGGCTCAACCTCGGAATAGCATTTGGAACTGGCAGGCTAGAGTCTTGTAGAGGGGGGTAGAATTTCAGGTGTAGCGGTGAAATGCGTAGAGATCTGAAGGAATACCGGTGGCGAAGGCGGCCCCCTGGACAAAGACTGACGCTCAGATGCGAAAGCGTGGGGAGCAAACAGG,-26.0150616008532,Bacteria,Proteobacteria,Gammaproteobacteria,Vibrionales,Vibrionaceae,Photobacterium,NA
TACGGAGGGAGCTAGCGTTGTTCGGAATTACTGGGCGTAAAGCGCGCGTAGGCGGCTTTTCAAGTCAGGGGTGAAATCCCGGGGCTCAACCCCGGAACTGCCCTTGAAACTGGATGGCTAGAATACTGGAGAGGTGAGTGGAATTCCGAGTGTAGAGGTGAAATTCGTAGATATTCGGAAGAACACCAGTGGCGAAGGCGACTCACTGGACAGTTATTGACGCTGAGGTGCGAAAGCGTGGGGAGCAAACAGG,-22.0174435108878,Bacteria,Proteobacteria,Alphaproteobacteria,Sphingomonadales,Sphingomonadaceae,Erythrobacter,NA
TACGGAGGGGGCAAGCGTTGTTCGGAGTCACTGGGCGTAAAGAGCTCGTAGGTGGCATTGTAAGTCGGGAGTTAAAGGCACCAGCTCAACTGGTGTAAGGCTTCCGAAACTATGATGCTAGAGTGCCGGAGAGGTATGCGGAATTCCCTGTGTAGCGGTGGAATGCGTAGATATAGGGAGGAACACCAGTAGCGAAGGCGGCATACTGGCCGGTAACTGACACTGAGGAGCGAAAGCGTGGGTAGCAAACAGG,-23.9820542887338,Bacteria,Deferribacterota,Deferribacteres,Deferribacterales,Deferribacteraceae,Geovibrio,NA
TACGGAGGGTGCAAGCGTTAATCGGAATTACTGGGCGTAAAGCGCGCGTAGGCGGTTTGGTCAGTCAGATGTGAAAGCCCTGGGCTCAACCTGGGAACTGCATTTGATACTGCTGAACTAGAGTGTGGTAGAGGGAAGTGGAATTCCGGGTGTAGCGGTGAAATGCGTAGAGATCCGGAGGAACATCAGTGGCGAAGGCGGCTTCCTGGACCAACACTGACGCTGAGGTGCGAAAGCGTGGGTAGCAAACAGG,-22.4071725497478,Bacteria,Proteobacteria,Gammaproteobacteria,Chromatiales,Sedimenticolaceae,Sedimenticola,NA
TACGGGAGGGGCTAGCGTTATCCGAAATAACTGGGCGTAAAGGGTTCGTAGACTGTATTGTAAATTATTTGATAAATATTAAAGCTTAACTTTAATAAAAACATTTAATATTGCTTTACTTTTGAGTTTTAAACGGAAGAGTAGAATTCTATAAGAAGAAATAAAATCCGTAGATATGTAGAGGAATATCAATAGCGAAAGCGACTCTTTAGTAAAAACTGACGTTGAGGGACAAAAGTGTAGGGAGCAAACAGG,-24.0675262797709,Bacteria,Proteobacteria,Alphaproteobacteria,Rickettsiales,Mitochondria,NA,NA
TACGGAGGGTGCAAGCGTTAATCGGAATTACTGGGCGTAAAGGGCGCGTAGGCGGCTTGCCAAGCCGGATGTGAAAGCCCCGGGCTCAACCCGGGAACGGCATTCGGAACTGGCAGGCTAGAGTGCAGGAGAGGAAGGTGGAATTCCCGGTGTAGCGGTGAAATGCGTAGAGATCGGGAGGAATACCAGTGGCGAAGGCGGCCTTCTGGACTGACACTGACGCTGAGGCGCGAAAGCGTGGGTAGCAAACAGG,-23.8041156398617,Bacteria,Proteobacteria,Gammaproteobacteria,Oceanospirillales,Halomonadaceae,Kushneria,NA
TACGGAGGGTGCGAGCGTTAATCGGAATTACTGGGCGTAAAGCGCATGCAGGCGGTCTGTTAAGCAAGATGTGAAAGCCCGGGGCTCAACCTCGGAACAGCATTTTGAACTGGCAGACTAGAGTCTTGTAGAGGGGGGTAGAATTTCAGGTGTAGCGGTGAAATGCGTAGAGATCTGAAGGAATACCGGTGGCGAAGGCGGCCCCCTGGACAAAGACTGACGCTCAGATGCGAAAGCGTGGGGAGCAAACAGG,-25.6873355668202,Bacteria,Proteobacteria,Gammaproteobacteria,Vibrionales,Vibrionaceae,Photobacterium,NA
TACGGAGGGTCCGAGCGTTAATCGGAATTACTGGGCGTAAAGCGCGCGTAGGCGGTTATTTAAGTCAGATGTGAAAGCCCCGGGCTCAACCTGGGAACTGCACCTGATACTGGATAACTAGAGTACAGAAGAGGGTGGTGGAATTTCCTGTGTAGCGGTGAAATGCGTAGATATAGGAAGGAACACCAGTGGCGAAGGCGACCACCTGGTCTGATACTGACGCTGAGGTGCGAAAGCGTGGGGAGCAAACAGG,-21.2350436651899,Bacteria,Proteobacteria,Gammaproteobacteria,Oceanospirillales,Nitrincolaceae,Amphritea,spongicola
TACGGAGGGTGCAAGCGTTGTCCGGATTTATTGGGTTTAAAGGGTGCGTAGGCGGATTATTAAGTCAGTGGTGAAAGTTTGCGGCTCAACCGTAAAAGTGCCATTGATACTGGTAGTCTTGAGTACAGTAGAGGTAGGCGGAATTTATGGTGTAGCGGTGAAATGCATAGATACCATAAAGAACACCGATAGCGAAGGCAGCTTACTATACTGAGACTGACGCTGAGGCACGAAAGCGTGGGGAGCGAACAGG,-23.5451861862319,Bacteria,Bacteroidota,Bacteroidia,Cytophagales,Cyclobacteriaceae,NA,NA
TACAGAGGGTGCGAGCGTTAATCGGAATTACTGGGCGTAAAGCGCGCGTAGGCGGCTTGGTCAGTCGGATGTGAAAGCCCCGGGCTTAACCTGGGAATTGCATTCGATACTGCCTGGCTAGAATGTAGTAGAGGGAAGTGGAATTCCGGGTGTAGCGGTGAAATGCGTAGATATCCGGAGGAACATCAGTGGCGAAGGCGACTTCCTGGACTAACATTGACGCTGAGGTGCGAAAGCGTGGGGAGCAAACAGG,-23.475067942669,Bacteria,Proteobacteria,Gammaproteobacteria,B2M28,NA,NA,NA
TACGTATGGTGCAAGCGTTATCCGGAATCACTGGGCGTAAAGGGTACGTAGGCGGTCATGCAAGTCAGAAGTGAAAGGCTAGGGCTCAACCTTAGTAAGCTTTTGAAACTGCAGGGCTAGAGTTCAGGAGAGGTAAGTGGAATTCCTAGTGTAGAGGTGAAATTCGTAGATATTAGGAGGAACACCAGTGGCGAAGGCGACTTACTGGACTGATACTGACGCTGAGGTACGAAAGCGTGGGGAGCGAACAGG,-22.0468107745589,Bacteria,Firmicutes,Clostridia,Peptostreptococcales-Tissierellales,Fusibacteraceae,Fusibacter,NA
TACGGAGGGGGCAAGCGTTATTCGGAATTACTGGGCGTAAAGGGCGCGTAGGCGGCCAGGTCAGTGAGAAGTGAAAGCCCACGGCTCAACCGTGGAACTGCTTCTCATACTGCCAGGCTAGAGAGTGGGAGAGGAAAGTGGAATACCCGGTGTAGCGGTGAAATGCGTAGAGATCGGGTGGAACACCAGTGGCGAAGGCGACTTTCTGGACCACAACTGACGCTGAGGCGCGAAAGCGTGGGGAGCAAACAGG,-24.8404779032932,Bacteria,Acidobacteriota,Holophagae,Acanthopleuribacterales,Acanthopleuribacteraceae,Acanthopleuribacter,NA
CACGAACTGCGCGAACGTTATTCGGAATCACTGGGCTTAAAGAGTTCGTAGGCGGCTTGGTCAGTCAGATGTGAAATCCCACAGCCCAACTGTGGAACTGCGTTTGATACTGCCAAGCTTGAGGGAGTTAGAGGAAAGCGGAACTGATGGTGGAGCGGTGAAATGCGTTGATATCATCAGGAACACCGGTGGCGAAAGCGGCTTTCTGGAGCTCTTCTGACGCTGAGGAACGAAAGCTAGGGGAGCGAACGGG,-22.8641460925219,Bacteria,Planctomycetota,Planctomycetes,Pirellulales,Pirellulaceae,Blastopirellula,NA
GACGAACCGTACGAACGTTATTCGGAATTACTGGGCTTAAAGGGTGCGTAGGCTGCACGGAAAGTTGGGTGTGAAAGCCCTCAGCTCAACTGAGGAATTGCATCCAAAACTGCCGTGCTTGAGGGAGACAGAGGTGAGCGGAACTCAAGGTGGAGCGGTGAAATGCGTTGATATCTTGAGGAACACCGGTGGCGAAAGCGGCTCACTGGGTCTCTTCTGACGCTGAGGCACGAAAGCTAAGGTAGCAAACGGG,-21.5904286968251,Bacteria,Planctomycetota,Planctomycetes,Pirellulales,Pirellulaceae,NA,NA
TACGGAGGGTGCAAGCGTTAATCGGAATTACTGGGCGTAAAGCGTACGTAGGCTGTTATTTAAGTCAGATGTGAAAGCCCCGGGCTTAACCTGGGAACTGCATTTGATACTGGATAACTAGAGTCTGGTAGAGGGTAGTGGAATTCCACGTGTAGCGGTGAAATGCGTAGATATGTGGAGGAACATCAGTGGCGAAGGCGACTGCCTGGACCAAGACTGACGCTGAGGTACGAAAGCGTGGGGAGCAAACAGG,-22.2439467832709,Bacteria,Proteobacteria,Gammaproteobacteria,Milano-WF1B-44,NA,NA,NA
TACGGAGGGTGCAAACGTTGTTCGGAATTATTGGGCGTAAAGAGCATGTAGGCGGTTGTTTAAGTCTGATGTGAAAGCCCTGGGCTCAACCCAGGAAGTGCATTGGATACTGGATAACTTGAGTACGGGAGAGGAAAGTGGAATTTCGAGTGTAGGGGTGAAATCCGTAGATATTCGAAGGAACACCAGTGGCGAAGGCGGCTTTCTGGACCGATACTGACGCTGAGATGCGAAAGCGTGGGGAGCAAACAGG,-24.795313988846,Bacteria,Desulfobacterota,Desulfuromonadia,Sva1033,NA,NA,NA
TACGGAGGGTGCAAGCGTTAATCGGAATTACTGGGCGTAAAGCGCGCGTAGGTGGTTCAGTCAGTCAGATGTGAAAGCCCCGGGCTCAACCTGGGAACTGCACCTGATACTGCTGAACTAGAGTACGGTAGAGGGCAGTGGAATTTCCTGTGTAGCGGTGAAATGCGTAGATATAGGAAGGAACACCAGTGGCGAAGGCGACTGCCTGGACTGATACTGACACTGAGGTGCGAAAGCGTGGGGAGCAAACAGG,-24.0837155019273,Bacteria,Proteobacteria,Gammaproteobacteria,Oceanospirillales,Nitrincolaceae,Marinobacterium,NA
TACGGGGGGTGCAAGCGTTACTCGGAATCACTGGGCGTAAAGAGCGTGTAGGCGGGTTTGTAAGTTGGAAGTGAAATCCTATGGCTCAACCATAGAACTGCTTCCAAAACTGCTTACCTAGAATATGGGAGAGGTAGATGGAATTTCTGGTGTAGGGGTAAAATCCGTAGAGATCAGAAGGAATACCGATTGCGAAGGCGATCTACTGGAACATTATTGACGCTGAGACGCGAAAGCGTGGGGAGCAAACAGG,-21.5226228264174,Bacteria,Campilobacterota,Campylobacteria,Campylobacterales,Arcobacteraceae,NA,NA
GACGGAGGATGCAAGTGTTATCCGGAATCACTGGGCGTAAAGCGTCTGTAGGTGGTTAAGTAAGTCAACTGTTAAATCTTGAAGCTCAACTTCAAAATCGCAGTCGAAACTATTTGACTAGAGTATAGTAGGGGTAAAGGGAATTTCCAGTGGAGCGGTGAAATGCGTAGATATTGGAAAGAACACCGATGGCGAAGGCACTTTACTGGGCTATTACTGACACTCAGAGACGAAAGCTAGGGTAGCAAATGGG,26.0356048795316,Bacteria,Cyanobacteria,Cyanobacteriia,Chloroplast,NA,NA,NA
GACGGAGGATGCAAGTGTTATCCGGAATCACTGGGCGTAAAGCGTCTGTAGGTGGCTTAGCAAGTCAACTGTTAAATCTTGAAGCTCAACTTCGAAATCGCAGTCGAAACTGTTAGGCTAGAGTATAGTAGGGGTAAAGGGAATTTCCAGTGGAGCGGTGAAATGCGTAGAGATTGGAAAGAACACCGATGGCGAAGGCACTTTACTGGGCTATTACTGACACTCAGAGACGAAAGCTAGGGTAGCAAATGGG,-24.986945292393,Bacteria,Cyanobacteria,Cyanobacteriia,Chloroplast,NA,NA,NA
TACGGAGGGTGCAAGCGTTAATCGGAATTACTGGGCGTAAAGCGCGCGTAGGCGGCTTGGTAAGTCGGATGTGAAAGCCCAGGGCTTAACCCTGGAATTGCATTCGATACTGCCTGGCTAGAGTATGGTAGAGGGAAGTGGAATTTCCGGTGTAGCGGTGAAATGCGTAGATATCGGAAGGAACACCAGTGGCGAAGGCGACTTCCTGGGCCAATACTGACGCTGAGGTGCGAAAGCGTGGGGAGCAAACAGG,-24.5406631583471,Bacteria,Proteobacteria,Gammaproteobacteria,Steroidobacterales,Woeseiaceae,Woeseia,NA
TACGGAGGGTGCGAGCGTTAATCGGAATTACTGGGCGTAAAGCGTGCGTAGGCGGTTTCTTAAGCGAGATGTGAAATCCCGGGGCTTAACCTCGGAACTGCATTTCGAACTGGGTGACTAGAGTACTGTAGAGGGTGGTGGAATTTCCAGTGTAGCGGTGAAATGCGTAGAGATTGGAAGGAACATCAGTGGCGAAGGCGGCCACCTGGACAGATACTGACGCTGAGGCACGAAAGCGTGGGGAGCAAACAGG,-23.1249807192069,Bacteria,Proteobacteria,Gammaproteobacteria,Alteromonadales,Colwelliaceae,Thalassotalea,ganghwensis
CACGTAGGACCCGAGCGTTATCCGGATTTACTGGGCGTAAAGCGCGTGCAGGTGGTTTAGTAAGTTAGATGTTAAAGCTCCGGGCTTAACCCGGAGAGGTCGTTTAAAACTGCTAGACTTGAGGACGGTAGAGGAAGGTAGAATTCCGTGTGTAGTGGTGAAATGCGTAGATATACGGAGGAATACCAGTGGCGAAGGCGGCCTTCTGGCCCGCTCCTGACACTCAGACGCGAAAGCTAGGGTAGCGAACGGG,26.3727915788482,Bacteria,Chloroflexi,Anaerolineae,Anaerolineales,Anaerolineaceae,NA,NA
TACAGAGGGTGCGAGCGTTAATCGGAATTACTGGGCGTAAAGCGCGCGTAGGCGGCTTGGTCAGTCGGATGTGAAAGCCCCGGGCTTAACCTGGGAATTGCATTCGATACTGCCAGGCTGGAGTGTAGTAGAGGGAAGCGGAATTCCGGGTGTAGCGGTGAAATGCGTAGAGATCCGGAGGAACATCAGTGGCGAAGGCGGCTTCCTGGACTAACACTGACGCTGAGGTGCGAAAGCGTGGGGAGCAAACAGG,-21.2333443189871,Bacteria,Proteobacteria,Gammaproteobacteria,B2M28,NA,NA,NA
TACGGAGGGTGCGAGCGTTAATCGGAATTACTGGGCGTAAAGCGCGCGTAGGCGGCTCTGTAAGTCGGATGTGAAAGCCCTGGGCTTAACCTGGGAATTGCATTCGATACTGCAGAGCTAGAGTATGGTAGAGGGAAGTGGAATTTCCGGTGTAGCGGTGAAATGCGTAGATATCGGAAGGAACACCAGTGGCGAAGGCGACTTCCTGGGCCAATACTGACGCTGAGGTGCGAAAGCGTGGGGAGCAAACAGG,-24.7091880136261,Bacteria,Proteobacteria,Gammaproteobacteria,Steroidobacterales,Woeseiaceae,Woeseia,NA
TACGGAGGGGGTTAGCGTTGTTCGGAATTACTGGGCGTAAAGCGCGCGTAGGCGGATTAGAAAGTTGGGGGTGAAATCCCGGGGCTCAACCCCGGAACTGCCTCCAAAACTGCTAGTCTAGAGTTCGAGAGAGGTGAGTGGAATTCCGAGTGTAGAGGTGAAATTCGTAGATATTCGGAGGAACACCAGTGGCGAAGGCGGCTCACTGGCTCGATACTGACGCTGAGGTGCGAAAGTGTGGGGAGCAAACAGG,-22.2108595376547,Bacteria,Proteobacteria,Alphaproteobacteria,Rhodobacterales,Rhodobacteraceae,HIMB11,NA
TACGGAGGATCCGAGCGTTATCCGGATTTATTGGGTTTAAAGGGTGCGTAGGTGGGAGTATAAGTCAGTTGTGAAAGTTTACGGCTCAACCGTGAAATTGCAATTGAAACTGTATTTCTTGAGTGTACATGAGGTAGGCGGAATTCGTGGTGTAGCGGTGAAATGCTTAGATATCACGAAGAACTCCAATTGCGAAGGCAGCTTACTAAGGTACAACTGACACTGAGGCACGAAAGTGTGGGTATCAAACAGG,-22.8951960085818,Bacteria,Bacteroidota,Bacteroidia,Bacteroidales,Bacteroidaceae,Bacteroides,NA
TACGGGGGGTGCAAGCGTTATTCGGAATTATTGGGCGTAAAGGGCGCGTAGGCGGTCTCTAAAGTCAGATGTGAAAGCCCGGGGCTTAACCCCGGAAGTGCATTTGAAACTTAGGGACTTGAGTATGGGAGAGGGAAGTGGAATTCCTGGTGTAGCGGTGAAATGCGTAGATATCAGGAGGAACACCAGTGGCGAAGGCGACTTCCTGGACCAATACTGACGCTGAGGCGCGAAGGCGTGGGGAGCAAACAGG,26.1247187524192,Bacteria,Desulfobacterota,Desulfobacteria,Desulfobacterales,Desulfosarcinaceae,NA,NA
TACGGAGGGTGCAAGCGTTAATCGGAATTACTGGGCGTAAAGCGCGCGTAGGCGGATTGTTAAGTCTCATGTGAAAGCCCTGGGCTCAACCTGGGAACTGCATGGGATACTGGCAATCTAGAATACAGTAGAGGGTAGTGGAATTTCAGGTGTAGCGGTGAAATGCGTAGAGATCTGAAGGAACATCAGTGGCGAAGGCGACTACCTGGACTGATATTGACGCTGAGGTGCGAAAGCGTGGGGAGCAAACGGG,-22.2682296992588,Bacteria,Proteobacteria,Gammaproteobacteria,Oceanospirillales,Kangiellaceae,Aliikangiella,NA
TACGGAGGGTGCAAGCGTTGTTCGGAATTATTGGGCGTAAAGAGCGTGTAGGCGGCTTGGTAAGTCAGATGTGAAAGCCCTGGGCTCAACCCAGGAAGTGCATTTGAAACTACCAGACTTGAGTACGGGAGAGGAGGGGGGAATTCCCGGTGTAGAGGTGAAATTCGTAGATATCGGGAGGAATACCGGTGGCGAAGGCGCCCCTCTGGACCGATACTGACGCTGAGACGCGAAAGCGTGGGGAGCAAACAGG,-24.6729435379137,Bacteria,Desulfobacterota,Syntrophobacteria,Syntrophobacterales,NA,NA,NA
TACGGAGGGTGCGAGCGTTAATCGGAATTACTGGGCGTAAAGCGCGCGTAGGCGGTTTGTTAAGTCAGCTGTGAAAGCCCTGGGCTCAACCTGGGAACTGCAGTTGATACTGGCCGACTAGAGTACGAGAGAGGGAGGTAGAATTCCACGTGTAGCGGTGAAATGCGTAGATATGTGGAGGAATACCGGTGGCGAAGGCGGCCTCCTGGCTCGATACTGACGCTGAGGTGCGAAAGCGTGGGGAGCAAACAGG,-21.7648152999855,Bacteria,Proteobacteria,Gammaproteobacteria,Cellvibrionales,Halieaceae,Halioglobus,NA
TACGTATGTGGCAAGCGTTACTCGGAATCACTGGGCGTAAAGCGTACGTAGGCGGACATATAAGTCAGAAGTGAAATTTCAGGGCTCAACCCTGAACCTGCTTTTGAAACTGTATGTCTTGAGTATCAGAGGGGTAGATGGAATTCTTGGTGTAGCGGTGGAATGCGTAGATATCAAGAAGAACACCAGAGGCGAAGGCGGTCTACTGGCTGAATACTGACGCTGATGTACGAAAGCGTGGGGAGCGAACAGG,-23.0036271672853,Bacteria,Fibrobacterota,Chitinivibrionia,Chitinivibrionales,Chitinivibrionaceae,possible genus 03,NA
GACGGAGGATGCAAGTGTTATCCGGAATCACTGGGCGTAAAGCGTCTGTAGGTGGTTTAATAAGTCAACTGTTAAATCTTGAAGCTCAACTTCAAAATCGCAGTCGAAACTATTAGACTAGAGTATAGTAGGGGTAAAGGGAATTTCCAGTGGAGCGGTGAAATGCGTAGAGATTGGAAAGAACACCGATGGCGAAGGCACTTTACTGGGCTATTACTGACACTCAGAGACGAAAGCTAGGGTAGCAAATGGG,-24.1129885803757,Bacteria,Cyanobacteria,Cyanobacteriia,Chloroplast,NA,NA,NA
TACGGAGGATCCGAGCGTTATCCGGAATCATTGGGTTTAAAGGGTCCGTAGGCGGGCAATTAAGTCAGTGGTGAAAGTCTTCCGCTCAACGGGAGAACTGCCATTGATACTGATTGTCTTGAGTTATTATGAAGTGGTTAGAATGAGTAGTGTAGCGGTGAAATGCATAGATATTACTCAGAATACCGATTGCGAAGGCAGATCACTAATAATACACTGACGCTGATGGACGAAAGCGTAGGTAGCGAACAGG,-28.4595091234407,Bacteria,Bacteroidota,Bacteroidia,Flavobacteriales,Flavobacteriaceae,Salegentibacter,NA
TACGGGGGGTGCGAGCGTTATTCGGATTTACTGGGCGTAAAGAGCGCGTAGGCGGTCTTTTAAGTCAGGTGTGAAAGCCCGGGGCTCAACCCCGGAAGTGCACTTGAAACTAAGAGACTTGAGTATGGGAGAGGGAAGTGGAATTCCTGGTGTAGCGGTGAAATGCGTAGATATCAGGAGGAACATCGGTGGCGAAGGCGACTTCCTGGACCAATACTGACGCTGAGGCGCGAAGGCGTGGGGAGCAAACAGG,-25.8380006804754,Bacteria,Desulfobacterota,Desulfobacteria,Desulfobacterales,Desulfosarcinaceae,Sva0081 sediment group,NA
TACGTAAGGAGCGAGCGTTGTTCGGAATTATTGGGCGTAAAGTGCGTGCAGGCTGTTTATTAAGTCTGATGTGAAAGTGCACAGCTTAACTGTGTTGTTGCGTTGGAAACTGGTAAACTAGAATTCGAGAGAGGAAATTGGAACTCCTGGTGTAGGGGTGAAATCTGTTGATATCAGGAAGAACACCTGAGGCGAAAGCGAATTTCTGGCTCTGAATTGACGCTGTAGCGCGAAAGCGTAGGGAGCAAACAGG,30,Bacteria,NA,NA,NA,NA,NA,NA
CACGTAGGCACCAAGCGTTATCCGGATTTATTGGGCGTAAAGAGCTCGTAGGCGGTTCAGTCAGTCGGGTGTGAAAACTTGAGGCTTAACCTCAAGAGGTCACTCGATACTACTGTGACTAGAGTGCGGTAGGGGAGCGGGGAATTCCTGGTGTAGCGGTGAAATGCGCAGATATCAGGAGGAACACCAGTGGCGAAGGCGCCGCTCTGGGCCGTAACTGACGCTGAGGAGCGAAAGCATGGGTAGCAAACAGG,-25.8888116025891,Bacteria,Actinobacteriota,Acidimicrobiia,Microtrichales,Ilumatobacteraceae,Ilumatobacter,nonamiensis
TACGTAGGAGGCGAGCGTTATCCGGATTTATTGGGCGTAAAGCGCGTGCAGGTGGTTTGGTAAGTTGGGTATGAAATCTCCTGGCTTAACTAGGAGAGGTTGCTCAAAACTACCAGACTAGAGGACGATAGAGGAAGGTGGAATTCCCGGTGTAGTAGTGAAATGCGTAGATATCGGGAGGAACACCAGTGGCGAAGGCGGCCTTCTGGGTCGTTCCTGACACTAAGACGCGAAAGCATGGGTAGCAAACGGG,27.8136830370095,Bacteria,Chloroflexi,Anaerolineae,Anaerolineales,Anaerolineaceae,NA,NA
TACGTAGGGTCCAAGCGTTGTCCGGATTTACTGGGTGTAAAGGGTGCGCAGGCGGATCTGTGCGTCTGGGGTTAAAGACTTCGGCTCAACCGAAGAAGTGCCTCGGATACGGCAGATCTTGAGTACGAGAGAGGATGGTAGAATTCCTGGTGTAGCGGTGAAATGCGTAGATATCAGGAGGAATACCGGTGGCGAAGGCGGCCATCTGGCTCGTTACTGACGCTCAGGCACGAAAGCGTGGGGAGCAAACAGG,29.8423731140503,Bacteria,Bacteroidota,Kapabacteria,Kapabacteriales,NA,NA,NA
TACGTAGGGGGCTAGCGTTATCCGGATTTATTGGGCATAAAGGGTATGTAGGTGGTATTTTAAGTCAGGTGTTAAATGCTGTGGCTCAACCATAGTACGCGCTTGAAACTGATTTACTAGAGGACAAGAGAGGAAAGCGGAACTCACGGTGTAGCGGTGAAATGCGTAGATATCGTGGGGAACACCAGTTGCGAAGGCGGCTTTCTGGCTTGATCCTGACACTGATGTACGAAAGCATGGGGAGCGAACGGG,-24.2401646981136,Bacteria,Margulisbacteria,NA,NA,NA,NA,NA
TACGGAGGATGCAAGCGTTATCCGGATTTATTGGGTTTAAAGGGTGCGCAGGCGGATAATTAAGTCAGTGGTGAAATCTTCCGGCTCAACTGGAAAACTGCCATTGATACTGATTATCTTGAGTGTGGTTGTGGTAGGCGGAATATAGCATGTAGCGGTGAAATGCTTAGATATGCTATAGAACACCGATCGCGAAGGCAGCTTACCAAGCCATTACTGACGCTCATGCACGAAAGCGTGGGGAGCAAACAGG,27.0872186041066,Bacteria,Bacteroidota,Bacteroidia,Sphingobacteriales,Lentimicrobiaceae,NA,NA
TACGGAGGGCGCAAGCGTTACTCGGAATCACTGGGCGTAAAGAGCGTGTAGGCGGATTAATAAGTTGGGAGTGAAATCCTATGGCTCAACCATAGAACTGCTTCCAAAACTGTTAATCTAGAATATGGGAGAGGTAGATGGAATTTCTGGTGTAGGGGTAAAATCCGTAGAGATCAGAAGGAATACCGATTGCGAAGGCGATCTACTGGAACATTATTGACGCTGAGACGCGAAAGCGTGGGGAGCAAACAGG,29.3559580419335,Bacteria,Campilobacterota,Campylobacteria,Campylobacterales,Arcobacteraceae,NA,NA
TACGGAGGGTGCAAGCGTTGTTCGGAATCATTGGGCGTAAAGAGCGTGTAGGCGGCTAGGAAAGTCAGATGTGAAAGCCCTGGGCTCAACCCAGGAAGTGCATTTGAAACTCTCTAACTTGAGTACGGGAGAGGAGGGGGGAATTCCCGGTGTAGAGGTGAAATTCGTAGATATCGGGAGGAATACCGGTGGCGAAGGCGCCCCTCTGGACCGATACTGACGCTGAGACGCGAAAGCGTGGGGAGCAAACAGG,-24.8435971293008,Bacteria,Desulfobacterota,Syntrophobacteria,Syntrophobacterales,NA,NA,NA
TACGGAGGGTGCAAGCGTTAATCGGAATTACTGGGCGTAAAGCGCGCGTAGGCGGCTTGGTCAGTCGGATGTGAAAGCCCAGGGCTTAACCCTGGAATTGCATTCGATACTGCCTGGCTAGAGTATGGTAGAGGGAAGTGGAATTTCCGGTGTAGCGGTGAAATGCGTAGATATCGGAAGGAACACCAGTGGCGAAGGCGACTTCCTGGGCCAATACTGACGCTGAGGTGCGAAAGCGTGGGGAGCAAACAGG,-21.5095457944892,Bacteria,Proteobacteria,Gammaproteobacteria,Steroidobacterales,Woeseiaceae,Woeseia,NA
TACGGAGGGGGTTAGCGTTGTTCGGAATTACTGGGCGTAAAGCGCACGTAGGCGGACTATTAAGTCGAGGGTGAAATCCCGGGGCTCAACCCCGGAACTGCCTTCGATACTGGTAGTCTTGAGTTCGAGAGAGGTGAGTGGAATTCCGAGTGTAGAGGTGAAATTCGTAGATATTCGGAGGAACACCAGTGGCGAAGGCGGCTCACTGGCTCGATACTGACGCTGAGGTGCGAAAGTGTGGGGAGCAAACAGG,27.2028993070424,Bacteria,Proteobacteria,Alphaproteobacteria,Rhodobacterales,Rhodobacteraceae,Pseudoruegeria,limi
GACAGAGGATGCAAGCGTTATCCGGATTAATTGGGCGTAAAGCGTCTGTAGGTGGTTTATCAAGTTTTTTGTCAAAGATCGGGGCTTAACTCCGGGCAGGCAGAGAAAACTAGTAGACTTGAGTTCGGTAGGGGCAGAGGGAATTCCCGGTGGAGCGGTGAAATGCGTAGAGATCGGGAGGAACACCAAAGGCGAAGGCACTCTGCTGGGCCGCAACTGACACTGAGAGACGAAAGCGAGGGTAGCAAATGGG,-22.9217999816274,Bacteria,Cyanobacteria,Cyanobacteriia,Chloroplast,NA,NA,NA
TACGTATGGTGCAAGCGTTATCCGGAATCACTGGGCGTAAAGGGTACGTAGGCGGTTTTGCAAGTCAGAAGTGAAAGGCTACGGCTCAACCGTAGTAAGCTTTTGAAACTGCAAGACTAGAGTTCAGGAGAGGTAAGTGGAATTCCTAGTGTAGAGGTGAAATTCGTAGATATTAGGAGGAACACCAGTGGCGAAGGCGACTTACTGGACTGATACTGACGCTGAGGTACGAAAGCGTGGGGAGCGAACAGG,27.7066257207928,Bacteria,Firmicutes,Clostridia,Peptostreptococcales-Tissierellales,Fusibacteraceae,Fusibacter,NA
TACGGAGGGTGCAAGCGTTAATCGGAATTACTGGGCGTAAAGCGCGCGTAGGCGGTTAGTTAAGCTGGATGTGAAAGCCCAGGGCTCAACCTTGGAACTGCATTCAGAACTGGCTAGCTAGAGTACGAGAGAGGGTAGTGGAATTTCCTGTGTAGCGGTGAAATGCGTAGATATAGGAAGGAACATCAGTGGCGAAGGCGACTGCCTGGCTCGATACTGACGCTGAGGTGCGAAAGCGTGGGGAGCAAACAGG,29.556993947667,Bacteria,Proteobacteria,Gammaproteobacteria,Cellvibrionales,Microbulbiferaceae,Microbulbifer,gwangyangensis
TACGAAGGTCCCAAGCGTTGTTCGGAATCACTGGGCGTAAAGCGTGTGTAGGCGGCATGGTAAGTCAGATGTGAAATCCCGGGGCTCAACCCCGGAACTGCATCCGATACTGCCATGCTTGAGTGTCGGAGGGGAGACTGGAATTCACGGTGTAGCAGTGAAATGCGTAGATATCGTGAGGAACACTAGTGGCGAAGGCGAGTCTCTGGACGACCACTGACGCTGAGACACGAAGGCTAGGGTAGCGAAAGGG,27.2874923327784,Bacteria,Verrucomicrobiota,Verrucomicrobiae,Verrucomicrobiales,DEV007,NA,NA
TACATAGGTGTCGAGCGTTATCCGGAATCACTGGGCGTAAAGGGTGCGTAGACGGTTTAGTAAGTCTAAGGTTAAAGGCGTGGGCTCAACCCACGTTTGCCTCGGAAACTATTAAACTAGAGTTCGATAGAGGAATGTGGAATTTGATGTGTAGCGGTGGAATGCGTAGATATATCAAGGAACACCATTAGCGAAGGCAACATTCTGGGTCGTAACTGACGTTGAGGCACGAAAGCGTGGGTAGCAAATAGG,29.6692438018957,Bacteria,NA,NA,NA,NA,NA,NA
TACAGAGGGTGCGAGCGTTAATCGGAATTACTGGGCGTAAAGCGCGCGTAGGCGGTTTGTTAAGTCGGATGTGAAATCCCAGGGCTCAACCTTGGAATGGCACCCGATACTGGCAGGCTAGAGTACGGTAGAGGGGTGTGGAATTTCCTGTGTAGCGGTGAAATGCGTAGATATAGGAAGGAACATCAGTGGCGAAGGCGACACCCTGGACCGATACTGACGCTGAGGTGCGAAAGCGTGGGGAGCAAACAGG,30,Bacteria,Proteobacteria,Gammaproteobacteria,Oceanospirillales,Marinomonadaceae,Marinomonas,NA
TACGGAGGGGGTTAGCGTTGTTCGGAATTACTGGGCGTAAAGCGCGCGTAGGCGGATTGGAAAGTTAGAGGTGAAATCCCAGGGCTCAACCCTGGAACTGCCTTTAAAACTCCCAGTCTAGAGTTCGAGAGAGGTGAGTGGAATTCCGAGTGTAGAGGTGAAATTCGTAGATATTCGGAGGAACACCAGTGGCGAAGGCGGCTCACTGGCTCGATACTGACGCTGAGGTGCGAAAGCGTGGGGAGCAAACAGG,26.6622253199212,Bacteria,Proteobacteria,Alphaproteobacteria,Rhodobacterales,Rhodobacteraceae,Confluentimicrobium,NA
TACGGAGGGTGCAAGCGTTAATCGGAATTACTGGGCGTAAAGCGCGCGTAGGCGGTTTGTTAAGTCAGCTGTGAAAGCCCTGGGCTCAACCTGGGAACTGCAGTTGATACTGGCCGACTAGAGTACGAGAGAGGGAGGTAGAATTCCACGTGTAGCGGTGAAATGCGTAGATATGTGGAGGAATACCGGTGGCGAAGGCGGCCTCCTGGCTCGATACTGACGCTGAGGTGCGAAAGCGTGGGGAGCAAACAGG,-24.1519900152728,Bacteria,Proteobacteria,Gammaproteobacteria,Cellvibrionales,Halieaceae,NA,NA
TACGGAGGGTGCGAGCGTTAATCGGAATTACTGGGCGTAAAGCGCGCGTAGGCGGTTAGTTAAGTCGGATGTGAAAGCCCTGGGCTCAACCTGGGAACTGCATTCGATACTGGCCAACTAGAGTGCGAGAGAGGGAGGTAGAATTCCACGTGTAGCGGTGAAATGCGTAGATATGTGGAGGAATACCGGTGGCGAAGGCGGCCTCCTGGCTCGACACTGACGCTGAGGTGCGAAAGCGTGGGGAGCAAACAGG,25.8730046777488,Bacteria,Proteobacteria,Gammaproteobacteria,Cellvibrionales,Halieaceae,Halioglobus,NA
CACGTAGGATCCGAGCGTTATCCGAATTTACTGGGCGTAAAGCGCGTGTAGGCGGTCAGGTAAGTTGGACGTGAAAGCTCCTGGCTCAACTGGGAGAGGTCGTTCAAAACTGCCGGACTAGAGGGCGACAGAGGGAGGTGGAATTCCCGGTGTAGTGGTGAAATGCGTAGATATCGGGAGGAACACCAGTGGCGAAGGCGGCCTCCTGGGTCGCACCTGACGCTCAGACGCGAAAGCTAGGGGAGCGAACGGG,25.9556956754824,Bacteria,Chloroflexi,Anaerolineae,Anaerolineales,Anaerolineaceae,NA,NA
TACGGAGGGGGCTAGCGTTATTCGGAATTATTGGGCGTAAAGGGCGCGCAGGCGGCTTGGTAGGTCAAAGGTGAAATCCCTCAGCTCAACTGAGGAACTGCCTTTGAAACCACCTGGCTAGAGGCTGGGAGGGGATAGCGGAATTCCCGGTGTAGCGGTGAAATGCGTAGATATCGGGAGGAACACCAGTGGCGAAGGCGGCTATCTGGACCAGTTCTGACGCTGAGGCGCGAAAGCGTGGGGAGCAAACAGG,27.0437196701095,Bacteria,Acidobacteriota,Thermoanaerobaculia,Thermoanaerobaculales,Thermoanaerobaculaceae,Subgroup 10,NA
TACGGAGGGGGTTAGCGTTGTTCGGAATTACTGGGCGTAAAGCGCACGTAGGCGGACCAGAAAGTTGGGGGTGAAATCCCGGGGCTCAACCCCGGAACTGCCTCCAAAACTCCTGGTCTAGAGTTCGAGAGAGGTGAGTGGAATTCCGAGTGTAGAGGTGAAATTCGTAGATATTCGGAGGAACACCAGTGGCGAAGGCGGCTCACTGGCTCGATACTGACGCTGAGGTGCGAAAGTGTGGGGAGCAAACAGG,29.5418662575503,Bacteria,Proteobacteria,Alphaproteobacteria,Rhodobacterales,Rhodobacteraceae,NA,naphthalenivorans
TACGGAGGGTGCAAGCGTTATCCGGATTTATTAGGTTTAAAGGGTGCGTAGGCGGAAGCTTAAGTCAGTGGTAAAAGTCAGTAGCTTAACTATTGTAAGCCATTGAAACTGGGTTTCTTGAGTTCGGTAGAGGTAGGCGGAATGTGTTGTGTAGCGGTGAAATGCATAGATATAACACAGAACACCGATTGCGAAGGCAGCTTACTATGCCGTTACTGACGCTAAGGCACGAAAGCGTGGGTATCAAACAGG,29.3978542426438,Bacteria,Bacteroidota,Bacteroidia,Bacteroidales,Marinilabiliaceae,NA,NA
TACCTCCTCCAATAGTGTATGCTAAAATTGTTGCAGTTAAAACGCTCGTAGTCGTAGTTTCCTGTTACGTTCAACTCCTGTTCGGAGCTGTTCGCAACTTTACTGAAACATTCGTTTCATATTACCGTGAATAAAGGGGAATGCTCCAAGTAAGCTGTTGCTTTGAACCTTTAAGCATGGGATAATGAACACGGCGGTTGCCACCATCGTGAATGGGTGGTTTCTGCTTTCTAGCAGGATTGAAGAGGGACACTCGTACTCAACAGCCAGAGGTGAAATTCTTAGACTTGTTGAAGACGAACAGATGCGAAAGCGATTGTCAGATTCGAATCCAATGATCAAGAACGAAATTCAAGGGATCGAAGATG,-22.2176361842457,Bacteria,NA,NA,NA,NA,NA,NA
TACAGAGGGTGCGAGCGTTAATCGGAATTACTGGGCGTAAAGCGTGCGTAGGCGGCTATTTAAGTCGGATGTGAAATCCCCGGGCTCAACCTGGGAATTGCATTCGATACTGGATGGCTAGAGTACAGTAGAGGACAGTGGAATTCCAGGTGTAGCGGTGAAATGCGTAGATATCTGGAGGAACATCGGTGGCGAAGGCGACTGTCTGGACTGATACTGACGCTGAGGTACGAAAGCGTGGGGAGCAAACAGG,28.0916947013161,Bacteria,Proteobacteria,Gammaproteobacteria,NA,NA,NA,NA
TACGGAGGGTGCAAGCGTTAATCGGAATTACTGGGCGTAAAGCGCGCGTAGGCGGTTTGTTAAGTGAGATGTGAAAGCCCAGGGCTCAACCTTGGAACTGCATCTCATACTGGCAGGCTAGAGTACGGTAGAGGGGGGTAGAATTCCACGTGTAGCGGTGAAATGCGTAGAGATGTGGAGGAATACCAGTGGCGAAGGCGGCCCCCTGGATCGATACTGACGCTGAGGTGCGAAAGCGTGGGGAGCAAACAGG,27.7143075897122,Bacteria,Proteobacteria,Gammaproteobacteria,Oceanospirillales,Pseudohongiellaceae,Pseudohongiella,NA
TACGAAGGGTGCAAGCGTTACTCGGAATTACTGGGCGTAAAGCGTGCGTAGGTGGTCGTTTAAGTCCGTTGTGAAAGCCCTGGGCTCAACCTGGGAACTGCAGTGGATACTGGACGACTAGAGTGTGGTAGAGGGTAGCGGAATTCCTGGTGTAGCAGTGAAATGCGTAGAGATCAGGAGGAACATCCATGGCGAAGGCAGCTACCTGGACCAACACTGACACTGAGGCACGAAAGCGTGGGGAGCAAACAGG,28.7450305192625,Bacteria,Proteobacteria,Gammaproteobacteria,Xanthomonadales,Xanthomonadaceae,Stenotrophomonas,NA
TACGGAGGGTGCAAGCGTTATCCGGAATCACTGGGTTTAAAGGGTGCGTAGGCGGCACTGTAAGTCAGATGTGAAAGCCCACCGCTTAACGGTGGAACTGCATTTGATACTGCAGAGCTTGAATCAGGCTGAGGTCAGCGGAATGTGTCATGTAGCGGTGAAATGCATAGATATGACATAGAACACCAATTGCGAAGGCAGCTGGCTAGACCTGTATTGACGCTGAGGCACGAAAGCGTGGGGAGCGAACAGG,30,Bacteria,Bacteroidota,Bacteroidia,Chitinophagales,Saprospiraceae,Portibacter,NA
TACGTAGGGGACAAGCGTTGTCCGGATTCATTGGGCGTAAAGAGCTCGTAGGCGGTTCAGTAAGTTGGGTGTGAAAGCTCCGGGCTCAACCCGGAGAGGCCACCCAATACTGCTGTGACTAGAGTCCAGTAGAGGAGCGTGGAACTCCTGGTGTAGCGGTGAAATGCGCAGATATCAGGAAGAACACCGGCAGCGAAGGCGGCGCTCTGGGCTGGAACTGACGCTGAGGAGCGAAAGCGTGGGTAGCAAACAGG,27.0983136343304,Bacteria,Actinobacteriota,Acidimicrobiia,Microtrichales,Microtrichaceae,IMCC26207,NA
TACGGAGGGGGTTAGCGTTGTTCGGAATTACTGGGCGTAAAGCGTACGTAGGCGGATCAGAAAGTAAGGGGTGAAATCCCAGGGCTCAACCCTGGAACTGCCTCTTAAACTCCTGGTCTTGAGTTCGAGAGAGGTGAGTGGAATTCCGAGTGTAGAGGTGAAATTCGTAGATATTCGGAGGAACACCAGTGGCGAAGGCGGCTCACTGGCTCGATACTGACGCTGAGGTACGAAAGTGTGGGGAGCAAACAGG,26.489525517792,Bacteria,Proteobacteria,Alphaproteobacteria,Rhodobacterales,Rhodobacteraceae,Sedimentitalea,NA
GACGAACCGTCCAAACGTTATTCGGTATCACTGGGCTTAAAGCGTGCGTAGGCGGCTTGGTAGGTGAGATGTGAAAGCCCACGGCTCAACCGTGGAATTGCGTTTCAAACCCCCAAGCTCGAGGAAGATAGGGGTGATGGGAACTTATGGTGGAGCGGTGAAATGCGTTGATATCATAGGGAACACCGGTGGCGAAAGCGCATCACTGGATCTTTTCTGACGCTGAGGCACGAAAGCTAGGGTAGCGAACGGG,26.3712403966043,Bacteria,Planctomycetota,Planctomycetes,Pirellulales,Pirellulaceae,Rubripirellula,NA
AACAGAGGATGCAAGCGTTATCCGGAATTATTGGGCGTAAAGTGTCTGTAGGTGGCTTTTCAAGTCCGTCGTCAAATCCCAGGGCTCAACCCTGGACAGGCGGTGGAAACTATTAAGCTAGAGTACGGTAGAGGCAGAGGGAATTTCCGGTGGAGCGGTGAAATGCGTTGAGATCGGGAGGAACACCAAGGGCGAAAGCACTCTGCTGGGCCGTTACTGACACTCAGAGACGAAAGCTAGGGGAGCAAATGGG,25.5051882174242,Bacteria,Cyanobacteria,Cyanobacteriia,Chloroplast,NA,NA,NA
TACGGAGGGTGCAAGCGTTATCCGGAATCATTGGGTTTAAAGGGTCCGTAGGCGGATTAATAAGTCAGAGGTGAAATCCCACAGCTTAACTGTGGAACTGCCTTTGATACTGTTAGTCTTGAGTTATGTGGAAGTAGATAGAATGTGTAGTGTAGCGGTGAAATGCTTAGAGATTACACAGAATACCGATTGCGAAGGCAGTCTACTACGCATATACTGACGCTAATGGACGAAAGCGTGGGGAGCGAACAGG,-23.7719868066066,Bacteria,Bacteroidota,Bacteroidia,Flavobacteriales,Flavobacteriaceae,Lutibacter,NA
CACGAACCGTCCAAACGTTATTCGGTATCACTGGGCTTAAAGCGTGCGTAGGCGGCTTGGTAGGTGAGATGTGAAATCCCACGGCTCAACCGTGGAATTGCGTTTCAAACCCCCAAGCTCGAGGAAGATAGGGGTGATGGGAACTTATGGTGGAGCGGTGAAATGCGTTGATATCATAGGGAACACCGGTGGCGAAAGCGCATCACTGGATCTTTTCTGACGCTGAGGCACGAAAGCTAGGGTAGCGAACGGG,27.5671067237212,Bacteria,Planctomycetota,Planctomycetes,Pirellulales,Pirellulaceae,Rubripirellula,NA
TACGTAGGGGGCAAGCGTTATCCGGAATCATTGGGCGTAAAGCGTGCGTAGGCGGCTTGGAAGGTCAGAGGTGAAAGGCATGGGCTCAACCCATGTAAGCCTTTGAAACCGACAGGCTTGAGATCAGGAGGGGAAAGTGGAATTTCTAGTGTAGCGGTGGAATGCGTAGATATTAGAAGGAACACCAGTGGCGAAGGCGACTTTCTAGACTGATACTGACGCTGAGGCACGAAAGCGTGGGGAGCGAACAGG,30,Bacteria,Firmicutes,Clostridia,Peptostreptococcales-Tissierellales,Guggenheimella,NA,NA
TACGGAGGGGGCTAGCGTTGTTCGGAATTACTGGGCGTAAAGGGCGCGTAGGCGGCTTTGCCAGTCAGGCGTGAAAGCCCCGGGCTTAACCTGGGAACTGCGCTTGATACTGCGAGGCTAGAGATCGGGAGAGGAGAGTGGAATTCCCAGTGTAGAGGTGAAATTCGTAGATATTGGGAAGAACACCAGTGGCGAAGGCGGCTCTCTGGACCGATACTGACGCTGAGGCGCGAAAGCGTGGGGAGCAAACAGG,27.2119022318972,Bacteria,Proteobacteria,Alphaproteobacteria,NA,NA,NA,NA
TACGGAGGGTGCAAGCGTTATCCGGAATTACTGGGTTTAAAGGGTGCGTAGGCGGAAGTATAAGTCAGAGGTGAAATCACACAGCTTAACTGGGTAATTGCCTTTGATACTGTATTTCTTGAATCAGATTGAGGTTAGCGGAATGAGTCATGTAGCGGTGAAATGCATAGATATGACTTAGAACACCAATTGCGAAGGCAGCTAGCTAGGTCTGTATTGACGCTGAGGCACGAAAGCGTGGGGAGCGAACAGG,27.8973286548792,Bacteria,Bacteroidota,Bacteroidia,Chitinophagales,Saprospiraceae,NA,NA
TACGTATGTCTCGAGCGTTACCCGGAATCACTGGGTGTAAAGGGTTCGTAGGCGGAACTATAAGTCAGATATGAAAGACCGGAGCTCAACTCCGTGTTTGTGTTTGAAACTGTAGTTCTAGAATTAGGGAGAGGTAAGCGGAATTCTAAGTGTAGGGGTGCAATCCGTAGATACTTAGAGGAACACCAAAAGCGAAGGCAGCTTACTGGAACTATATTGACGCTGAGGAACGAAAGCGTGGGGAGCGAAAAGG,28.2462904492928,Bacteria,Patescibacteria,Gracilibacteria,JGI 0000069-P22,NA,NA,NA
TACGGAGGGTGCAAGCGTTAATCGGAATTACTGGGCGTAAAGCGAGTGTAGGCGGCTGCGTATGTCGGATGTGAAAGCCCTGGGCTCAACCTGGGAATTGCATTCGAAACTGCGTGGCTAGAGTCTGATAGAGGGAAGTGGAATTCCAGGTGTAGCGGTGAAATGCGTAGATATCTGGAGGAACACCAGTGGCGAAGGCGGCTTCCTGGATCAAGACTGACGCTGAGGCTCGAAAGCGTGGGGAGCAAACAGG,30,Bacteria,Proteobacteria,Gammaproteobacteria,Gammaproteobacteria Incertae Sedis,Unknown Family,NA,NA
TACAGAGGGTGCAAGCGTTAATCGGAATTACTGGGCGTAAAGCGCGCGTAGGCGGCTTGGTCAGTCGGATGTGAAAGCCCCGGGCTTAACCTGGGAATTGCATTCGATACTGCTAGGCTAGAGTGTAGTAGAGGGAAGCGGAATTCCAGGTGTAGCGGTGAAATGCGTAGATATCTGGAGGAACATCAGTGGCGAAGGCGGCTTCCTGGACTAACACTGACGCTGAGGTGCGAAAGCGTGGGGAGCAAACAGG,28.0648803078894,Bacteria,Proteobacteria,Gammaproteobacteria,B2M28,NA,NA,NA
TACGGGGGATGCAAGCGTTATCCGGAATGATTGGGCGTAAAGCGTCTGTAGGTGGCTTCCCAAGTCAACTGTCAAAAATCAGGGCTTAACCTTGAGCCGGCAGTTGAAACTATGAAGCTTGAGTTAGGTAGGGGCAGAGGGAATTCCTAGTGTAGCGGTGAAATGCGTAGATATTAGGAAGAACACCAATCGCGAAAGCACTCTGCTGGGCCATGACTGACACTGAGAGACGAAAGCTAGGGGAGCGAATGGG,27.8591097364546,Bacteria,Cyanobacteria,Cyanobacteriia,Chloroplast,NA,NA,NA
TACGGAGGGTGCAAGCGTTAATCGGAATTACTGGGCGTAAAGCGCACGTAGGCGGTTCGTTAAGTCGGATGTGAAAGCCCCGGGCTCAACCTGGGAATTGCATTCGATACTGGCAAACTAGAGTATAGAAGAGGCAAGTGGAATTCCGGGTGTAGCGGTGAAATGCGTAGATATCCGGAGGAACATCAGTGGCGAAGGCGACTTGCTGGTCTAATACTGACGCTGAGGTGCGAAAGCGTGGGGAGCAAACGGG,27.1945211815911,Bacteria,Proteobacteria,Gammaproteobacteria,BD7-8,NA,NA,NA
TACGTAGGGGCCAAACGTTGTCCGGATTTATTGGGCGTAAAGGGCTCGTAGGCGGTTCAACAAGTCGGTCGTGAAAGCCCGGGGCTCAACTCCGGGACGCCGGTCGATACTGTTGTGACTAGAGTTCGGTAGAGGTGAGTGGAATTCTCAGTGTAGCGGTGGAATGCGCAGATATTGAGAGGAACACCATTAGCGAAGGCGGCTCACTGGGCCGATACTGACGCTGAGGAGCGAAAGCGTGGGGAGCAAACAGG,26.4325724785895,Bacteria,Actinobacteriota,Acidimicrobiia,Actinomarinales,NA,NA,NA
TCAGGAAAGGTCATTTGTGAGTTAAAAAGCGTTTGAATTTTAACCCCCACCTTCCCCCAAATAAATTCTTTAAAAAAAACCTAGAAATACAAAAAACAAACTAATTTGAACAACAATGATGGAATGATGTATGTTTGAACTATATGGAAATAAATACACGAACCAATAATTGGATAGGCGATTTTTGGCGATTCAGCCAAAAAATGATGAAATATATGTAATTGCTTTGATTGATATACAGTTGATATATATTGTCATTTTTATAAAAAGCGAGATCAACTTACGATAGTTAGCGTTGTCTTTCTTCTCTTGTTTTCTTGTAGAATCTGATGTAGTAACATACGACAGCGCCAATA,-23.1300991332722,Bacteria,Proteobacteria,Alphaproteobacteria,Rickettsiales,Mitochondria,NA,NA
TACGAAGGGTGCAAGCGTTGTTCGGATTTATTGGGCGTAAAGCGCGCGCAGGCGGATGGATAAGTCAGATGTGAAATCTCGGGGCTCAACCCCGAAACTGCGTCTGAAACTATTCATCTAGAATCTCAGAGAGGGAAGTGGAATTTCGCATGTAGGGGTAAAATCCGTAGAGATGCGAAGGAACACCAGAGGCGAAGGCGGCTTCCTGGATGAGTATTGACGCTGAGGCGCGAAAGCGTGGGGAGCAAACAGG,27.5791307985688,Bacteria,Bdellovibrionota,Bdellovibrionia,Bacteriovoracales,Bacteriovoracaceae,NA,NA
TACGTAGGGTGCAAGCGTTGTTCGGAATTATTGGGCGTAAAGTGCGCGTAGGCGGCTGCCTAAGTCTGGTGTGAAAGCCCGGGGCTTAACCTCGGAAGTGCACTGGATACTGGGCAGCTAGAGGACGAGAGAGGGAAGTGGAATTCCTGGTGTAGGGGTGAAATCCGTAGATATCAGGAGGAACATCGGCGGCGAAGGCGGCTTCCTGGCTCGTTACTGACGCTGAGGCGCGAAAGCGTGGGGAGCAAACAGG,28.1157433842546,Bacteria,SAR324 clade(Marine group B),NA,NA,NA,NA,NA
TACGGAGGGTGCAAGCGTTAATCGGAATTACTGGGCGTAAAGCGCGCGTAGGCGGTCAAGTCAGTCAACTGTGAAAGCCCAGGGCTCAACCTTGGAACTGCAGCTGATACTGCTTGACTAGAGTTTGGTAGAGGAGTGTGGAATTTCCTGTGTAGCGGTGAAATGCGTAGATATAGGAAGGAACACCAGTGGCGAAGGCGACACTCTGGACCAAAACTGACGCTGAGGTGCGAAAGCGTGGGGAGCAAACAGG,30,Bacteria,Proteobacteria,Gammaproteobacteria,Oceanospirillales,Nitrincolaceae,Motiliproteus,NA
TACGTAGGGGGCTAGCGTTGTCCGGAATTACTGGGCGTAAAGGGTGAGTAGGTGGTCATTAAAGTCAGATGTAAAAGGCAATGGCTCAACCATTGTAAGCATTTGAAACTTAATGACTTGAGTGCAGGAGAGGTAAATGGAATTCCTAGTGTAGCGGTGAAATGCGTAGATATTAGGAAGAACACCAGTGGCGAAGGCGATTTACTGGACTGTAACTGACACTGAGTCACGAAAGCGTGGGGAGCGAACAGG,26.3459789421609,Bacteria,Firmicutes,Clostridia,Peptostreptococcales-Tissierellales,Dethiosulfatibacteraceae,Dethiosulfatibacter,NA
TACGGAGGGTGCAAGCGTTAATCGGAATTACTGGGCGTAAAGGGCGCGTAGGCGGATTAATAAGTTGGATGTGAAAGGCCAGGGCTTAACCTTGGTATGTCATCTGAAACTGTTGATCTAGAGTATGATAGAGGGGTGTGGAATTTCAGGTGTAGCGGTGAAATGCGTAGATATCTGAAGGAACATCGGTGGCGAAGGCGGCACCCTGGATCAATACTGACGCTGATGCGCGAAAGCATGGGTAGCGAACAGG,29.72780900105,Bacteria,Proteobacteria,Gammaproteobacteria,NA,NA,NA,NA
TACGGAGGGTGCAAACGTTGCTCGGAATCACTGGGCGTAAAGCGCACGTAGGCGGCCTTGTAAGTTGGATGTGAAAGCCCTGGGCTCAACCCAGGAAGTGCACCCAAAACTGCAAGGCTTGAGTACCGGAGGGGCTCAGAGAATTCCCGGTGTAGAGGTGAAATTCGTAGATATCGGGAGGAATACCAGTGGCGAAGGCGCTGGGCTGGACGGTAACTGACGCTGAGGTGCGAAAGCGTGGGGAGCAAACAGG,27.8787058451367,Bacteria,Myxococcota,Polyangia,Nannocystales,Nannocystaceae,Nannocystis,NA
TACGGAGGGTGCAAGCGTTATCCGGATTCATTGGGTTTAAAGGGTGCGCAGGCGGAACTTTAAGTCAGTGGTGAAATCTTGCCGCTTAACGGTAAAATTGCCATTGATACTGAAGTTCTTGAATATGGTTGAGGTAGGCGGAATGTGTTGTGTAGCGGTGAAATGCATAGATATGACACAGAACGCCGATTGCGAAGGCAGCTTACTAAGCCATTATTGACGCTGAGGCACGAAAGCGTGGGGAGCGAACAGG,29.9492160896861,Bacteria,Bacteroidota,Bacteroidia,Bacteroidales,Prolixibacteraceae,Draconibacterium,NA
TACGGAGACTGCGAGCGTTACTCGGATTTACTGGGCGTAAAGGGTCCGTAGGCGGACATGTGTGTCGGGTGTGAAATCCTGCAGCTCAACTGCAGAACTGCGCCCGAAACTACATGTCTAGAGTATTGGAGAGGTGAGTGGAATTCCAGGTGTAGCGGTGAAATGCGTAGATATCTGGAGGAACACCAACGGCGAAGGCAGCTCACTGGACAATTACTGACGCTGAGGGACGAAAGCATGGGGAGCGAAAGGG,24.6603472421854,Bacteria,Verrucomicrobiota,Verrucomicrobiae,Opitutales,Puniceicoccaceae,Verruc-01,NA
TACGGAGGGGGCTAGCGTTGTTCGGAATTACTGGGCGTAAAGCGCGCGTAGGCGGGCTGTTAAGTCGGGGGTGAAATCCCGGGGCTCAACCCCGGAACTGCCTTCGATACTGGCAGCCTAGAGATCTGGAGAGGCGAGTGGAATTCCGAGTGTAGAGGTGAAATTCGTAGATATTCGGAGGAACACCAGTGGCGAAGGCGGCTCGCTGGCCAGATACTGACGCTGAGGCGCGAAAGCGTGGGGAGCAAACAGG,28.4375049637578,Bacteria,Proteobacteria,Alphaproteobacteria,Rhodobacterales,Rhodobacteraceae,Limibaculum,NA
TACGGAGGATGCAGGCGTTATCCGGATTTATTAGGTTTAAAGGGTGCGCAGGCGGCCCGGTAAGTCAGTGGTGAAAGTTTGCAGCTTAACTGTAAAATTGCCATTGATACTGTCGGGCTTGAATATAGTAGAGGTAGGCGGAATGTGTAGTGTAGCGGTGAAATGCTTAGATATTACACAGAACACCGATTGCGAAGGCAGCTTACTATGCTATTATTGACGCTGAGGCACGAAAGCGTGGGGAGCGAACAGG,29.7071038990026,Bacteria,Bacteroidota,Bacteroidia,Bacteroidales,Bacteroidetes BD2-2,NA,NA
TACGGAGGGGGCTAGCGTTGTTCGGAATTACTGGGCGTAAAGCGCGCGTAGGCGGGTCGTTAAGTTAGAGGTGAAAGCCCGGAGCTCAACTCCGGAAATGCCTTTGATACTGGCGGCCTAGAGTCCGGGAGAGGTGAGCGGAATTCCGAGTGTAGAGGTGAAATTCGTAGATATTCGGAGGAACACCAGAGGCGAAGGCGGCTCACTGGACCGGTACTGACGCTGAGGCGCGAAAGCGTGGGGAGCAAACAGG,27.2093577961685,Bacteria,Proteobacteria,Alphaproteobacteria,Caulobacterales,Hyphomonadaceae,Hyphobacterium,NA
TACAGAGGGTGCGAGCGTTAATCGGAATTACTGGGCGTAAAGCGCGCGTAGGTGGTTTGTTAAGTCGGATGTGAAAGCCCAGGGCTCAACCTTGGAATTGCACCCGATACTGGCAGGCTAGAGTACGGTAGAGGGGTGTGGAATTTCCTGTGTAGCGGTGAAATGCGTAGATATAGGAAGGAACATCAGTGGCGAAGGCGACACCCTGGACCGATACTGACACTGAGGTGCGAAAGCGTGGGGAGCAAACAGG,29.4123087677088,Bacteria,Proteobacteria,Gammaproteobacteria,Oceanospirillales,Marinomonadaceae,Marinomonas,NA
TACGGAGGGGGTTAGCGTTGTTCGGAATTACTGGGCGTAAAGCGCGCGTAGGCGGACTATTAAGTCAGGGGTGAAATCCCGGGGCTCAACCCCGGAACTGCCTTTGATACTGGTAGTCTTGAGTTCGAGAGAGGTGAGTGGAATTCCGAGTGTAGAGGTGAAATTCGTAGATATTCGGAGGAACACCAGTGGCGAAGGCGGCTCACTGGCTCGATACTGACGCTGAGGTGCGAAAGTGTGGGGAGCAAACAGG,26.7764111785664,Bacteria,Proteobacteria,Alphaproteobacteria,Rhodobacterales,Rhodobacteraceae,Pseudooceanicola,NA
TACGGAGGGTGCAAACGTTGCTCGGAATTACTGGGCGTAAAGCGCTCGTAGGCGGCTTTGTAAGTCGGATGTGAAAGCCCTAGGCTTAACCAAGGAACTGCATTCGAAACTGCATAGCTTGAGTATGGGAGAGGGTTGTGGAATTCCCGGTGTAGAGGTGAAATTCGTAGATATCGGGAGGAACACCAGTGGCGAAGGCGACAACCTGGACCAATACTGACGCTGAGGAGCGAAAGCGTGGGGAGCAAACAGG,27.8136830370095,Bacteria,Myxococcota,Polyangia,NA,NA,NA,NA
TACGGAGGGTGCAAGCGTTAATCGGAATTACTGGGCGTAAAGCGCGCGTAGGCGGCTTGTTAAGTCGGATGTGAAAGCCCCGGGCTCAACCTGGGAACTGCACCCGATACTGGCAAGCTAGAGTACAGTAGAGGGTGGTAGAATTTCTTGTGTAGCGGTGAAATGCGTAGATATAAGAAGGAATACCAGTGGCGAAGGCGGCCACCTGGACTGATACTGACGCTGAGGTGCGAAAGCGTGGGGAGCAAACAGG,29.6879168665334,Bacteria,Proteobacteria,Gammaproteobacteria,Cellvibrionales,Spongiibacteraceae,BD1-7 clade,NA
CACGTAGGATCCGAGCGTTATCCGAATTTACTGGGCGTAAAGCGCGTGTAGGCGGTCAGGTAAGTTGGACGTGAAAGCTCCTGGCTCAACTAGGAGAGGTCGTTCAAAACTGCCTGGCTAGAGGGCGACAGAGGGAGGTGGAATTCCCGGTGTAGTGGTGAAATGCGTAGATATCGGGAGGAACACCAGTGGCGAAGGCGGCCTCCTGGGTCGCACCTGACGCTCAGACGCGAAAGCTAGGGGAGCGAACGGG,26.1294975297786,Bacteria,Chloroflexi,Anaerolineae,Anaerolineales,Anaerolineaceae,NA,NA
TACGGAGGGTGCAAGCGTTAATCGGAATTACTGGGCGTAAAGCGCGCGTAGGCGGTTTGTTAAGCTAGATGTGAAATCCCAGGGCTCAACCTTGGAACTGCATTTAGAACTGGCAGGCTAGAGTACAGAAGAGGGGTGTGGAATTTCCGGTGTAGCGGTGAAATGCGTAGAGATCGGAAGGAACATCAGTGGCGAAGGCGACACCCTGGACTGATACTGACGCTGAGGTGCGAAAGCGTGGGGAGCAAACAGG,27.5996254547501,Bacteria,Proteobacteria,Gammaproteobacteria,Cellvibrionales,Cellvibrionaceae,NA,NA
TACAGAGGGTGCGAGCGTTAATCGGATTTACTGGGCGTAAAGCGTGCGTAGGCGGCCAATTAAGTCAAATGTGAAATCCCCGAGCTTAACTTGGGAATTGCATTCGATACTGGTTGGCTAGAGTATGGGAGAGGATGGTAGAATTCCAGGTGTAGCGGTGAAATGCGTAGAGATCTGGAGGAATACCGATGGCGAAGGCAGCCATCTGGCCTAATACTGACGCTGAGGTACGAAAGCATGGGGAGCAAACAGG,29.6609466452822,Bacteria,Proteobacteria,Gammaproteobacteria,Pseudomonadales,Moraxellaceae,Acinetobacter,NA
TACGGAGGGTGCAAGCGTTAATCGGAATGACTGGGCGTAAAGCGCACGCAGGCGGTTTGTTAAGCCAGATGTGAAAGCCCCGAGCTCAACTCGGGAACTGCATTTGGAACTGGCAAACTAGAGTCTTGTAGAGGGGGGTAGAATTTCCAGTGTAGCGGTGAAATGCGTAGAGATTGGAAGGAATACCAGTGGCGAAGGCGGCCCCCTGGACAAAGACTGACGCTCAGGTGCGAAAGCGTGGGGAGCAAACAGG,27.5791307985688,Bacteria,Proteobacteria,Gammaproteobacteria,Aeromonadales,Aeromonadaceae,Oceanisphaera,NA
TACGGAGGGTGCGAACGTTGCTCGGAATCACTGGGCGTAAAGAGCTCGTAGGCGGTTTATCAAGTTAGGTGTGAAATCCCCGGGCTTAACCTGGGAAGTGCACTTAAAACTGATAGGCTGGAGTTTGGGAGAGGATAGCGGAATTCCCGGTGTAGAGGTGAAATTCGTAGATATCGGGAGGAACACCAGAGGCGAAGGCGGCTATCTGGACCAATACTGACGCTGAGGAGCGAAAGCGTGGGGAGCAAACAGG,28.1943326416006,Bacteria,Myxococcota,Polyangia,UASB-TL25,NA,NA,NA
TACGGAGGGTGCAAGCGTTGTTCGGATTTATTGGGCGTAAAGCGAGTGTAGGCGGTTTGAAAAGTCGGGTGTGAAAGCCCAGGGCCCAACCCTGGAACTGCATCCGATACTGTCAGGCTAGAATTCCGGAGAGGGTGGCGGAATTCCCGGTGTAGGGGTGAAATCCGTAGATATCGGGAGGAACACCAGTGGCGAAGGCGGCCACCTGGACGGTAATTGACGCTCAGACTCGAAAGCGTGGGTAGCAAACAGG,29.566601309003,Bacteria,NB1-j,NA,NA,NA,NA,NA
TACGGAGGGTGCGAGCGTTAATCGGAATTACTGGGCGTAAAGCGCGCGTAGGCGGTTTGGTCAGTCAGATGTGAAAGCCCTGGGCTCAACCTGGGAACTGCATTTGATACTGCCGGACTGGAGTATGGTAGAGGGAAGTGGAATTCCGGGTGTAGCGGTGAAATGCGTAGATATCCGGAGGAACATCAGTGGCGAAGGCGACTTCCTGGACCAATACTGACGCTGAGGTGCGAAAGCGTGGGTAGCAAACAGG,27.8534057504302,Bacteria,Proteobacteria,Gammaproteobacteria,Chromatiales,Sedimenticolaceae,NA,NA
TACGGAGGGTCCAAGCGTTATCCGGATTTATTGGGTTTAAAGGGTTCGTAGGCGGGATATTAAGTCAGTGGTGAAATCCTACAGCTTAACTGTAGAACTGCCATTGATACTGATATTCTTGAATTCACCTGAAGTAGGCGGAACATGACATGTAGCGGTGAAATGCTTAGATATGTCATAGAACACCGATTGCGAAGGCAGCTTACTAAAGTGATATTGACGCTAAGGAACGAAAGCGTGGGGAGCGAACAGG,26.4737271925077,Bacteria,Bacteroidota,Bacteroidia,Flavobacteriales,Cryomorphaceae,Luteibaculum,NA
TACGAAGGTCCCGAGCGTTATTCGGAATCACTGGGCGTAAAGGGAGCGTAGGCTGCGTGGTAAGTCAGATGTGAAAGCCCAGGGCTCAACCCTGGAACTGCATTCGATACTGCCATGCTAGAGTAGTGGAGAGGTAGATGGAATTTTCGGTGTAGCAGTGAAATGCGTAGATATCGAAAGGAAGACCAATGGCGAAGGCAATCTACTGGACACTTACTGACGCTGAGGCTCGAAGGCTAGGGGAGCGAAAGGG,28.2462904492928,Bacteria,Verrucomicrobiota,Verrucomicrobiae,Verrucomicrobiales,Rubritaleaceae,Rubritalea,NA
TACGGAGGGTGCAAACGTTGCTCGGAATCACTGGGCGTAAAGCGCTCGTAGGCGGTTTGTCAAGTTAGGTGTGAAATCCCCGGGCTTAACCTGGGACGTGCACTTAAAACTGTCAGGCTAGAGTCTGGGAGGGGATAGCGGAATTCCGGGTGTAGAGGTGAAATTCGTAGATATCCGGAGGAACACCAGAGGCGAAGGCGGCTATCTGGACCAGAACTGACGCTGAGGAGCGAAAGCGTGGGGAGCAAACAGG,29.380732916701,Bacteria,Myxococcota,Polyangia,UASB-TL25,NA,NA,NA
TACGGAGGGTGCAAGCGTTGCTCGGAATCACTGGGCGTAAAGCGAACGCAGGCGGATGATTAAGTCGGGTGTGAAAGCCCAGGGCTCAACCCTGGAACTGCATTCGAAACTGGTCATCTTGAGTACGGGAGAGGGAAGCGGAATTCCTGGTGTAGAGGTGAAATTCGTAGATATCAGGAGGAACACCCGTGGCGAAAGCGGCTTCCTGGCCCGATACTGACGCTCATGTTCGAAAGCGTGGGGAGCAAACAGG,29.3832375394913,Bacteria,Bdellovibrionota,Bdellovibrionia,Bdellovibrionales,Bdellovibrionaceae,OM27 clade,NA
TACGGAGGGGGTTAGCGTTGTTCGGAATTACTGGGCGTAAAGCGCGCGTAGGCGGATATTTAAGTCGGGGGTGAAATCCCGGGGCTCAACCCCGGAACTGCCTCCGATACTGGGTATCTAGAGTTCGAGAGAGGTGAGTGGAATTCCGAGTGTAGAGGTGAAATTCGTAGATATTCGGAGGAACACCAGTGGCGAAGGCGGCTCACTGGCTCGATACTGACGCTGAGGTGCGAAAGTGTGGGGAGCAAACAGG,27.9664439250224,Bacteria,Proteobacteria,Alphaproteobacteria,Rhodobacterales,Rhodobacteraceae,Jannaschia,NA
TACGGAGGATCCAAGCGTTATCCGGAATCATTGGGTTTAAAGGGTCCGTAGGTGGTTTATTAAGTCAGAGGTGAAATCCTATCGCTCAACGATAGAACTGCCTTTGAAACTGATAGACTTGAGTTATTGTGAAGTAGTTAGAATATGTAGTGTAGCGGTGAAATGCATAGATATTACATAGAATACCGATTGCGAAGGCAGATTACTAACAATATACTGACACTGAGGGACGAAAGCGTGGGTAGCGAACAGG,25.9601781766516,Bacteria,Bacteroidota,Bacteroidia,Flavobacteriales,Flavobacteriaceae,NS5 marine group,NA
TACGGAGGGGGCAAGCGTTGTTCGGAGTCACTGGGCGTAAAGCGCACGTAGGTGGATTATCAAGTCAGGAGTTAAAGGCAACGGCTCAACCGTTGTAAGGCTTTTGAAACTGGTAGTCTAGAGTATCAGAGAGGAATGCGGAATTTCCGGTGTAGCGGTGAAATGCGTAGATATCGGAAGGAACACCAGTTGCGAAGGCGGCATTCTGGCTGATTACTGACACTGAGGTGCGAGAGCATGGGTAGCAAACAGG,27.5547287723769,Bacteria,Deferribacterota,Deferribacteres,Deferribacterales,Deferribacteraceae,Denitrovibrio,NA
TACAGAGGTCCCAAGCGTTGTTCGGATTCACTGGGCGTAAAGGGTGCGTAGGCGGTCGGCAAAGTCTGATGTGAAATCTCCGGGCTCAACCCGGAAACTGCATCGGATACTGGTCGGCTAGAGGATTGGAGGGGGGACTGGAATTCTCGGTGTAGCAGTGAAATGCGTAGATATCGAGAGGAACACCAGTAGCGAAGGCGAGTCCCTGGACAATTCCTGACGCTGAGGCACGAAAGCTAGGGGAGCAAACAGG,28.3474559473355,Bacteria,Verrucomicrobiota,Verrucomicrobiae,Pedosphaerales,Pedosphaeraceae,NA,NA
TACGTACTGTGCGAACGTTATTCGGAATCACTGGGCTTAAAGGGTGCGTAGGCGGGCTTGCAGGTCAGATGTGAAATCCCACGGCTCAACCGTGGAACTGCATTTGAAACCGCAAGTCTTGAGCGAACTAGGGGTATGCGGAACTTCCAGTGGAGCGGTGAAATGTGTTGATATTGGAAGGAACACCGGTGGCGAAAGCGGCATACTGGGGTTTGTCTGACGCTGAGGCACGAAAGCTAGGGGAGCGAACAGG,25.8876787600088,Bacteria,Planctomycetota,Planctomycetes,Planctomycetales,Rubinisphaeraceae,Planctomicrobium,NA
TACGGAGGGTCCAAGCGTTGTCCGGAATCACTGGGTGTAAAGGGTGCGCAGGCGGGCATGTAAGTCAGGGGTGAAAGCCACCGGCCTAACCGGTGAACTGCCCTTGATACTGCATGTCTTGAGTCCCGGAGAGGCTATCGGAATTCGTGGTGTAGCGGTGAAATGCGTAAATATCACGAGGAACACCTGATGCGTAGGCGGATAGCTGGACGGGTACTGACGCTCAGGCACGAAAGCGCGGGGAGCGAACAGG,29.5739783385873,Bacteria,Bacteroidota,Rhodothermia,Rhodothermales,Rhodothermaceae,Rubrivirga,NA
TACTGAGGGTGCAAGCGTTAATCGGAATCACTGGGCGTAAAGCGCTCGTAGGTGGCTTTGTAAGTCAGGTGTGAAAGCCCACGGCTCAACCGTGGAATTGCACTTGATACTGCATCGCTAGAGTATAGGAGAGGGAAGTGGAATTTCTGGTGTAGGAGTGAAATCCGTAGAGATCAGAAGGAACACCCGTGGCGAAGGCGACTTCCTGGACTATTACTGACACTGAGGAGCGAAAGCGTGGGGAGCAAACAGG,29.2471124054759,Bacteria,Desulfobacterota,Desulfovibrionia,Desulfovibrionales,Desulfovibrionaceae,Halodesulfovibrio,NA
TACGAATGGAGCAAGCGTTGTTCGGAATCACTGGGCTTAAAGCGTGCGCAGGCGGAACAGAAAGTCAGAAGTGAAAGCCCAGGGCTCAACCCTGGAACTGCTTTTGAAACTCCTGTTCTAGAATCCGATAGAGGTAAGGAGAATTCCTAGTGTAGAGGTGAAATTCGCAGATATTAGGAGGAATACCAGTGGCGTAGGCGCCTTACTGGGTCGGTATTGACGCTCATGTACGAAAGCGTGGGGAGCAAACAGG,29.2788358781623,Bacteria,Proteobacteria,Alphaproteobacteria,Micavibrionales,Micavibrionaceae,NA,NA
TACGGAGGGTGCAAGCGTTAATCGGAATTACTGGGCGTAAAGCGTGCGTAGACGGCAATCTAAGTGGGATGTGAAAGCCCCGGGCTTAACCTGGGAACTGCATCCCAAACTGGGTAGCTAGAGTACGGCAGAGGAGTGTGGAATTTCCTGTGTAGCGGTGAAATGCGTAGATATAGGAAGGAACACCAGTGGCGAAGGCGACACTCTGGGCTGATACTGACGCTGAGGTACGAAAGCGTGGGGAGCAAACAGG,27.1732825517524,Bacteria,Proteobacteria,Gammaproteobacteria,Oceanospirillales,Endozoicomonadaceae,Endozoicomonas,NA
TACGTAGGGAGCAAACGTTGTCCGGATTTATTGGGCGTAAAGGGCTCGTAGGCGGTTCAACAAGTCGGTCGTGAAAGCCCGGGGCTCAACCCCGGGAGGCCGGTCGAAACTGTTGTGACTAGAGTTCGGTAGAGGTGAGTGGAATTCCCGGTGTAGCGGTGGAATGCGCAGATATCGGGAGGAACACCATTAGCGAAGGCGGCTCACTGGGCCGATACTGACGCTGAGGAGCGAAAGCGTGGGGAGCAAACAGG,27.2857371864135,Bacteria,Actinobacteriota,Acidimicrobiia,Actinomarinales,NA,NA,NA
CACCGGCGGCCCGAGTGGTGGCCACTATTATTGGGTCTAAAGGGTCCGTAGCCGGTTTGATCAGTCTTCCGGGAAATCTGACAGCTCAACTGTTAGGCTTCTGGGGGATACTGTCAGACTTGGGACCGGGAGAGGTAAGAGGTACTACAGGGGTAGGAGTGAAATCTTGTAATCCCTGTGGGACCACCAGTGGCGAAGGCGTCTTACCAGAACGGGTCCGACGGTGAGGGACGAAAGCTGGGGGCACGAACCGG,27.44476121999,Archaea,Halobacterota,Methanosarcinia,Methanosarciniales,Methanosarcinaceae,Methanolobus,NA
TACGGAGGATGCAAGCGTTATCCGGATTCATTGGGTTTAAAGGGTGCGCAGGTGGGCTTTTAAGTCAGTGGTGAAATGCTGCCGCTTAACGGTAGAATTGCCATTGATACTGAGAGTCTTGAGTATGGTTGAGGTAGGCGGAATGTGTTGTGTAGCGGTGAAATGCATAGATATGACACAGAACGCCGATTGCGAAGGCAGCTTACTAAGCCATTACTGACGCTGAGGCACGAAAGCGTGGGGAGCGAACAGG,29.0796178622306,Bacteria,Bacteroidota,Bacteroidia,Bacteroidales,Prolixibacteraceae,NA,NA
TACGGAGGGGGCAAGCGTTATTCGGAATTACTGGGCGTAAAGGGCGCGTAGGCGGCCCGGTCAGTGAGAAGTGAAAGCCCACGGCTTAACCGTGGAAATGCTTCTCATACTGCCGGGCTAGAGTGTGGGAGAGGAAAGTGGAATTCCCGGTGTAGCGGTGAAATGCGTAGAGATCGGGAGGAACACCAGTGGCGAAGGCGGCTTTCTGGACCACTACTGACGCTGATGCGCGAAAGCGTGGGGAGCAAACAGG,27.2839889905476,Bacteria,Acidobacteriota,Holophagae,Acanthopleuribacterales,Acanthopleuribacteraceae,Acanthopleuribacter,NA
TACGTAGGTGGCAAGCGTTGTCCGGATTTACTGGGTGTAAAGAGCATGTAGGCGGGAATACAAGTCAGATGTGAAATACTGCGGCTCAACTGCAGAATGGCATCTGAAACTGTATTTCTTGAGTATTGGAGAGGAAAGCGGAATTCCTAGTGTAGCGGTGAAATGCGTAGATATTAGGAGGAACACCGGTGGCGAAGGCGGCTTTCTGGACAATTACTGACGCTGAGATGCGAAAGCGTGGGGAGCAAACAGG,28.2869777196854,Bacteria,Firmicutes,Clostridia,Hungateiclostridiaceae,NA,NA,NA
TACGGAGGGTGCAAGCGTTGTCCGGATTTATTGGGTTTAAAGGGTGCGTAGGCGGCCTATTAAGTCAGTGGTGAAAGGTATCAGCTTAACTGATGACGTGCCATTGAAACTGACAGGCTTGAGTACAGACGAGGTAGGCGGAATTTATGGTGTAGCGGTGAAATGCATAGATACCATAAAGAACACCAATTGCGAAGGCAGCTTACTAGACTGAGACTGACGCTGAGGCACGAAAGCGTGGGGAGCGAACAGG,29.2802156583964,Bacteria,Bacteroidota,Bacteroidia,Cytophagales,Cyclobacteriaceae,NA,NA
TACGGAGGATGCAAGCGTTATCCGGATTCATTGGGTTTAAAGGGTGCGCAGGTTGGGAAGTAAGTCAGTGGTGAAATCCTGCCGCTTAACGGTAGAATTGCCATTGATACTGCTTTTCTTGAGTATGGTTGAGGTAGGCGGAATGTGCAGTGTAGCGGTGAAATGCATAGATATTGCACAGAACTCCGATTGCGAAGGCAGCTTACTAAGCCATAACTGACGCTGAGGCACGAAAGCGTGGGGAGCGAACAGG,28.8087192478173,Bacteria,Bacteroidota,Bacteroidia,Bacteroidales,Prolixibacteraceae,NA,NA
TACAGAGGTGGCGAGCGTTGTTCGGATTTACTGGGCGTAAAGGGTGTGTAGGCGGCTTGGACAGTCGGGTGTGAAATCTCACCGCTCAACGGTGAAACTGCATTCGATACTACTAGGCTAGAGTACAGGAGAGGAGAGCGGAATTCTTGGTGTAGCGGTGGAATGCGTTGATATCAAGAAGAACACCGGTGGCGAAGGCGGCTCTCTGGAATGTTACTGACGCTGATACACGAAAGCTGGGGGAGCAAACAGG,27.1178345149919,Bacteria,Verrucomicrobiota,Kiritimatiellae,WCHB1-41,NA,NA,NA
TACGGAGGGGGCGAGCGTTATTCGGATTTACTGGGCGTAAGGGGTGTGTAGGCGGCATAGTAAGTTAGTAGTGAAATCCCAGGGCTTAACCCTGGAACTGCTGCTAAAACTGCTAAGCTAGAGTTAGGTAGAGGGTAGTAGAATTTCTAGTGTAGGGGTGATATCCGTAGATATTAGAAGGAATGCCAGAGGCGAAGGCGACTACCTGGAACTATACTGACGCTGAGGCACGAAAGCGTGGGGAGCAAACAGG,28.9487302425695,Bacteria,NA,NA,NA,NA,NA,NA
TACGGAGGGAGCTAGCGTTGTTCGGAATTACTGGGCGTAAAGCGCGCGTAGGCGGCCTACCAAGTCAGGGGTGAAATCCCGGGGCTCAACCCCGGAACTGCCCTTGAAACTGGTAAGCTAGAATCCTGGAGAGGCGAGTGGAATTCCGAGTGTAGAGGTGAAATTCGTAGATATTCGGAAGAACACCAGTGGCGAAGGCGACTCGTTGGACAGGTATTGACGCTGAGGTGCGAAAGCGTGGGGAGCAAACAGG,28.9487302425695,Bacteria,Proteobacteria,Alphaproteobacteria,Sphingomonadales,Sphingomonadaceae,NA,NA
TACGGAGGGAGCGAGCGTTATTCGGATTTACTGGGCGTAAAGGGTGTGTAGGCGGCATAGTAAGTTAGTAGTGAAATCCCAGGGCTTAACCCTGGAACTGCTGCTAAAACTGCTAAGCTAGAGTTAGGTAGAGGGTAGTAGAATTTCTAGTGTAGGGGTGATATCCGTAGATATTAGAAGGAATGCCAGAGGCGAAGGCGACTACCTGGAACTATACTGACGCTGAGGCACGAAAGCGTGGGGAGCAAACAGG,28.9487302425695,Bacteria,NA,NA,NA,NA,NA,NA
TACGAACTGCGCGAACGTTATTCGGAATCACTGGGCTTAAAGGGTGCGTAGGCGGCGTGTTAAGTAGGGTGTGAAATCTGTCGGCTCAACCGGCAGACTGCGCTCTAAACTGGCATGCTTGAGAGAGTCAGGGGTGTGTGGAACTTCCAGTGGAGCGGTGAAATGTGTTGATATTGGAAGGAACGCCGGTGGCGAAAGCGACACACTGGGGCTTTTCTGACGCTGAGGCACGAAAGCCAGGGGAGCAAACAGG,28.9487302425695,Bacteria,Planctomycetota,Planctomycetes,Planctomycetales,Gimesiaceae,NA,NA
TACGGAGGGTGCAAGCGTTGTTCGGAATTATTGGGCGTAAAGCGCGTGTAGGCGGTTTGTTAAGTCTGATGTGAAAGCCCCGGGCTCAACCTGGGAAGTGCATTGGAAACTGGCAAACTTGAGTACGGGAGAGGAAAGTGGAATTTCGAGTGTAGGGGTGAAATCCGTAGATATTCGAAGGAACACCAGTGGCGAAGGCGGCTTTCTGGACCGATACTGACGCTGAGACGCGAAAGCGTGGGGAGCAAACAGG,29.1973804593792,Bacteria,Desulfobacterota,Desulfuromonadia,Desulfuromonadaceae,Desulfuromonas,NA,NA
ACGTGCCAGCCGCGGTAATACGTAAGGAGCGAGCGTTGTTCGGAATTATTGGGCGTAAAGTGCGTGCAGGCTGTTTATTAAGTCTGATGTGAAAGTGCACAGCTTAACTGTGTTGTTGCGTTGGAAACTGGTAAACTAGAATTCGAGAGAGGAAATTGGAATTCCTGGTGTAGGGGTGAAATCTGTTGATATCAGGAAGAACACCTGAGGCGAAAGCGAATTTCTGGCTCTGAATTGACGCTGTAGCGCGAAAGCGTAGGGAGCAAACAGG,27.0412572111867,Bacteria,NA,NA,NA,NA,NA,NA
TACGAAGGGTGCAAGCGTTGTTCGGATTTATTGGGCGTAAAGCGCGCGCAGGCGGATTGATAAGTCAGATGTAAAATCTCGGGGCTCAACCCCGAAACTGCGTCTGAAACTGTTAATCTAGAATCTTGGAGAGGGAAGGGGAATTTCGCATGTAGGGGTAAAATCCGTAGAGATGCGAAGGAACACCAGAGGCGAAGGCGCCTTCCTGGACAAGTATTGACGCTGAGGCGCGAAAGCGTGGGTAGCAAACAGG,26.8718287004235,Bacteria,Bdellovibrionota,Bdellovibrionia,Bacteriovoracales,Bacteriovoracaceae,NA,NA
GACAGAGGGTGCAAGCGTTGTTCGGAATCATTGGGCGTAAAGCGCGCGTAGGTGGTATGTTAAGTCGGATGTGAAATCCCGGGGCTCAACCTCGGACGTGCATTCGAAACTGGCATGCTAGAGTCTCGGAGAGGGTAGCGGAATTCCTGGTGTAGAGGTGAAATTCGTAGATATCAGGAGGAACATCGGTGGCGAAGGCGGCTATCTGGACGATGACTGACGCTGAGGCGCGAAAGCGTGGGGAGCAAACAGG,28.6716491043456,Bacteria,Myxococcota,Myxococcia,Myxococcales,Myxococcaceae,P3OB-42,NA
TACGAAGGGTGCAAGCGTTGTTCGGATTTATTGGGCGTAAAGCGCGCGCAGGCGGATTGATAAGTCAGATGTGAAATCTCGGGGCTCAACCCCGAAACTGCGTCTGAAACTGTTAATCTAGAATCTTGGAGAGGGAAGGGGAATTTCGCATGTAGGAGTAAAATCCGTAGAGATGCGAAGGAACACCAGAGGCGAAGGCGCCTTCCTGGACAAGTATTGACGCTGAGGCGCGAAAGCGTGGGTAGCAAACAGG,26.7764111785664,Bacteria,Bdellovibrionota,Bdellovibrionia,Bacteriovoracales,Bacteriovoracaceae,NA,NA
TACGTACTGTGCGAACGTTATTCGGAATCACTGGGCTTAAAGGGTGCGTAGGCGGGTTTGCAGGTCAGATGTGAAATCCCACGGCCCAACCGTGGAACTGCATTTGAAACCGTGAATCTTGAGCGAACTAGGGGTATGCGGAACTTCCAGTGGAGCGGTGAAATGTGTTGATATTGGAAGGAACACCGGTGGCGAAAGCGGCATACTGGGGTTTGTCTGACGCTGAGGCACGAAAGCTAGGGGAGCGAACAGG,26.6254735657606,Bacteria,Planctomycetota,Planctomycetes,Planctomycetales,Rubinisphaeraceae,Planctomicrobium,NA
TACGGAGGATGCAAGCGTTATCCGGAATCATTGGGTTTAAAGGGTCCGTAGGCGGTATAATAAGTCAGTGGTGAAATGTCCCGGCTCAACCGGGGAGTTGCCATAGATACTGTTATACTTGAATTAACAGGAAGTATCTGGAATGTGTAGTGTAGCGGTGAAATGCATAGATATTACACAGAATACCGATTGCGAAGGCAGGGTACTATTGTATAATTGACGCTGATGGACGAAAGCGTGGGGAGCGAACAGG,26.4325724785895,Bacteria,Bacteroidota,Bacteroidia,Flavobacteriales,Flavobacteriaceae,Ascidiimonas,NA
TACAGAGGGTGCAAGCGTTAATCGGAATTACTGGGCGTAAAGCGCGCGTAGGTGGTTCGTTAAGTTGGATGTGAAATCCCCGGGCTCAACCTGGGAACTGCATTCAAAACTGACGAGCTAGAGTATGGTAGAGGGTGGTGGAATTTCCTGTGTAGCGGTGAAATGCATAGATATAGGAAGGAACACCAGTGGCGAAGGCGACCACCTGGACTGATACTGACACTGAGGTGCGAAAGCGTGGGGAGCAAACAGG,26.5423026153799,Bacteria,Proteobacteria,Gammaproteobacteria,Pseudomonadales,Pseudomonadaceae,Pseudomonas,NA
TACTGAGGGTGCAAGCGTTAATCGGAATTACTGGGCGTAAAGCGAGTGTAGGCGGCTTCGTAAGTCGGATGTGAAAGCCCCGGGCTTAACCTGGGAATGCCATTCGATACTGCGCGGCTAGAGTCTGATAGAGGGAAGTGGAATTCCAGGTGTAGCGGTGAAATGCGTAGATATCTGGAGGAACACCAGTGGCGAAGGCGGCTTCCTGGATCAAGACTGACGCTGAGGCTCGAAAGCGTGGGGAGCAAACAGG,28.59057042578,Bacteria,Proteobacteria,Gammaproteobacteria,Gammaproteobacteria Incertae Sedis,Unknown Family,NA,NA
TACGGAGGGTGCAAACGTTGCTCGGAATTATTGGGCGTAAAGCGCACGTAGGCGGCTCAGAAAGTCGGATGTGAAATCCCTCGGCTTAACCGAGGACGTGCATTCGAAACTGCTGAGCTTGAGTACGGGAGAGGGTCGCGGAATTCCCGGTGTAGAGGTGAAATTCGTAGATATCGGGAGGAACACCAGTGGCGAAGGCGGCGACCTGGACCGATACTGACGCTGAGGTGCGAAAGCGTGGGGAGCAAACAGG,26.1061702983532,Bacteria,Myxococcota,Polyangia,Haliangiales,Haliangiaceae,Haliangium,NA
TACGGAGGGTGCAAGCGTTAATCGGAATTACTGGGCGTAAAGCGCGCGTAGGCGGTAAGTTAAGCGGGATGTGAAATCCCCGGGCTCAACCTGGGAACTGCATTTCGAACTGGCTTGCTAGAGTACAGAAGAGGGTGGTGGAATTTCCAGTGTAGCGGTGAAATGCGTAGAGATTGGAAGGAACATCAGTGGCGAAGGCGGCCACCTGGTCTGATACTGACGCTGAGGTGCGAAAGCGTGGGGAGCAAACAGG,26.4325724785895,Bacteria,Proteobacteria,Gammaproteobacteria,Cellvibrionales,Cellvibrionaceae,Candidatus Endobugula,NA
TACGTAGGGTGCGAGCGTTGTCCGGAATCACTGGGCGTAAAGGGAGCGTAGGTGGTTATATAAGTCCTCAGTAAAAGGCATTGGCTTAACCAATGTAAGCTGAGGAAACTATATGACTTGAGTACAGTAGAGGTAAGTGGAATTCCTAGTGTAGCGGTGAAATGCGTAGATATTAGGAGGAACACCAGTGGCGAAGGCGACTTACTGGGCTGTAACTGACACTGAGGCTCGAAAGCGTGGGGAGCAAACAGG,28.1495343606192,Bacteria,Firmicutes,Clostridia,MAT-CR-H4-C10,NA,NA,NA
TACTGAAGGTGCAAGCGTTAATCGGAATCACTGGGCGTAAAGCGCTCGTAGGTGGCTTTGTAAGTCAGGTGTGAAAGCCCACGGTTCAACCGTGGAATTGCACTTGATACTGCATCGCTAGAGTATAGGAGAGGGAAGTGGAATTTCTGGTGTAGGAGTGAAATCCGTAGAGATCAGAAGGAACACCCGTGGCGAAGGCGACTTCCTGGACTATTACTGACACTGAGGAGCGAAAGCGTGGGGAGCAAACAGG,28.1923192457858,Bacteria,Desulfobacterota,Desulfovibrionia,Desulfovibrionales,Desulfovibrionaceae,Halodesulfovibrio,NA
TACGGGGGGAGCAAGCGTTGCTCGGAATAATTGGGCGTAAAGGGTGCGTAGGTGGTCTTTTAAGTGGAGTGTTAAAGGCTTGGACTTAATCTAAGTGTTGCATTTTATACTGAAAGACTTGAGTATGGGAGAGGAAATGAGAATTCTCTCAAGTAGAGGTGAAATTCGTTGATATGAGGAGGAATACCGAATGCGAAGGCAAGTTTCTGGAACATTACTGACACTGAGGCACGAAAGCGTGGGGAGCAAACAGG,28.4829340424154,Bacteria,Proteobacteria,Alphaproteobacteria,Holosporales,Holosporaceae,NA,NA
TACGGAGGGGGCTAGCATTGTTCGGAATTACTGGGCGTAAAGCGCGCGTAGGCGGTTTAGCAAGTTAGGGGTGAAATCCCGGGGCCCAACCCCGGAACTGCCTCTAAAACTGCTAAACTAGAATTCAAGAGAGGTAGGCGGAACTCCCAGTGTAGAGGTGAAATTCGTAGATATTGGGAAGAACACCAGTGGCGAAGGCGGCTTACTGGCTTGATATTGACGCTGAGGTGCGAAAGCGTGGGGAGCAAACAGG,26.3853109334111,Bacteria,Proteobacteria,Alphaproteobacteria,NA,NA,NA,NA
TACGGGAGGGGCTAGTGTTACTCTTCGTTACTGGGTGTAAAGGGTATTAAGGTTGTTTAATAAGTTTTTAATGAAATCTTAAACTTTAATTTTAAAAGTGTTAATAAATACTGTTAAACTAAGAGTATATTAGGAGATAGTTGTATGCTTAGTGTAGGGTTAGAATCCATCAATATTAAGAAGACATTCAATAGGCGAAGGCTACTATCTATAATATTACTGACGCTGAAATACAAAAGCGTGAGGAGCAAACAGG,28.2559771739892,Bacteria,Proteobacteria,Alphaproteobacteria,Rickettsiales,Mitochondria,NA,NA
TACGGAGGGGGCTAGCGTTGTTCGGAATTACTGGGCGTAAAGGGCGCGTAGGCGGCTTTGCCAGTCAGGCGTGAAAGCCCCGGGCTTAACCTGGGAACTGCGCTTGATACTGCGAGGCTAGAGTTCGGGAGAGGAGAGTGGAATTCCCAGTGTAGAGGTGAAATTCGTAGATATTGGGAAGAACACCAGTGGCGAAGGCGGCTCTCTGGACCGATACTGACGCTGAGGCGCGAAAGCGTGGGGAGCAAACAGG,28.2462904492928,Bacteria,Proteobacteria,Alphaproteobacteria,NA,NA,NA,NA
TACGGAGGGGGCTAGCGTTGTTCGGAATTACTGGGCGTAAAGCGCGCGTAGGCGGACTGTTAAGTCGGGGGTGAAATCCCGGGGCTCAACCCCGGAACTGCCTCCGATACTGGCAGTCTTGAGGTCTGGAGAGGTGAGTGGAATTCCGAGTGTAGAGGTGAAATTCGTAGATATTCGGAGGAACACCAGTGGCGAAGGCGGCTCACTGGCCAGATACTGACGCTGAGGTGCGAAAGCGTGGGGAGCAAACAGG,26.0356048795316,Bacteria,Proteobacteria,Alphaproteobacteria,Rhodobacterales,Rhodobacteraceae,NA,NA
GACGAGGGGTCCTAGCGTTGTTCGGAATCATTGGGCGTAAAGCGGGTGTAGGCTGCTTGACCAGTCAGATGTGAAATCCCAGGGCTCAACCCTGGACGTGCATTTGATACTATCAAGCTTGAGTGTTGGAGAGGTTCGTGGAATTCCAGGTGTAGTGGTGAAATACGTAGATATCTGGAGGAACATCGGTGGGGAAGCCGGCGGACTGGCCAAACACTGACGCTCAGACCCGAAAGCGTGGGGATCAAACAGG,26.6912950612821,Bacteria,Bdellovibrionota,Bdellovibrionia,Bdellovibrionales,Bdellovibrionaceae,Bdellovibrio,NA
TACGGAGGGTGCAAGCGTTACTCGGAATCACTGGGCGTAAAGCGCGCGCAGGCGGCCTTTTAAGTTGGATGTGAAAGCCTATGGCTCAACCATAGAACTGCATCCAAAACTATTAGGCTAGAGTGTGGGAGAGGAAGATGGAATTAGTTGTGTAGGGGTAAAATCCGTAGAGATAACTAGGAATACCAAAAGCGAAGGCAATCTTCTGGAACATTACTGACGCTGAGGCGCGAAAGCGTGGGGAGCAAACAGG,27.0434998719352,Bacteria,Campilobacterota,Campylobacteria,Campylobacterales,Sulfurovaceae,Sulfurovum,NA
AACGTAGGAACCGAGCGTTATCCGAATTTACTGGGCGTAAAGCGCGTGTAGGCGGTTAGGTAAGTTGGATGTGAAAGCTCCCGGCTCAACTGGGAGAGGACGTTCAAAACTGCCTGACTAGAGGGCGACAGAGGGAGGTGGAATTCCCGGTGTAGTGGTGAAATGCGTAGATATCGGGAGGAACACCAGAGGCGAAGGCGGCCTCCTGGGTCGCACCTGACGCTCAGACGCGAAAGCTAGGGGAGCGAACGGG,28.1943326416006,Bacteria,Chloroflexi,Anaerolineae,Anaerolineales,Anaerolineaceae,NA,NA
TACGGAGGGTGCGAGCGTTAATCGGAATTACTGGGCGTAAAGCGCATGCAGGTGGTTTGTTAAGTCAGATGTGAAAGCCCGGGGCTCAACCTCGGAATTGCATTTGAAACTGGCAGACTAGAGTACTGTAGAGGGGGGTAGAATTTCAGGTGTAGCGGTGAAATGCGTAAAGATCTGAAGGAATACCGGTGGCGAAGGCGGCCCCCTGGACAGATACTGACACTCAGATGCGAAAGCGTGGGGAGCAAACAGG,26.0253375971,Bacteria,Proteobacteria,Gammaproteobacteria,Vibrionales,Vibrionaceae,Vibrio,NA
TACGGAGGGTCCAAGCGTTATCCGGATTTATTGGGTTTAAAGGGTGCGCAGGCGGAACTTTAAGTCAGTGGTGAAATCTTGCCGCTTAACGGTAAAATTGCCATTGATACTGAAGTTCTTGAATGTAGTTGAGGTAGGCGGAATGTGTTGTGTAGCGGTGAAATGCATAGATATGACACAGAACGCCAATTGCGAAGGCAGCTTACTAAGCTACGATTGACGCTGAGGCACGAAAGCGTGGGGAGCGAACAGG,26.8135365085955,Bacteria,Bacteroidota,Bacteroidia,Bacteroidales,Prolixibacteraceae,Draconibacterium,sediminis
TACGGAGGATGCAAGCGTTATCCGGAATCATTGGGCGTAAAGCGTCCGCAGGTGGCTAGTCAAGTCTGCTGTTAAAGACAGAAGCTCAACTTCTGATAGGCAGTGGAAACTGGGTAGCTAGAGTATGGTAGGGGTTGAGGGAATTCCCAGTGTAGCGGTGAAATGCGTAGATATTGGGAAGAACACCAGTGGCGAAGGCGCTCAACTGGGCCATAACTGACACTCAGGGACGAAAGCTAGGGTAGCGAAAGGG,25.9512266593402,Bacteria,Cyanobacteria,Cyanobacteriia,Cyanobacteriales,Xenococcaceae,Pleurocapsa PCC-7319,NA
GACAGAGGGTGCGAACGTTGTTCGGAATTACTGGGCGTAAAGCGCGTGTAGGCTGTTGCGCAAGTCGGGTGTGAAAGCCCTGGGCTCAACCCAGGAAGTGCACTCGAAACTGCGTGACTGGAGTCTCGGAGAGGGAGGCGGAATTCTCGGTGTAGAGGTGAAATTCGTAGATATCGAGAGGAACACCAGTGGCGAAGGCGGCCTCCTGGACGATGACTGACGCTGAGACGCGAAAGCGTGGGGAGCAAACAGG,27.9664439250224,Bacteria,Myxococcota,Polyangia,Polyangiales,Eel-36e1D6,NA,NA
TACGGAGGGTGCAAGCGTTAATCGGAATTACTGGGCGTAAAGCGCGCGTAGGCGGTTTTGTAAGTCGGATGTGAAAGCCCCGGGCTTAACCTGGGAATTGCATTCGATACTGCATAACTAGAGTACGGTAGAGGGAAGTGGAATTCCGGGTGTAGCGGTGAAATGCGTAGATATCCGGAGGAACACCAGTGGCGAAGGCGACTTCCTGGGCCAGTACTGACGCTGAGGTGCGAAAGCGTGGGGAGCAAACAGG,28.0916947013161,Bacteria,Proteobacteria,Gammaproteobacteria,Steroidobacterales,Woeseiaceae,Woeseia,NA
CACGGGGGGAGCAAGCGTTGTTCGGAATCATTGGGCGTAAAGAGCTCGTAGGCGGCTTCGTAAGTCGAGGGTGAAATCCAATGGCTCAACCATTGACCCGCCTCCGAAACTACGAAACTTGAGGCCGAGAGAGGAAAGTGGAATTCCAGGTGTAGCGGTGAAATGCGTAGATATCTGGAGGAACACCAGTGGCGAAGGCGACTTTCTGGCTCGGTTCTGACGCTGAGGAGCGAAAGCTAGGGGAGCGAACGGG,26.2231104023189,Bacteria,Latescibacterota,Latescibacteria,Latescibacterales,Latescibacteraceae,NA,NA
CACGTAGGAAGCTAACGTTATCCGGATTTACTGGGCGTAAAGCGCGTGCAGGCTGTTCGGTAAGTTGGACGTGAAAGCTCCCGGCTCAACTGGGAGAGGTCGTTCAATACTGTTGGACTAGAGGATGGTAGAGGGAGGTGGAATTCCGGGTGTAGTGGTGAAATGCGCAGATATCCGGAGGAACACCAGTGGCGAAAGCGGCCTCCTGGACCACTCCTGACGCTCAGACGCGAAAGCTAGGGTAGCGAACGGG,27.8084908693058,Bacteria,Chloroflexi,Anaerolineae,Anaerolineales,Anaerolineaceae,ADurb.Bin120,NA
TACGTAAGGGGCGAGCGTTGTCCGGATTCACTGGGCGTAAAGGGCGCGTAGGCGGCGATACAAGTCAGAGGTGAAAGCTATAGGCTCAACCTGTAAATGGCCTTTGAAACTGTATTGCTTGAGTATTGCAGAGGAAAGTGGAATTCATGGTGTAGCGGTGAAATGCGTAGATATCATGGAGAACACCTATGGCGAAGGCAGCTTTCTGGGCAAATACTGACGCTGAGGCGCGAAAGCTAGGGTAGCGAACAGG,27.8084908693058,Bacteria,NA,NA,NA,NA,NA,NA
TACGTATGTTGCAAGCGTTACTCGGAATCACTGGGCGTAAAGAGTTCGTAGGCGGACTTTCAAGTCAGAAGTGAAATTTTAGGGCTCAACCCTAAAACTGCTTTTGAAACTGATTGTCTTGAGTATGTGAGAGGAAGATGGAATTCCTGGTGTAGCGGTGGAATGCGTAGATATCAGGAAGAACACCGGTGGCGAAGGCGGTCTTCTGGCACAATACTGACGCTGAGGAACGAAAGCGTGGGGAGCGAACAGG,28.5147256882591,Bacteria,Fibrobacterota,Chitinivibrionia,Chitinivibrionales,Chitinivibrionaceae,possible genus 03,NA
TACGGAGGGTGCAAGCGTTACTCGGAATCACTGGGCGTAAAGCGCGCGCAGGCGGGCTGATAAGTTGGATGTGAAAGCCTACGGCTCAACCGTAGAACTGCATCCAAAACTGTCAGTCTAGAGTGTGGGAGAGGAAGATGGAATTAGTTGTGTAGGGGTAAAATCCGTAGAGATAACTAGGAATACCAAAAGCGAAGGCAATCTTCTGGAACACTACTGACGCTGAGGCGCGAAAGCGTGGGGAGCAAACAGG,27.8973286548792,Bacteria,Campilobacterota,Campylobacteria,Campylobacterales,Sulfurovaceae,Sulfurovum,NA
TACGGAGGGTGCAAGCGTTAATCGGAATTACTGGGCGTAAAGCGCGCGTAGGCGGTTTTGTTAGTCGGATGTGAAATCCCCGGGCTTAACCTGGGAACTGCATTCGATACTGCATAACTAGAGTATGGTAGAGGGAAGTGGAATTTCCGGTGTAGCGGTGAAATGCGTAGATATCGGAAGGAACACCAGTGGCGAAGGCGACTTCCTGGGCCAATACTGACGCTGAGGTGCGAAAGCGTGGGGAGCAAACAGG,25.8927209194513,Bacteria,Proteobacteria,Gammaproteobacteria,Steroidobacterales,Woeseiaceae,Woeseia,NA
CACGGGGGGAGCAAGCGTTGTTCGGAATCATTGGGCGTAAAGAGCTCGTAGGCGGCTTCGTAAGTCGAGGGTGAAATCCAATGGCTCAACCATTGACCCGCCTCCGAAACTACGAAACTTGAGGCCGAGAGAGGAAAGTGGAATTCCAGGTGTAGCGGTGAAATGCGTAGATATCTGGAGGAACACCAGTGGCGAAGGCGACTTTCTGGCTCGGTCCTGACGCTGAGGAGCGAAAGCTAGGGGAGCGAACGGG,25.8927209194513,Bacteria,Latescibacterota,Latescibacteria,Latescibacterales,Latescibacteraceae,NA,NA
TACGGAGGGTGCAAGCGTTATCCGGATTTATTGGGTTTAAAGGGTGCGCAGGCTGGCTTGTCAGTCAGAGGTGAAATCCCGGGGCTTAACCCCGGAACTGCCTTTGATACTGCAAGTCTTGAATACGGTTGAAGTAGGCGGAATGTAGCATGTAGCGGTGAAATGCATAGAGATGCTACAGAACACCGATCGCGAAGGCAGCTTACTAAGCCGATATTGACGCTCAGGCACGAAAGCGTGGGGAGCGAACAGG,27.7276065901383,Bacteria,Bacteroidota,Bacteroidia,Bacteroidetes VC2.1 Bac22,NA,NA,NA
TACGGAGGGTGCGAGCGTTAATCGAAATTACTGGGCGTAAAGCGCATGCAGGTGGATGATTAAGTCAGATGTGAAAGCCCGGGGCTCAACCTCGGAATAGCATTTGAAACTGGTCATCTAGAGTACTGTAGAGGGGGGTAGAATTTCAGGTGTAGCGGTGAAATGCGTAGAGATCTGAAGGAATACCGGTGGCGAAGGCGGCCCCCTGGACAGATACTGACACTCAGATGCGAAAGCGTGGGGAGCAAACAGG,27.7276065901383,Bacteria,Proteobacteria,Gammaproteobacteria,Vibrionales,Vibrionaceae,Vibrio,NA
AACGTAGGGGTCAAGCGTTATCCGGATTTACTGGGCGTAAAGCGCATGTAGGCGGCTGCTTAAGTCGGACGTGAAAGCTCCTGGCTCAACTGGGAGAGGCCGTTCGAAACTAGGTAGCTCGAGGGTGGTAGAGGAGAGTGGAATTCCCGGTGTAGTGGTGAAATGCGTAGATATCGGGAGGAACACCAGTGGCGAAGGCGGCTCTCTGGGCCACTCCTGACGCTGAGATGCGAAAGCTAGGGGAGAGAACGGG,25.5851283253504,Bacteria,Chloroflexi,Anaerolineae,Ardenticatenales,NA,NA,NA
AACGTAGGAGGCGAGCGTTATCCGGATTTACTGGGCGTAAAGCGCGTGCAGGCGGTTTTCTAAGTCGGACGTGAAAGCTCCTGGCTCAACTAGGAGAGGTCGTTCGAAACTAGGAGGCTTGAGGATGGTAGAGGAGAGTGGAATTCCCGGTGTAGTGGTGAAATGCGTAGATATCGGGAGGAACACCAGTGGCGAAGGCGGCTCTCTGGGCCATTCCTGACGCTAAGACGCGAAAGCTAGGGGAGAGAACGGG,27.7403683726308,Bacteria,Chloroflexi,Anaerolineae,Ardenticatenales,NA,NA,NA
TACGAAAAGTGCAAACGTTGTTCGGAATCACTGGGCGTAAAGCGCACGTAGGCGGGCTTTTAAGTCGATTGTGAAATCCCAGGGCTTAACCTTGGAACTGCAGTCGAAACTGGAAGTCTTGAATATCTGAGAGGTTGGGGGAATTCCTGGTGGAGAAGTGAAATTCGTAGATATCAGGAGGAACACCGGAGGCGAAGGCGCCTGACTGGCAGAATATTGACGCTGATGTGCGAAAGCGTGGGGAGCAAACAGG,27.7403683726308,Bacteria,Bdellovibrionota,Oligoflexia,Oligoflexales,NA,NA,NA
TACGGAGGATGCAAGCGTTATCCGGAATCATTGGGTTTAAAGGGTCCGTAGGCGGGCAAATAAGTCAGTGGTGAAAGTCTGCAGCTCAACTGTAGAATTGCCATTGATACTGTTAGTCTTGAATCACTATGAAGTAGTTAGAATGTGTAGTGTAGCGGTGAAATGCATAGATATTACACAGAATACCGATTGCGAAGGCAGATTACTAGTAGTGTATTGACGCTGATGGACGAAAGCGTGGGTAGCGAACAGG,27.4997954122291,Bacteria,Bacteroidota,Bacteroidia,Flavobacteriales,Flavobacteriaceae,Ascidiimonas,NA
TACGGAGGGTGCAAGCGTTGTTCGGAATTACTGGGCGTAAAGGGCGCGCAGGAGGCATGTCAAGTCAGATGTGAAAGCCCACGGCTTAACCGTGGAAGTGCATTTGAAACTGGCATGCTTGAGTATCAGAGGGGAAAGTGGAATTCCTGGTGTAGAGGTGAAATTCGTAGATATCAGGAGGAATACCGGTGGCGAAGGCGACTTTCTGGCTGAATACTGACGCTGAGGCGCGAAAGCGTGGGGAGCAAACAGG,27.1525505153098,Bacteria,Desulfobacterota,Desulfobulbia,Desulfobulbales,Desulfobulbaceae,NA,NA
TACGTAGGTGGCAAGCGTTGTCCGGATTTACTGGGCGTAAAGGGCGTGCAGGCGGTCTTTTAAGTTTGGGGTGAAAGCTCCCGGCTCAACTGGGAGAGGTCCTCAGATACTGGAAGACTTGAGGGAGGCAGAGGAAAGTGGAATTCCCGGTGTAGTGGTGATATGCGTAGATATCGGGAGGAACACCAGTGGCGAAGGCGGCTTTCTGGGCCTTTCCTGACGCTGAGACGCGAAAGCGTGGGGAGCGAACCGG,27.1525505153098,Bacteria,Chloroflexi,Dehalococcoidia,S085,NA,NA,NA
TACTGAGGGTGCGAGCGTTAATCGGAATTACTGGGCGTAAAGCGCGCGTAGGCGGTTATGTAAGCTAGATGTGAAATCCCCGGGCTTAACCTGGGAACTGCATTTAGAACTGCATGGCTAGAGTTTTGGAGAGGAGAGTAGAATTCCCAGTGTAGCGGTGAAATGCGTAGAGATTGGGAGGAATACCAGTGGCGAAGGCGGCTCTCTGGCCAAAAACTGACGCTGAGGTGCGAAAGCGTGGGGAGCAAACAGG,27.1525505153098,Bacteria,Proteobacteria,Gammaproteobacteria,Oceanospirillales,Hahellaceae,Hahella,NA
TACGGAGGGTGCGAGCGTTAATCGGAATTACTGGGCGTAAAGCGCATGCAGGCGGTCTGTTAAGCAAGATGTGAAAGCCCCGGGCTTAACCTGGGAACTGCATTTTGAACTGGCAGGCTAGAGTCTTGTAGAGGGGGGTAGAATTTCAGGTGTAGCGGTGAAATGCGTAGAGATCTGAAGGAATACCGGTGGCGAAGGCGGCCCCCTGGACAAAGACTGACGCTCAGATGCGAAAGCGTGGGGAGCAAACAGG,26.0031852981615,Bacteria,Proteobacteria,Gammaproteobacteria,Vibrionales,Vibrionaceae,Grimontia,NA
TACGGAGGGTGCAAGCGTTAATCGGAATTACTGGGCGTAAAGCGCGCGTAGGCGGTTTTGTTAGTCGGATGTGAAATCCCCGGGCTTAACCTGGGAACTGCATTCGATACTGCATAACTAGAGTATGGTAGAGGGAAGTGGAATTCCGGGTGTAGCGGTGAAATGCGTAGATATCCGGAGGAACACCAGTGGCGAAGGCGACTTCCTGGGCCAATACTGACGCTGAGGTGCGAAAGCGTGGGGAGCAAACAGG,27.7066257207928,Bacteria,Proteobacteria,Gammaproteobacteria,Steroidobacterales,Woeseiaceae,Woeseia,NA
TACGAGGGGTCCTAGCGTTGCTCGGAATCATTGGGCGTAAAGCGGGTGTAGGCGGCTTAGTAAGTCAGAAGTGAAAGCCCTGGGCTCAACCCAGGAAGTGCTTTTGATACTGCTAAGCTTAAGTATGGGAGAGGGTAGTAGAATTCCTGGTGTAGTGGTGAAATACGTAGATATCAGGAGGAATACCGGTGGCGAAGGCGGCTGCCTGGCCCAATACTGACGCTCAGACCCGAAAGCGTGGGGAGCAAACAGG,27.3150295426898,Bacteria,Bdellovibrionota,Bdellovibrionia,Bdellovibrionales,Bdellovibrionaceae,Bdellovibrio,NA
TACGAAGGTCCCAAGCGTTGTTCGGAATTACTGGGCGTAAAGCGTGCGTAGGCGGCGGGGTAAGTCAGATGTGAAATCCCGGGGCTCAACCCCGGAACTGCATCCGATACTGCCCTGCTAGAGTGATGGAGGGGCATCTGGAATTCACGGTGTAGCAGTGAAATGCGTGGATATCGTGAGGAACACTAGTGGCGAAGGCGAGATGCTGGACATTTACTGACGCTGAGGTACGAAGGCCAGGGTAGCGAACGGG,27.3150295426898,Bacteria,Verrucomicrobiota,Verrucomicrobiae,Verrucomicrobiales,DEV007,NA,NA
TACGTACCGGACGAGCGTTATTCGGAATCACTGGGCTTAAAGAGTACGTAGGCGGCCTTGAAGGTGGGGTGTGAAATCCCACGGCTTAACCGTGGAACTGCGCTCCAAACCGCAAGGCTTGAGGGAGACAGAGGTGAGCGGAACTGATGGTGGAGCGGTGAAATGCGTTGATATCATCAGGAACACCCGTGGCGAAGGCGGCTCACTGGGTCTCTTCTGACGCTGAGGTACGAAAGCTAGGGGAGCGAACGGG,27.0434998719352,Bacteria,Planctomycetota,Planctomycetes,Pirellulales,Pirellulaceae,Blastopirellula,NA
TACGAGGGGTGCAAGCGTTGTTCGGAATCATTGGGCGTAAAGCGGGTGTAGGTGGCCGTATAAGTCAGAAGTGAAAGCCCAGGGCTCAACCTTGGAAGTGCTTTTGATACTGTACGGCTTGAGTGTGGGAGAGGGTGCTAGAATTCCTGGTGTAGTGGTGAAATACGTAGAGATCAGGAGGAACACCGGTGGCGAAGGCGGGTGCCTGGCCCAACACTGACACTCAGACCCGAAAGCGTGGGTAGCAAACAGG,27.0983136343304,Bacteria,Bdellovibrionota,Bdellovibrionia,Bdellovibrionales,Bdellovibrionaceae,Bdellovibrio,NA
TACGGAGGGTGCAAGCGTTATCCGGATTTATTAGGTTTAAAGGGTGCGTAGGCGGAAGCTTAAGTCAGTGGTAAAAGGCAGTAGCTTAACTATTGTAAGCCATTGAAACTGGGTTTCTTGAGTTCGGTAGAGGTAGGCGGAATGTGTTGTGTAGCGGTGAAATGCATAGATATAACACAGAACACCGATTGCGAAGGCAGCTTACTATGCCGTTACTGACGCTGATGCACGAAAGCGTGGGTATCAAACAGG,27.0983136343304,Bacteria,Bacteroidota,Bacteroidia,Bacteroidales,Marinilabiliaceae,NA,NA
TACGGAGGGTGCAAGCGTTGTCCGGAATTATTGGGTGTAAAGGGTGCGCAGGTGGAATAATTAGTCGGGGGTGAAAGCCTACAGCTTAACTGTAGAATTGCCTTCGATACTGTTATTCTTGAGTCCCGGAGAGGTCATCGGAATTCGTGGTGTAGCGGTGAAATGCGTAGATATCACGAGGAACACCTGAAGCGTAGGCGGATGACTGGACGGGTACTGACACTGAGGCACGAAAGCGTGGGGAGCGAACAGG,27.0301873016024,Bacteria,Bacteroidota,Rhodothermia,Rhodothermales,Rhodothermaceae,NA,NA
TACGGAGGGAGCAAACGTTGTCCGGAATCATTGGGCGTAAAGGGTACGAAGGTGGGATCTTAAGTCAGTTGTTAAAGATTACGGCTTAACCGTGATTTGCAATTGAAACTGGGATTCTTGAGTTCGAGAGGGGACGGTGGAATATCTAGTGTAGCGGTGGAATGCGTAGATATTAGATAGAACACCCGAGGCGAAGGCGACCGTCTGGCTCGTAACTGACACTCAAGTACGAAAGCATGGGTAGCGAACAGG,27.0416432601307,Bacteria,NA,NA,NA,NA,NA,NA
TACGGAGGATCCAAGCGTTATCCGGATTTATTGGGTTTAAAGGGTGCGTAGGTGGCTGTATAAGTCAGTAGTGAAATCTCGGAGCTCAACTCCGAACGTGCTATTGAAACTGTATAGCTTGAATTCAGACGAGGCAGGCGGAATGTGTAATGTAGCGGTGAAATGCATAGATATTACACAGAACACCGATAGCGAAGGCAGCTTGCCAGACTACGATTGACACTAATGCACGAAAGCGTGGGTAGCGAACAGG,26.9707233504834,Bacteria,Bacteroidota,Bacteroidia,Bacteroidales,Marinifilaceae,NA,NA
TACGGAGGATCCAAGCGTTATCCGGATTTATTGGGTTTAAAGGGTGCGTAGGTGGCTGTATAAGTCAGTAGTGAAATCTCGGAGCTCAACTCCGAACGTGCTATTGAAACTGTATAGCTTGAATTCAGACGAGGCAGGCGGAATGTGTAATGTAGCGGTGAAATGCATAGATATTACACAGAACACCGATAGCGAAGGCAGCTTGCCAGACTGCGATTGACACTAATACACGAAAGCGTGGGTAGCGAACAGG,26.6237326043956,Bacteria,Bacteroidota,Bacteroidia,Bacteroidales,Marinifilaceae,NA,NA
TACGGAGGATCCAAGCGTTATCCGGAATTATTGGGTTTAAAGGGTGCGTAGGCTGGATCCTAAGTCAGTGGTGAAAAGCTATGGCTTAACTATAGTCGTGCCATTGATACTGGGATTCTTGAATTAGGTTGACGTTTGCGGAATGTGTCATGCAGCGGTGAAATGCATAGATATGCCACAGAACTCCGATAGCGAAGGCAGCAAGCGAAACCTTGATTGACGCTGATGCACGAAAGCGTGGGTAGCGAACAGG,26.6534949753818,Bacteria,Bacteroidota,Bacteroidia,NA,NA,NA,NA
TACGGAGGGTGCAAGCGTTAATCGGAATTACTGGGCGTAAAGCGCGCGTAGGTGGTTATTCAAGTTGGATGTGAAAGCCCCGGGCTCAACCTGGGAACTGCATTCAAAACTGTATAACTAGAGTATAGTAGAGGGCGATGGAATTTCCTGTGTAGCGGTGAAATGCGTAGATATAGGAAGGAACATCAGTGGCGAAGGCGATCGCCTGGACTAATACTGACACTGAGGTGCGAAAGCGTGGGTAGCAAACAGG,26.7557028987447,Bacteria,Proteobacteria,Gammaproteobacteria,NA,NA,NA,NA
TACGTAAGGAGCGAGCGTTGTTCGGAATTATTGGGCGTAAAGTGCGTGCAGGCGGTCTACTAAGTCTGATGTGAAAGCATGCAGCTCAACTGTATTGTTGCGTTGGAAACTAGTAGACTAGAATTCGAGAGAGGAAATTGGAATTCCTGGTGTAGGGGTGGAATCTGTTGATATCAGGAAGAACACCTGAGGCGAAAGCGAATTTCTGGCTCTGAATTGACGCTGAAGCGCGAAAGCGTAGGGAGCAAACAGG,26.7557028987447,Bacteria,NA,NA,NA,NA,NA,NA
GTGTCAGCAGCCGCGGTAATACGTAAGAGACTAGTGTTATTCATCTTAATTAGGTTTAAAGGGTACTCAAACGGTCTGCTTCGCATAAAAAGACTAGAGTTATATAGAAGAAGGTAGTACCTTAAGTGTAGAGATTATATTTGGTCATACTCGAGGGACTTAGAAAAGGCGTAGGCAACCTTCTAAGCAATAACTGACGTTGAAGGACGAAGGCATAGGTCACGAACAGGATTAGATACCCCTGTAGTCCGCTGTCTCTTAACACATCT,26.7557028987447,Bacteria,Proteobacteria,Alphaproteobacteria,Rickettsiales,Mitochondria,NA,NA
TACGTAAGGGGCTAGCGTTATCCGGAATTACTGGGCGTAAAGGGTACGTAGGCGGTTTATTAAGTCAGGGGTGAAAGGCTACGGCTCAACCGTAGTAAGCCTTTGAAACTGATAAACTTGAGTATGGTAGAGGAAAGTGGAATTCCTGGTGTAGCGGTGAAATGCGTAGATATCAGGAGGAACATCGATGGCGAAGGCAGCTTTCTGGGCCATTACTGACGCTGAGGTACGAAAGCGTGGGGAGCGAACAGG,25.6051295486282,Bacteria,Firmicutes,Clostridia,Peptostreptococcales-Tissierellales,NA,NA,NA
TACGGAGGGTGCAAGCGTTGTTCGGAATTACTGGGCGTAAAGCGCGCGTAGGTGGTTTTATAAGTCAGATGTGAAAGTCCACGGCTCAACCGTGGAAGTGCATTTGAAACTGTAGGACTTGAGTACTGGAGGGGGTAGTGGAATTCCCGGTGTAGAGGTGAAATTCGTAGATATCGGGAGGAATACCGGTGGCGAAGGCGACTACCTGGCCAGATACTGACACTGAGGTGCGAAAGCGTGGGGAGCAAACAGG,27.9313830515154,Bacteria,Desulfobacterota,Desulfobulbia,Desulfobulbales,Desulfocapsaceae,Desulforhopalus,NA
TACGAGGGGTGCTAGCGTTGTCCGGAATCATTGGGCGTAAAGGGCATGTAGGTGTCCTGGTAAGTCTTCTGTTAAATCCCTCAGCTTAACTGAGGATCTGCAGGAGAAACTGTCAGGATTGAGTTCGAGAGAGGAAAGCGGAATTCCTGGTGTAGCGGTGACATGCGTAGATATCAGGAGGAACACCAAAGGCGAAGGCAGCTTTCTGGCTCGATACTGACGCTGAAATGCGAAAGCGTGGGGAGCAAACAGG,27.8591097364546,Bacteria,Marinimicrobia (SAR406 clade),NA,NA,NA,NA,NA
GACGTAGGGGGCTAGCGTTGTCCGGAATTACTGGGCGTAAAGAGCTCGTAGGCGGTCTGTTTAGTCGGGTGTGAAAGCCCTCGGCTCAACCGAGGAATTGCATTCGATACTGGCAGGCTAGAGTCTAGCAGAGGGAAGTGGAATTCCCGGTGTAGCGGTGAAATGCGCAGATATCGGGAAGAACACCGGTGGCGAAGGCGGCTTCCTGGGCTAAGACTGACGCTGAGGAGCGAAAGCTAGGGTAGCAAACAGG,27.0434998719352,Bacteria,Actinobacteriota,RBG-16-55-12,NA,NA,NA,NA
TACGGAGGGTGCAAGCGTTAATCGGAATTACTGGGCGTAAAGCGCTCGTAGGCGGTTTGTTAAGTCGGATGTGAAAGCCCCGGGCTCAACCTGGGAACTGCATTCGATACTGACAGACTAGAGTATAGTAGAGGCAAGTGGAATTCCGGGTGTAGCGGTGAAATGCGTAGATATCCGGAGGAACATCAGTGGCGAAGGCGACTTGCTGGACTAATACTGACGCTGAGGAGCGAAAGCGTGGGGAGCAAACGGG,27.4290246068083,Bacteria,Proteobacteria,Gammaproteobacteria,BD7-8,NA,NA,NA
TACGTATGTGGCGAGCGTTACTCGGAATCACTGGGCGTAAAGAGTACGTAGGCGGATATATAAGCCAGGGGTGAAATTTCGGAGCTCAACTTCGAACCTGCCTTTGGAACTGTATATCTTGAGTATGTGAGGGGAAGATGGAATTCCTGGTGTAGCGGTGGAATGCGTAGATATCAGGAAGAACACCGGCGGCGAAGGCGGTCTTCTGGCACAATACTGACGCTGAGGTACGAAAGCGTGGGGAGCGAACAGG,27.4290246068083,Bacteria,Fibrobacterota,Chitinivibrionia,Chitinivibrionales,Chitinivibrionaceae,possible genus 03,NA
