,X,log2FoldChange,Kingdom,Phylum,Class,Order,Family,Genus,Species
1,TACGGAGGGTGCGAGCGTTAATCGGAATTACTGGGCGTAAAGCGCATGCAGGTGGTTTGTTAAGTCAGATGTGAAAGCCCGGGGCTCAACCTCGGAATTGCATTTGAAACTGGCAGACTAGAGTACTGTAGAGGGGGGTAGAATTTCAGGTGTAGCGGTGAAATGCGTAGAGATCTGAAGGAATACCGGTGGCGAAGGCGGCCCCCTGGACAGATACTGACACTCAGATGCGAAAGCGTGGGGAGCAAACAGG,-3.74187636352239,Bacteria,Proteobacteria,Gammaproteobacteria,Vibrionales,Vibrionaceae,Vibrio,NA
2,TACGGAGGGTGCAAGCGTTAATCGGAATTACTGGGCGTAAAGCGTGCGTAGGCGGCTATTTAAGTGGGATGTGAAAGCCCCGGGCTCAACCTGGGAACTGCACCCCAAACTGGGTAGCTAGAGTACGGCAGAGGAGTGTGGAATTTCCTGTGTAGCGGTGAAATGCGTAGATATAGGAAGGAACACCAGTGGCGAAGGCGACACTCTGGGCTGATACTGACGCTGAGGTACGAAAGCGTGGGGAGCAAACAGG,-4.30508325295533,Bacteria,Proteobacteria,Gammaproteobacteria,Oceanospirillales,Endozoicomonadaceae,Endozoicomonas,NA
3,TACAGAGGGTGCAAGCGTTAATCGGAATTACTGGGCGTAAAGCGCGCGTAGGTGGTTTGTTAAGTTGGATGTGAAAGCCCCGGGCTCAACCTGGGAACTGCATCCAAAACTGGCAAGCTAGAGTACGGTAGAGGGTGGTGGAATTTCCTGTGTAGCGGTGAAATGCGTAGATATAGGAAGGAACACCAGTGGCGAAGGCGACCACCTGGACTGATACTGACACTGAGGTGCGAAAGCGTGGGGAGCAAACAGG,23.0661480406824,Bacteria,Proteobacteria,Gammaproteobacteria,Pseudomonadales,Pseudomonadaceae,Pseudomonas,NA
4,TACGGAGGGTGCAAGCGTTAATCGGAATTACTGGGCGTAAAGCGAGTGTAGGCGGCTTCGTAAGTCGGATGTGAAAGCCCTGGGCTTAACCTGGGAATTGCATTCGATACTGCGCGGCTAGAGTCTGATAGAGGGAAGTGGAATTCCAGGTGTAGCGGTGAAATGCGTAGATATCTGGAGGAACACCAGTGGCGAAGGCGGCTTCCTGGATCAAGACTGACGCTGAGGCTCGAAAGCGTGGGGAGCAAACAGG,22.9250442700146,Bacteria,Proteobacteria,Gammaproteobacteria,Gammaproteobacteria Incertae Sedis,Unknown Family,NA,NA
5,TACGGAGGGTGCGAGCGTTAATCGGAATTACTGGGCGTAAAGCGCGCGTAGGTGGCTTGATAAGCCGGTTGTGAAAGCCCCGGGCTCAACCTGGGAACGGCATCCGGAACTGTCAAGCTAGAGTGCAGGAGAGGAAGGTAGAATTCCCGGTGTAGCGGTGAAATGCGTAGAGATCGGGAGGAATACCAGTGGCGAAGGCGGCCTTCTGGACTGACACTGACACTGAGGTGCGAAAGCGTGGGTAGCAAACAGG,-29.9600118655271,Bacteria,Proteobacteria,Gammaproteobacteria,Oceanospirillales,Halomonadaceae,Halomonas,NA
6,TACGGAGGGTGCAAGCGTTAATCGGAATTACTGGGCGTAAAGCGCATGCAGGTGGTTTGTTAAGTCAGATGTGAAAGCCCTGGGCTCAACCTAGGAATCGCATTTGAAACTGACAAGCTAGAGTACTGTAGAGGGGGGTAGAATTTCAGGTGTAGCGGTGAAATGCGTAGAGATCTGAAGGAATACCGGTGGCGAAGGCGGCCCCCTGGACAGATACTGACACTCAGATGCGAAAGCGTGGGGAGCAAACAGG,23.222993501422,Bacteria,Proteobacteria,Gammaproteobacteria,Vibrionales,Vibrionaceae,Vibrio,NA
7,TACGAAGGGTGCAAGCGTTAATCGGAATTACTGGGCGTAAAGCGCGCGTAGGTGGTTCGTTAAGTTGGATGTGAAAGCCCCGGGCTCAACCTGGGAACTGCATCCAAAACTGGCGAGCTAGAGTACGGTAGAGGGTAGTGGAATTTCCTGTGTAGCGGTGAAATGCGTAGATATAGGAAGGAACACCAGTGGCGAAGGCGACTACCTGGACTGATACTGACACTGAGGTGCGAAAGCGTGGGGAGCAAACAGG,-16.2021470836221,Bacteria,Proteobacteria,Gammaproteobacteria,Pseudomonadales,Pseudomonadaceae,Pseudomonas,NA
8,TACGGAGGGTGCGAGCGTTAATCGGAATTACTGGGCGTAAAGCGCATGCAGGTGGTTTGTTAAGTCAGATGTGAAAGCCCGGGGCTCAACCTCGGAATAGCATTTGAAACTGGCAAGCTAGAGTACTGTAGAGGGGGGTAGAATTTCAGGTGTAGCGGTGAAATGCGTAGAGATCTGAAGGAATACCGGTGGCGAAGGCGGCCCCCTGGACAGATACTGACACTCAGATGCGAAAGCGTGGGGAGCAAACAGG,23.1088977536355,Bacteria,Proteobacteria,Gammaproteobacteria,Vibrionales,Vibrionaceae,Vibrio,NA
9,TACAGAGGGTGCGAGCGTTAATCGGAATTACTGGGCGTAAAGCGCGCGTAGGCGGTTTGTTAAGTCGGATGTGAAATCCCAGGGCTCAACCTTGGAATTGCACCCGATACTGGCAGGCTAGAGTACGGTAGAGGGGTGTGGAATTTCCTGTGTAGCGGTGAAATGCGTAGATATAGGAAGGAACATCAGTGGCGAAGGCGACACCCTGGACCGATACTGACGCTGAGGTGCGAAAGCGTGGGGAGCAAACAGG,23.8149927170537,Bacteria,Proteobacteria,Gammaproteobacteria,Oceanospirillales,Marinomonadaceae,Marinomonas,aquimarina
10,TACGGAGGGTGCAAGCGTTAATCGGAATTACTGGGCGTAAAGCGAGTGTAGGCGGCTTCGTAAGTCGGATGTGAAAGCCCCGGGCTTAACCTGGGAATTGCATTCGATACTGCGCGGCTAGAGTCTGATAGAGGGAAGTGGAATTCCAGGTGTAGCGGTGAAATGCGTAGATATCTGGAGGAACACCAGTGGCGAAGGCGGCTTCCTGGATCAAGACTGACGCTGAGGCTCGAAAGCGTGGGGAGCAAACAGG,6.69267847659214,Bacteria,Proteobacteria,Gammaproteobacteria,Gammaproteobacteria Incertae Sedis,Unknown Family,NA,NA
11,TACGAAGGGTGCAAGCGTTAATCGGAATTACTGGGCGTAAAGCGCGCGTAGGTGGTTCGTTAAGTTGGATGTGAAAGCCCCGGGCTCAACCTGGGAACTGCATCCAAAACTGGCGAGCTAGAGTATGGCAGAGGGTGGTGGAATTTCCTGTGTAGCGGTGAAATGCGTAGATATAGGAAGGAACACCAGTGGCGAAGGCGACCACCTGGGCTAATACTGACACTGAGGTGCGAAAGCGTGGGGAGCAAACAGG,23.097578269419,Bacteria,Proteobacteria,Gammaproteobacteria,Pseudomonadales,Pseudomonadaceae,Pseudomonas,NA
12,TACAGAGGGTGCAAGCGTTAATCGGAATTACTGGGCGTAAAGCGCGCGTAGGTGGTTCAGTAAGATGGGTGTGAAATCCCCGGGCTCAACCTGGGAACTGCTTTCATAACTGCTGAACTAGAGTACGGTAGAGGGTAGTGGAATTTCCTGTGTAGCGGTGAAATGCGTAGATATAGGAAGGAACACCAGTGGCGAAGGCGACTACCTGGACTGATACTGACACTGAGGTGCGAAAGCGTGGGGAGCAAACAGG,25.1046033910161,Bacteria,Proteobacteria,Gammaproteobacteria,Pseudomonadales,Pseudomonadaceae,Pseudomonas,NA
13,TACGGAGGGTGCAAGCGTTAATCGGAATTACTGGGCGTAAAGCGCGCGTAGGTGGTTGAGTAAGCGAGATGTGAAAGCCCCGGGCTTAACCTGGGAACGGCATTTCGAACTGCTCGGCTAGAGTGTGGTAGAGGGTAGTGGAATTTCCTGTGTAGCGGTGAAATGCGTAGATATAGGAAGGAACACCAGTGGCGAAGGCGGCTACCTGGACCAACACTGACACTGAGGTGCGAAAGCGTGGGGAGCAAACAGG,-15.4196585259059,Bacteria,Proteobacteria,Gammaproteobacteria,Alteromonadales,Marinobacteraceae,Marinobacter,litoralis
14,TACGGAGGGTCCAAGCGTTAATCGGAATTACTGGGCGTAAAGCGTGCGCAGGCGGTTTGTTAAGCGAGATGTGAAAGCCCCGGGCTCAACCTGGGAATTGCATTTCGAACTGGCAAACTAGAGTCTTGTAGAGGGGGGTAGAATTCCAGGTGTAGCGGTGAAATGCGTAGAGATCTGGAGGAATACCGGTGGCGAAGGCGGCCCCCTGGACAAAGACTGACGCTCAGGCACGAAAGCGTGGGGAGCAAACAGG,23.2305626931673,Bacteria,Proteobacteria,Gammaproteobacteria,Alteromonadales,Shewanellaceae,Shewanella,NA
15,TACAGAGGGTGCGAGCGTTAATCGGAATTACTGGGCGTAAAGCGCGCGTAGGCGGTTTGTTAAGTCGGATGTGAAATCCCAGGGCTCAACCTTGGAATGGCACCCGATACTGGCAGGCTAGAGTACGGTAGAGGGGTGTGGAATTTCCTGTGTAGCGGTGAAATGCGTAGATATAGGAAGGAACATCAGTGGCGAAGGCGACACTCTGGACCGATACTGACGCTGAGGTGCGAAAGCGTGGGGAGCAAACAGG,14.3725368059012,Bacteria,Proteobacteria,Gammaproteobacteria,Oceanospirillales,Marinomonadaceae,Marinomonas,NA
16,TACGGAGGGTGCGAGCGTTAATCGGAATTACTGGGCGTAAAGCGTACGTAGGTGGTTGTTTAAGTGGGATGTGAAATCCCCGGGCTTAACCTGGGAACTGCATACCAAACTGAACGACTGGAGTCTAGTAGAGGGGTGTGGAATTTCCTGTGTAGCGGTGAAATGCGTAGATATAGGAAGGAACACCAGTGGCGAAGGCGACACCCTGGACTAAGACTGACACTGAGGTACGAAAGCGTGGGGAGCAAACAGG,22.0901408951147,Bacteria,Proteobacteria,Gammaproteobacteria,Oceanospirillales,NA,NA,NA
17,TACTGAGGGTGCGAGCGTTAATCGGAATTACTGGGCGTAAAGCGAGTGTAGGCGGCTACTTAAGTCGGATGTGAAATCCCCGGGCTCAACCTGGGAATTGCATTCGATACTGGGTAGCTAGAGTTTGGTAGAGGTAAGTGGAATTCCGGGTGTAGCGGTGAAATGCGTAGATATCCGGAGGAACATCAGTGGCGAAGGCGGCTTACTGGACCAAAACTGACGCTGAGGCTCGAAAGCGTGGGGAGCAAACAGG,20.763830625101,Bacteria,Proteobacteria,Gammaproteobacteria,Gammaproteobacteria Incertae Sedis,Unknown Family,NA,NA
18,TACAGAGGGTGCGAGCGTTAATCGGAATTACTGGGCGTAAAGGGTGCGTAGGCGGTCGCTTAAGTCGGATGTGAAATCCCCGGGCTTAACCTGGGAATTGCATTCGATACTGGGCGGCTGGAGTACAGTAGAGGACAGTGGAATTCCGGGTGTAGCGGTGAAATGCGTAGATATCCGGAGGAACACCGGTGGCGAAGGCGGCTGTCTGGACTGATACTGACGCTGAGGCACGAAAGCGTGGGGAGCAAACAGG,14.3299998111031,Bacteria,Proteobacteria,Gammaproteobacteria,Beggiatoales,Beggiatoaceae,NA,NA
19,TACGGAGGGTGCGAGCGTTAATCGGAATTACTGGGCGTAAAGCGCGCGTAGGCGGTTAGTTAAGTCGGATGTGAAAGCCCTGGGCTCAACCTGGGAACTGCATTCGATACTGGCCCACTAGAGTGCGAGAGAGGGAGGTAGAATTCCACGTGTAGCGGTGAAATGCGTAGATATGTGGAGGAATACCGGTGGCGAAGGCGGCCTCCTGGCTCGACACTGACGCTGAGGTGCGAAAGCGTGGGGAGCAAACAGG,23.4239672296208,Bacteria,Proteobacteria,Gammaproteobacteria,Cellvibrionales,Halieaceae,Halioglobus,NA
20,TACGAAAGGTGCAAGCGTTAATCGGAATTACTGGGCGTAAAGCGCGCGTAGGCGGCTTGGTAAGTTGGATGTGAAAGCCCCGGGCTCAACCTGGGAACTGCATCCAAAACTGCCTAGCTAGAGTATGGTAGAGGATGGCGGAATTTCCTGTGTAGCGGTGAAATGCGTAGATATAGGAAGGAACATCAGTGGCGAAGGCGGCCATCTGGACCAATACTGACGCTGAGGTGCGAAAGCGTGGGGAGCAAACAGG,21.4778151611427,Bacteria,Proteobacteria,Gammaproteobacteria,Oceanospirillales,Litoricolaceae,Litoricola,NA
21,TACGGAGGGTGCGAGCGTTAATCGGAATTACTGGGCGTAAAGCGCGCGTAGGTGGTTTGTTAAGTCAGATGTGAAAGCCCCGGGCTCAACCTGGGAACTGCATTTGATACTGGCAGGCTAGAGTATGGTAGAGGGAAGTGGAATTCCGGGTGTAGCGGTGAAATGCGTAGATATCCGGAAGAACACCAGTGGCGAAGGCGGCTTCCTGGACCAATACTGACGCTGAGGTGCGAAAGCGTGGGGAGCAAACAGG,-30,Bacteria,Proteobacteria,Gammaproteobacteria,Chromatiales,Sedimenticolaceae,NA,NA
22,TACGGGGGGTGCTAGCGTTAATCGGAATTACTGGGCGTAAAGAGTTTGTAGGCGGTTTGATAAGTCAGATGTGAAAGACCTAAGCTCAACTTAGGAAGTGCATATGATACTATCTAACTAGAGTTTAACAGAGGATTAAGGAATTTTCGGTGTAGCGGTGAAATGCGTAGATATCGAAAGGAACATCAATGGCGAAGGCAATAATCTGGGATTAGACTGACGCTGAGAAACGAAAGCTTGGGTAGCAAACAGG,22.9618636558543,Bacteria,Proteobacteria,Gammaproteobacteria,NA,NA,NA,NA
23,TACGGAGGGTGCGAGCGTTAATCGGAATTACTGGGCGTAAAGCGCATGCAGGCGGCTTGTTAAGCCAGATGTGAAAGCCCGGGGCTCAACCTCGGAATCGCATTTGGAACTGGCAGGCTAGAGTCTTGTAGAGGGGGGTAGAATTTCAGGTGTAGCGGTGAAATGCGTAGAGATCTGAAGGAATACCGGTGGCGAAGGCGGCCCCCTGGACAAAGACTGACGCTCAGATGCGAAAGCGTGGGGAGCAAACAGG,14.4911098052184,Bacteria,Proteobacteria,Gammaproteobacteria,Vibrionales,Vibrionaceae,Photobacterium,NA
24,TACGTAGGGTGCAAGCGTTAATCGGAATTACTGGGCGTAAAGCGTGCGCAGGCGGTTCGGAAAGAAGGATGTGAAATCCCAGGGCTTAACCTTGGAACTGCATTTTTAACTACCGAGCTAGAGTGTGTCAGAGGGAGGTGGAATTCCGCGTGTAGCAGTGAAATGCGTAGAGATGCGGAGGAACACCGATGGCGAAGGCAGCCTCCTGGGATAACACTGACGCTCAGGCACGAAAGCGTGGGGAGCAAACAGG,22.9359458016054,Bacteria,Proteobacteria,Gammaproteobacteria,Burkholderiales,Alcaligenaceae,NA,NA
25,TACGGAGGGTGCAAGCGTTAATCGGAATTACTGGGCGTAAAGGGTACGTAGGCGGTTGTATAAGTTGGATGTGAAAGCCCCGGGCTTAACCTGGGAACTGCATTCAAAACTGTACGGCTAGAGTGTATAAGAGGTTAGCGGAATTCCAGGTGTAGCAGTGAAATGCGTAGATATCTGGAGGAACATCAGTGGCGAAGGCGGCTAACTGGTATAACACTGACGCTGAGGTACGAAAGCGTGGGTAGCGAACGGG,-26.595860492682,Bacteria,Proteobacteria,Gammaproteobacteria,Gammaproteobacteria Incertae Sedis,Unknown Family,Marinicella,NA
26,TACGGAGGGTGCAAGCGTTAATCGGAATTACTGGGCGTAAAGCGCGCGTAGGCGGTTATGTAAGTCGGATGTGAAAGCCCTGGGCTTAACCTGGGAACTGCATTCGATACTGCATGACTAGAGTATGTTAGAGGGAAGTGGAATTCCGGGTGTAGCGGTGAAATGCGTAGATATCCGGAGGAACACCAATGGCGAAGGCAACTTCCTGGGACAATACTGACGCTGAGGTGCGAAAGCGCGGGTAGCAAACAGG,13.6488814686968,Bacteria,Proteobacteria,Gammaproteobacteria,Arenicellales,Arenicellaceae,NA,NA
27,TACGGAGGGTGCGAGCGTTAATCGGAATTACTGGGCGTAAAGCGCATGCAGGTGGTTTGTTAAGTCAGATGTGAAAGCCCTGGGCTCAACCCGGGAAGGTCATTTGAAACTGGCAAGCTAGAGTACTGTAGAGGGGGGTAGAATTTCAGGTGTAGCGGTGAAATGCGTAGAGATCTGAAGGAATACCGGTGGCGAAGGCGGCCCCCTGGACAGATACTGACACTCAGATGCGAAAGCGTGGGGAGCAAACAGG,22.8197800458263,Bacteria,Proteobacteria,Gammaproteobacteria,Vibrionales,Vibrionaceae,Vibrio,NA
28,TACGGAGGGTGCGAGCGTTAATCGGAATTACTGGGCGTAAAGCGTGCGTAGGTGGTCGTTTAAGTGGGATGTGAAAGCCCCGGGCTCAACCTGGGAACTGCATTCCAAACTGAGCGACTCGAGTACAATAGAGGGGTGTGGAATTTCCTGTGTAGCGGTGAAATGCGTAGATATAGGAAGGAACACCAGTGGCGAAGGCGACACCCTGGATTGATACTGACACTGAGGTACGAAAGCGTGGGGAGCAAACAGG,30,Bacteria,Proteobacteria,Gammaproteobacteria,Oceanospirillales,Nitrincolaceae,NA,NA
29,TACGGAGGGTGCAAGCGTTAATCGGAATTACTGGGCGTAAAGCGCGCGTAGGCGGTTTGTTAAGCTGGATGTGAAAGCCCCGGGCTCAACCTGGGAACTGCATTCAGAACTGGCAGGCTAGAGTATTGGAGAGGTGAGTGGAATTTCCCGTGTAGCAGTGAAATGCGTAGATATGGGAAGGAACACCAGTGGCGAAGGCGACTCACTGGCCAAATACTGACGCTGAGGTGCGAAAGCGTGGGGAGCAAACGGG,-26.3946824286961,Bacteria,Proteobacteria,Gammaproteobacteria,Cellvibrionales,Cellvibrionaceae,Umboniibacter,caenipelagi
30,TACGGGGGGTGCTAGCGTTAATCGGAATTACTGGGCGTAAAGAGTTTGTAGGTGGTTAAATAAGTCAGATGTGAAAGACCTAAGCTTAACTTAGGAAGTGCATATGATACTGTTTATCTAGAGTTTAACAGAGGATTAGGGAATTTTCGGTGTAGCGGTGAAATGCGTAGATATCGAAAGGAACATCAATGGCGAAGGCAATAATCTGGGATTAGACTGACACTGAGAAACGAAAGCTTGGGTAGCAAACAGG,23.5715983025536,Bacteria,Proteobacteria,Gammaproteobacteria,NA,NA,NA,NA
31,TACAGAGGGTGCGAGCGTTAATCGGAATTACTGGGCGTAAAGCGCGCGTAGGCGGTTTGTTAAGTCGGATGTGAAATCCCCGGGCTCAACCTGGGAATTGCATTCGATACTGGCAAGCTAGAGTATGGGAGAGGAAGGTAGAATTCCAGGTGTAGCGGTGAAATGCGTAGAGATCTGGAGGAATACCGATGGCGAAGGCAGCCTTCTGGCCTAATACTGACGCTGAGGTGCGAAAGCATGGGGAGCAAACAGG,13.2352634639941,Bacteria,Proteobacteria,Gammaproteobacteria,Pseudomonadales,Moraxellaceae,Alkanindiges,illinoisensis
32,TACGGAGGGTGCGAGCGTTAATCGGAATTACTGGGCGTAAAGCGCGCGTAGGCGGTTTGTTAAGTCAGCTGTGAAAGCCCCGGGCTCAACCTGGGAACTGCAGTTGATACTGGCCGACTAGAGTATGAGAGAGGGAGGTAGAATTCCACGTGTAGCGGTGAAATGCGTAGATATGTGGAGGAATACCAGTGGCGAAGGCGGCCTCCTGGCTTAATACTGACGCTGAGGTGCGAAAGCGTGGGGAGCAAACAGG,21.6779115502979,Bacteria,Proteobacteria,Gammaproteobacteria,Cellvibrionales,Halieaceae,Halioglobus,NA
33,TACGGAGGGTGCGAGCGTTAATCGGAATTACTGGGCGTAAAGCGCATGCAGGTGGTTTGTTAAGTCAGATGTGAAAGCCCGGGGCTCAACCTCGGAATTGCATTTGAAACTGGCAAACTAGAGTACTGTAGAGGGGGGTAGAATTTCAGGTGTAGCGGTGAAATGCGTAGAGATCTGAAGGAATACCGGTGGCGAAGGCGGCCCCCTGGACAGATACTGACACTCAGATGCGAAAGCGTGGGGAGCAAACAGG,22.2019280944595,Bacteria,Proteobacteria,Gammaproteobacteria,Vibrionales,Vibrionaceae,Vibrio,NA
34,TACGGAGGGTGCGAGCGTTAATCGGAATTACTGGGCGTAAAGCGCACGTAGGCGGTTGTGTGAGTCTGCTGTGAAAGCCCCGGGCTCAACCTGGGAATAGCAGTGGGGACTGCACGACTCGAGTGCGAGAGAGGGTGGCGGAATTCCGGGTGTAGCGGTGAAATGCGTAGAGATCCGGAGGAACACCGATGGCGAAGGCAGCCACCTGGCTCGACACTGACGCTGAGGAGCGAAAGCGTGGGGAGCAAACAGG,22.2092396659191,Bacteria,Proteobacteria,Gammaproteobacteria,NA,NA,NA,NA
35,TACGGAGGGTGCAAGCGTTAATCGGAATTACTGGGCGTAAAGCGCGCGTAGGTGGTTCAGTCAGTCAGATGTGAAAGCCCCGGGCTCAACCTGGGAACTGCACCTGATACTGCTGAACTAGAGTACGGTAGAGGGTAGTGGAATTTCCTGTGTAGCGGTGAAATGCGTAGATATAGGAAGGAACACCAGTGGCGAAGGCGACTGCCTGGACTGATACTGACACTGAGGTGCGAAAGCGTGGGGAGCAAACAGG,-27.7626120937694,Bacteria,Proteobacteria,Gammaproteobacteria,Oceanospirillales,Nitrincolaceae,Marinobacterium,NA
36,TACGGAGGGTGCGAGCGTTAATCGGAATTACTGGGCGTAAAGCGTGCGTAGGCGGATTGTTAAGCAAGATGTGAAAGCCCCGGGCTCAACCTGGGAACTGCATTTTGAACTGGCTATCTAGAGTATTGTAGAGGGTGGTGGAATTTCCAGTGTAGCGGTGAAATGCGTAGAGATTGGAAGGAACATCAGTGGCGAAGGCGGCCGCCTGGACAAATACTGACGCTGAGGCACGAAAGCGTGGGGAGCAAACAGG,-25.7737898642748,Bacteria,Proteobacteria,Gammaproteobacteria,Alteromonadales,Colwelliaceae,Thalassotalea,NA
37,TACGGAGGGTGCAAGCGTTAATCGGAATTACTGGGCGTAAAGCGCGCGTAGGCGGTTAGTTAAGCTGGATGTGAAAGCCCAGGGCTCAACCTTGGAACTGCATTCAGAACTGGCTAGCTAGAGTACGAGAGAGGGTAGTGGAATTTCCTGTGTAGCGGTGAAATGCGTAGATATAGGAAGGAACATCAGTGGCGAAGGCGACTGCCTGGCTCGATACTGACGCTGAGGTGCGAAAGCGTGGGGAGCAAACAGG,-14.8446349109595,Bacteria,Proteobacteria,Gammaproteobacteria,Cellvibrionales,Microbulbiferaceae,Microbulbifer,gwangyangensis
38,TACGGAGGGTGCAAGCGTTAATCGGAATTACTGGGCGTAAAGCGTGCGCAGGCGGTCTGTTAAGCGAGATGTGAAAGCCCCGGGCTCAACCTGGGAACTGCATTTCGAACTGGCAGACTAGAGTCTTGTAGAGGGGGGTAGAATTCCAGGTGTAGCGGTGAAATGCGTAGAGATCTGGAGGAATACCGGTGGCGAAGGCGGCCCCCTGGACAAAGACTGACGCTCAGGCACGAAAGCGTGGGGAGCAAACAGG,23.1503986368346,Bacteria,Proteobacteria,Gammaproteobacteria,Alteromonadales,Shewanellaceae,Shewanella,NA
39,TACGGAGGGTCCGAGCGTTAATCGGAATTACTGGGCGTAAAGCGCGCGTAGGCGGCTAAGTCAGTCAGATGTGAAAGCCCCGGGCTTAACCTGGGAATTGCACCTGATACTGCTTAGCTAGAGTACAGAAGAGGGTGGTGGAATTTCCTGTGTAGCGGTGAAATGCGTAGATATAGGAAGGAACATCAGTGGCGAAGGCGGCCACCTGGACTGATACTGACGCTGAGGTGCGAAAGCGTGGGGAGCAAACAGG,22.4514597643994,Bacteria,Proteobacteria,Gammaproteobacteria,Oceanospirillales,Nitrincolaceae,Neptunomonas,NA
40,TACGAAGGGTGCAAGCGTTAATCGGAATTACTGGGCGTAAAGCGCGCGTAGGTGGTTTGTTAAGTTGGATGTGAAAGCCCCGGGCTCAACCTGGGAACTGCATCCAAAACTGGCAAGCTAGAGTATGGCAGAGGGTGGTGGAATTTCCTGTGTAGCGGTGAAATGCGTAGATATAGGAAGGAACACCAGTGGCGAAGGCGACCACCTGGGCTAATACTGACACTGAGGTGCGAAAGCGTGGGGAGCAAACAGG,13.4428459229622,Bacteria,Proteobacteria,Gammaproteobacteria,Pseudomonadales,Pseudomonadaceae,Pseudomonas,NA
41,TACAGAGGGTGCGAGCGTTAATCGGAATTACTGGGCGTAAAGCGCGCGTAGGCGGTTTGTTAAGTCGGATGTGAAATCCCAGGGCTCAACCTTGGAATGGCACCCGATACTGGCAGGCTAGAGTACGGTAGAGGGGTGTGGAATTTCCTGTGTAGCGGTGAAATGCGTAGATATAGGAAGGAACATCAGTGGCGAAGGCGACACCCTGGACCGATACTGACGCTGAGGTGCGAAAGCGTGGGGAGCAAACAGG,-29.6292069135374,Bacteria,Proteobacteria,Gammaproteobacteria,Oceanospirillales,Marinomonadaceae,Marinomonas,NA
42,TACGGAGGGTGCGAGCGTTAATCGGAATTACTGGGCGTAAAGCGCGCGTAGGCGGTTAGTTAAGTCGGATGTGAAAGCCCTGGGCTCAACCTGGGAACTGCATTCGATACTGGCCAACTAGAGTGCGAGAGAGGGAGGTAGAATTCCACGTGTAGCGGTGAAATGCGTAGATATGTGGAGGAATACCGGTGGCGAAGGCGGCCTCCTGGCTCGACACTGACGCTGAGGTGCGAAAGCGTGGGGAGCAAACAGG,20.8243899380816,Bacteria,Proteobacteria,Gammaproteobacteria,Cellvibrionales,Halieaceae,Halioglobus,NA
43,TACGGAGGGTGCGAGCGTTAATCGGAATTACTGGGCGTAAAGCGCGCGTAGGCGGCTTTGTCAGTCGGATGTGAAAGCCCCGGGCTTAACCTGGGAATTGCATTCGATACTGCAGAGCTAGAGTATGGTAGAGGGAAGTGGAATTCCGGGTGTAGCGGTGAAATGCGTAGATATCCGGAGGAACACCAGTGGCGAAGGCGACTTCCTGGGCCAATACTGACGCTGAGGTGCGAAAGCGTGGGGAGCAAACAGG,22.5571707841685,Bacteria,Proteobacteria,Gammaproteobacteria,Steroidobacterales,Woeseiaceae,Woeseia,NA
44,TACGGAGGGTGCGAGCGTTAATCGGAATCACTGGGCGTAAAGCGCACGTAGGCGGCTAAGTCAGTCAGATGTGAAAGCCCCGGGCTCAACCTGGGAACTGCATTTGATACTGCTTGGCTTGAGTATGGTAGAGGGAGGTGGAATTCCAGGTGTAGCGGTGAAATGCGTAGATATCTGGAGGAACACCAGTGGCGAAGGCGGCCTCCTGGACCAATACTGACGCTGAGGTGCGAAAGCGTGGGGAGCAAACAGG,29.2951966969565,Bacteria,Proteobacteria,Gammaproteobacteria,Chromatiales,Chromatiaceae,Thiohalocapsa,NA
45,TACGGAGGGTGCAAGCGTTAATCGGAATTACTGGGCGTAAAGCGCGCGTAGGCGGTTTGATAAGTCGGATGTGAAATCCCCGGGCTCAACCTGGGAACTGCATTCGATACTGTCTGACTAGAGTATGGTAGAGGGAAGTGGAATTTCAGGTGTAGCGGTGAAATGCGTAGATATCTGAAGGAACATCAGTGGCGAAGGCGACTTCCTGGACCAATACTGACGCTGAGGTGCGAAAGCGTGGGGAGCAAACAGG,-17.9947240242478,Bacteria,Proteobacteria,Gammaproteobacteria,Ectothiorhodospirales,Thioalkalispiraceae,Thiohalophilus,NA
46,TACAGAGGGTGCGAGCGTTAATCGGAATTACTGGGCGTAAAGCGTGCGTAGGCGGTTAAATAAGTCGGATGTGAAAGCCCAGGGCTTAACTTTGGAATTGCATTCGATACTGTTTAGCTAGAGTACAGGAGAGGAAAGCGGAATTTCTAGTGTAGCGGTGAAATGCGTAGAGATTAGGAAGAACACCAGTGGCGAAGGCGGCTTTCTGGACTGATACTGACGCTGAGGTACGAAAGCGTGGGTAGCAAACAGG,18.9511848599033,Bacteria,Proteobacteria,Gammaproteobacteria,Beggiatoales,Beggiatoaceae,Candidatus Thiopilula,NA
47,TACGGAGGGTCCGAGCGTTAATCGGAATTACTGGGCGTAAAGCGCGCGTAGGCGGTTTGATAAGCGAGATGTGAAAGCCCAGGGCTCAACCTTGGAACTGCATTTCGAACTGTCAGGCTAGAATACAGCAGAGGATAGTGGAATTTCAGGTGTAGCGGTGAAATGCGTAGAGATCTGAAGGAACATCAGTGGCGAAGGCGACTGTCTGGGCTGATATTGACGCTGAGGTGCGAAAGCGTGGGGAGCAAACGGG,-16.880556834797,Bacteria,Proteobacteria,Gammaproteobacteria,Cellvibrionales,Cellvibrionaceae,NA,NA
48,TACAGAGGGTGCGAGCGTTAATCGGAATTACTGGGCGTAAAGCGTGCGTAGGCGGCTATTTAAGTCGGATGTGAAATCCCCGGGCTCAACCTGGGAATTGCATTCGATACTGGATGGCTAGAGTACAGTAGAGGACAGTGGAATTCCAGGTGTAGCGGTGAAATGCGTAGATATCTGGAGGAACATCGGTGGCGAAGGCGACTGTCTGGACTGATACTGACGCTGAGGTACGAAAGCGTGGGGAGCAAACAGG,-14.2067168435204,Bacteria,Proteobacteria,Gammaproteobacteria,NA,NA,NA,NA
49,TACGGGGGGTGCAAGCGTTAATCGGAATTACTGGGCGTAAAGCGCGCGTAGGCGGCTAGATAAGTCGGATGTGAAATCCCCGGGCTCAACCTGGGAATTGCATTCGATACTGTCTAGCTAGAGTATGGTAGAGGGAAGTGGAATTTCAGGTGTAGCGGTGAAATGCGTAGATATCTGAAGGAACATCAGTGGCGAAGGCGACTTCCTGGACCAATACTGACGCTGAGGTGCGAAAGCGTGGGGAGCAAACAGG,20.1054102992003,Bacteria,Proteobacteria,Gammaproteobacteria,Ectothiorhodospirales,Thioalkalispiraceae,Thiohalophilus,NA
50,TACTGAGGGTGCAAGCGTTAATCGGAATTACTGGGCGTAAAGCGAGTGTAGGCGGCTACTTAAGTCGGATGTGAAAGCCCCGGGCTCAACCTGGGAATTGCATTCGAAACTGGGTAGCTAGAGTTTGGTAGAGGTAAGTGGAATTCCGGGTGTAGCGGTGAAATGCGTAGATATCCGGAGGAACATCAGTGGCGAAGGCGGCTTACTGGACCAAAACTGACGCTGAGGCTCGAAAGCGTGGGGAGCAAACAGG,-16.0762956620131,Bacteria,Proteobacteria,Gammaproteobacteria,Gammaproteobacteria Incertae Sedis,Unknown Family,NA,NA
51,TACGGAGGGTGCAAGCGTTAATCGGAATTACTGGGCGTAAAGCGCGCGTAGGCGGTTTGTTAAGTGAGATGTGAAAGCCCAGGGCTCAACCTTGGAACTGCATCTCATACTGGCAGGCTAGAGTACGGTAGAGGGGGGTAGAATTCCACGTGTAGCGGTGAAATGCGTAGAGATGTGGAGGAATACCAGTGGCGAAGGCGGCCCCCTGGATCGATACTGACGCTGAGGTGCGAAAGCGTGGGGAGCAAACAGG,-17.0533976929278,Bacteria,Proteobacteria,Gammaproteobacteria,Oceanospirillales,Pseudohongiellaceae,Pseudohongiella,NA
52,TACGGAGGGTGCAAGCGTTAATCGGAATTACTGGGCGTAAAGCGCGCGTAGGCGGTTTGGTAAGTCGGATGTGAAAGCCCAGGGCTCAACCCTGGAATTGCATTCGATACTGCTTAACTAGAGTACGGTAGAGGGAAGTGGAATTTCCGGTGTAGCGGTGAAATGCGTAGATATCGGAAGGAACACCAGTGGCGAAGGCGACTTCCTGGGCCAGTACTGACGCTGAGGTGCGAAAGCGTGGGGAGCAAACAGG,18.8632660007595,Bacteria,Proteobacteria,Gammaproteobacteria,Steroidobacterales,Woeseiaceae,Woeseia,NA
53,TACGAAGGGTGCAAGCGTTACTCGGAATTACTGGGCGTAAAGCGTGCGTAGGTGGTCGTTTAAGTCCGTTGTGAAAGCCCTGGGCTCAACCTGGGAACTGCAGTGGATACTGGACGACTAGAGTGTGGTAGAGGGTAGCGGAATTCCTGGTGTAGCAGTGAAATGCGTAGAGATCAGGAGGAACATCCATGGCGAAGGCAGCTACCTGGACCAACACTGACACTGAGGCACGAAAGCGTGGGGAGCAAACAGG,-14.7991044540614,Bacteria,Proteobacteria,Gammaproteobacteria,Xanthomonadales,Xanthomonadaceae,Stenotrophomonas,NA
54,TACAGAGGGTGCAAGCGTTAATCGGAATTACTGGGCGTAAAGCGCGCGTAGGCGGCTTGGTCAGTCGGATGTGAAAGCCCCGGGCTTAACCTGGGAATTGCATTCGATACTGCCAGGCTAGAATGTAGTAGAGGGAAGTGGAATTCCAGGTGTAGCGGTGAAATGCGTAGATATCTGGAGGAACATCAGTGGCGAAGGCGACTTCCTGGACTAACATTGACGCTGAGGTGCGAAAGCGTGGGGAGCAAACAGG,23.0933736293427,Bacteria,Proteobacteria,Gammaproteobacteria,B2M28,NA,NA,NA
55,TACAGAGGGTGCGAGCGTTAATCGGAATTACTGGGCGTAAAGCGCGCGTAGGCGGCTTGGTCAGTCGGATGTGAAAGCCCCGGGCTTAACCTGGGAATTGCATTCGATACTGCCTGGCTAGAATGTAGTAGAGGGAAGTGGAATTCCAGGTGTAGCGGTGAAATGCGTAGATATCTGGAGGAACATCAGTGGCGAAGGCGACTTCCTGGACTAACATTGACGCTGAGGTGCGAAAGCGTGGGGAGCAAACAGG,21.2415873600957,Bacteria,Proteobacteria,Gammaproteobacteria,B2M28,NA,NA,NA
56,TACGGAGGGATCGAACGTTAATCGGAATTACTGGGCGTAAAGCGCGCGTAGGCGGTTTGATAAGTGGGATGTGAAAGCCCCGGGCTTAACCTGGGAACTGCATTCCAAACTGTCAGACTAGAGTATGGTAGAGGGTGGTAGAATTTCCTGTGTAGCGGTGAAATGCGTAGATATAGGAAGGAATACCGATGGCGAAGGCAGCCACCTGGACCAATACTGACGCTGAGGTGCGAAAGCGTGGGGAGCAAACAGG,14.9798322225159,Bacteria,Proteobacteria,Gammaproteobacteria,KI89A clade,NA,NA,NA
57,TACAGAGGGTGCGAGCGTTAATCGGAATTACTGGGCGTAAAGCGCGCGTAGGCGGATAAATAAGTTGGATGTGAAAGCCCCGGGCTTAACCTGGGATGGTCATTCAAAACTGTTTGTCTAGAGTGTGGCAGAGGGCAGTGGAATTCCTAGTGTAGCGGTGAAATGCGTAGATATTAGGAGGAACATCAGTGGCGAAGGCGACTGCCTGGACCGACACTGACGCTGAGGTGCGAAAGCGTGGGTAGCGAACAGG,30,Bacteria,Proteobacteria,Gammaproteobacteria,Thiomicrospirales,Thiomicrospiraceae,endosymbionts,NA
58,TACGGAGGGTGCAAGCGTTAATCGGAATTACTGGGCGTAAAGCGCGCGTAGGCGGTTTGGTCAGTTGGATGTGAAAGCCCAGGGCTTAACCTTGGAATTGCATTCAATACTGCCAGGCTAGAGTACGGTAGAGGGGGGTAGAATTCCACGTGTAGCGGTGAAATGCGTAGAGATGTGGAGGAATACCAGTGGCGAAGGCGGCCCCCTGGATCGATACTGACGCTGAGGTGCGAAAGCGTGGGGAGCAAACAGG,18.6449890815258,Bacteria,Proteobacteria,Gammaproteobacteria,Oceanospirillales,Pseudohongiellaceae,Pseudohongiella,NA
59,TACGGAGGGTGCGAGCGTTAATCGGAATTACTGGGCGTAAAGCGCATGCAGGTGGTGAGTTAAGTCAGATGTGAAAGCCCGGGGCTCAACCTCGGAATTGCATTTGAAACTGGCTCACTAGAGTACTGTAGAGGGGGGTAGAATTTCAGGTGTAGCGGTGAAATGCGTAGAGATCTGAAGGAATACCAGTGGCGAAGGCGGCCCCCTGGACAGATACTGACACTCAGATGCGAAAGCGTGGGGAGCAAACAGG,-28.5266497136363,Bacteria,Proteobacteria,Gammaproteobacteria,Vibrionales,Vibrionaceae,Vibrio,NA
60,TACGGAGGGTGCAAGCGTTAATCGGAATTACTGGGCGTAAAGCGCGCGTAGGTTGTTTGTTAAGCGAGATGTGAAAGCCCCGGGCTTAACCTGGGAACTGCATTTCGAACTGGCAGACTAGAGTACGGTAGAGGGTAGTGGAATTTCAGGTGTAGCGGTGAAATGCGTAGAGATCTGAAGGAACATCAGTGGCGAAGGCGACTACCTGGACTGATACTGACACTGAGGTGCGAAAGCGTGGGGAGCAAACAGG,-24.2586452801184,Bacteria,Proteobacteria,Gammaproteobacteria,Oceanospirillales,Saccharospirillaceae,Thalassolituus,NA
61,TACGGAGGGTGCAAGCGTTAATCGGAATTACTGGGCGTAAAGCGCGCGTAGGCGGAATATTAAGTCTCATGTGAAAGCCCTGGGCTCAACCTGGGAACTGCATGGGATACTGGTATTCTAGAATACAGTAGAGGGTAGTGGAATTTCAGGTGTAGCGGTGAAATGCGTAGAGATCTGAAGGAACATCAGTGGCGAAGGCGACTACCTGGACTGATATTGACGCTGAGGTGCGAAAGCGTGGGGAGCAAACAGG,12.2467863177711,Bacteria,Proteobacteria,Gammaproteobacteria,Oceanospirillales,Kangiellaceae,Aliikangiella,NA
62,TACGGAGGGTGCGAGCGTTAATCGGAATTACTGGGCGTAAAGCGCATGCAGGTGGTTTGTTAAGTCAGATGTGAAAGCCCGGGGCTCAACCTCGGAATTGCATTTGAAACTGGCAGGCTAGAGTACTGTAGAGGGGGGTAGAATTTCAGGTGTAGCGGTGAAATGCGTAGAGATCTGAAGGAATACCAGTGGCGAAGGCGGCCCCCTGGACAGATACTGACACTCAGATGCGAAAGCGTGGGGAGCAAACAGG,21.9170391121876,Bacteria,Proteobacteria,Gammaproteobacteria,Vibrionales,Vibrionaceae,Vibrio,NA
63,TACGGAGGGTGCAAGCGTTAATCGGAATTACTGGGCGTAAAGCGCGCGTAGGCGGTTTGTTAAGTCGGATGTGAAAGCCCTGGGCTCAACCTGGGAACTGCATTCGATACTGGCCGACTAGAGTACGAGAGAGGGAGGTAGAATTCCACGTGTAGCGGTGAAATGCGTAGATATGTGGAGGAATACCGGTGGCGAAGGCGGCCTCCTGGCTCGATACTGACGCTGAGGTGCGAAAGCGTGGGGAGCAAACAGG,23.5987969609439,Bacteria,Proteobacteria,Gammaproteobacteria,Cellvibrionales,Halieaceae,Halioglobus,NA
64,TACGGAGGGTGCGAGCGTTAATCGGAATTACTGGGCGTAAAGCGTACGCAGGCGGTTGGTTAAGCGAGATGTGAAATCCCCGGGCTCAACCTGGGAACTGCATTTCGAACTGGCCAACTAGAGTATGAGAGAGGGTGGTAGAATTTCAGGTGTAGCGGTGAAATGCGTAGAGATCTGAAGGAATACCGATGGCGAAGGCAGCCACCTGGTTCAATACTGACGCTCATGTACGAAAGCGTGGGGAGCAAACAGG,-28.9064534720189,Bacteria,Proteobacteria,Gammaproteobacteria,Alteromonadales,Pseudoalteromonadaceae,NA,NA
65,TACGGAAGGTCCAAGCGTTAATCGGAATTACTGGGCGTAAAGCGCACGTAGGTGGCTTGGTAAGTCGGATGTGAAAGCCCCGGGCTCAACCTGGGAACTGCATTCGATACTGCTGAGCTAGAGTACGGGAGAGGAAGGTGGAATTCCAGGTGTAGCGGTGAAATGCGTAGAGATCTGGAGGAACATCGGTGGCGAAGGCGGCCTTCTGGCCTGATACTGACACTGAGGTGCGAAAGCGTGGGGAGCAAACAGG,-26.2779323436521,Bacteria,Proteobacteria,Gammaproteobacteria,NA,NA,NA,NA
66,TACGGAGGGTGCAAGCGTTAATCGGAATTACTGGGCGTAAAGCGCGCGTAGGCGGCTTATTAAGTCAGATGTGAAAGCCCCGGGCTTAACCTGGGAACTGCATTTGATACTGGTAAGCTAGAGTTTGGTAGAGGGTGACGGAATTCCAGGTGTAGCGGTGAAATGCGTAGATATCTGGAGGAACATCAGTGGCGAAGGCGGTTGCCTGGACCAAAACTGACGCTGAGGTGCGAAAGCGTGGGGAGCAAACAGG,13.0091042999724,Bacteria,Proteobacteria,Gammaproteobacteria,pItb-vmat-80,NA,NA,NA
67,TACGGAGGGAGCGAGCGTTAATCGGAATTACTGGGCGTAAAGCGCGCGTAGGCGGCTTTGTAAGTCGGATGTGAAAGCCCTGGGCTCAACCTGGGAATGGCATTCGATACTGCATGGCTAGAGTATGGTAGAGGGAAGTGGAATTTCCGGTGTAGCGGTGAAATGCGTAGATATCGGAAGGAACACCGGTGGCGAAGGCGACTTCCTGGGCCAATACTGACGCTGAGGCGCGAAAGCGTGGGTAGCAAACAGG,26.0977241681237,Bacteria,Proteobacteria,Gammaproteobacteria,Steroidobacterales,Woeseiaceae,Woeseia,NA
68,TACGGAGGGTGCGAGCGTTAATCGGAATTACTGGGCGTAAAGCGTACGCAGGCGGCCTTTTAAGCGAGATGTGAAAGCCCCGGGCTTAACCTGGGAACGGCATTTCGAACTGGAAGGCTAGAGTTTTGTAGAGGGTGGTAGAATTTCAGGTGTAGCGGTGAAATGCGTAGAGATCTGAAGGAATACCAGTGGCGAAGGCGGCCACCTGGACAAAAACTGACGCTCATGTACGAAAGCGTGGGGAGCAAACAGG,-18.8620582891313,Bacteria,Proteobacteria,Gammaproteobacteria,Alteromonadales,Psychromonadaceae,NA,NA
69,TACGGAGGGTGCGAGCGTTAATCGGAATTACTGGGCGTAAAGCGCGCGTAGGTGGTTGATTGAGTCGGATGTGAAAGCCCTGGGCTTAACCTGGGAACTGCATTCGATACTGGTCGACTAGAGTACGAGAGAGGGAGGTAGAATTCCACGTGTAGCGGTGAAATGCGTAGATATGTGGAGGAATACCGGTGGCGAAGGCGGCCTCCTGGCTTGATACTGACACTGAGGTGCGAAAGCGTGGGGAGCAAACAGG,-26.7651173074759,Bacteria,Proteobacteria,Gammaproteobacteria,Cellvibrionales,Halieaceae,Halioglobus,NA
70,TACGGAGGGTGCAAGCGTTAATCGGAATTACTGGGCGTAAAGCGAGTGTAGGCGGCTGCGTATGTCGGATGTGAAAGCCCTGGGCTCAACCTGGGAATTGCATTCGAAACTGCGTGGCTAGAGTCTGATAGAGGGAAGTGGAATTCCAGGTGTAGCGGTGAAATGCGTAGATATCTGGAGGAACACCAGTGGCGAAGGCGGCTTCCTGGATCAAGACTGACGCTGAGGCTCGAAAGCGTGGGGAGCAAACAGG,-18.3942305031341,Bacteria,Proteobacteria,Gammaproteobacteria,Gammaproteobacteria Incertae Sedis,Unknown Family,NA,NA
71,TACAGAGGGTGCAAGCGTTAATCGGAATTACTGGGCGTAAAGCGCGCGTAGGCGGCTTGGTCAGTCGGATGTGAAAGCCCCGGGCTTAACCTGGGAATTGCATTCGATACTGCTAGGCTAGAGTGTAGTAGAGGGAAGCGGAATTCCAGGTGTAGCGGTGAAATGCGTAGATATCTGGAGGAACATCAGTGGCGAAGGCGGCTTCCTGGACTAACACTGACGCTGAGGTGCGAAAGCGTGGGGAGCAAACAGG,-16.6278756177884,Bacteria,Proteobacteria,Gammaproteobacteria,B2M28,NA,NA,NA
72,TACGGAGGGTGCAAGCGTTAATCGGAATTACTGGGCGTAAAGCGAGTGTAGGCGGCTTCGTAAGTCGGATGTGAAAGCCCTGGGCTTAACCTGGGAACTGCATTCGATACTGCGCGGCTAGAGTCTGATAGAGGGAAGTGGAATTCCAGGTGTAGCGGTGAAATGCGTAGATATCTGGAGGAACACCAGTGGCGAAGGCGGCTTCCTGGATCAAGACTGACGCTGAGGCTCGAAAGCGTGGGGAGCAAACAGG,22.1002666088975,Bacteria,Proteobacteria,Gammaproteobacteria,Gammaproteobacteria Incertae Sedis,Unknown Family,NA,NA
73,TACGGAGGGTGCGAGCGTTAATCGGAATTACTGGGCGTAAAGGGTTCGTAGGCGGTTATATAAGTCAGATGTGAAAGACCCGGGCTTAACCTTGGAATGGCATTTGAAACTGTGTAACTAGAGTAAGGTAGAGGAGTGGGGAATTTCCGGTGTAGCGGTGAAATGCGTAGAGATCGGAAGGAACACCAGTGGCGAAGGCGACACTCTGGGCCATTACTGACGCTGAGGGACGAAAGCGTGGGGATCAAACAGG,-27.1094779402236,Bacteria,Proteobacteria,Gammaproteobacteria,Francisellales,Francisellaceae,NA,NA
74,TACAGAGGGTGCGAGCGTTAATCGGAATTACTGGGCGTAAAGCGCGCGTAGGCGGTTTGTTAAGTCGGATGTGAAAGCCCCGGGCTCAACCTGGGAACTGCATTCGATACTGGCAGGCTAGAGTATGGTAGAGGGAAGTGGAATTCCGGGTGTAGCGGTGAAATGCGTAGATATCCGGAGGAACATCAGTGGCGAAGGCGGCTTCCTGGACCAATACTGACGCTGAGGTGCGAAAGCGTGGGGAGCAAACAGG,-27.6203040620816,Bacteria,Proteobacteria,Gammaproteobacteria,Ectothiorhodospirales,Ectothiorhodospiraceae,Thiogranum,NA
75,TACGGAGGGTGCAAGCGTTAATCGGAATTACTGGGCGTAAAGCGCACGTAGGCGGTTTGTTAAGTCGGATGTGAAAGCCCCGGGCTCAACCTGGGAACTGCATTCGATACTGGCAAACTAGAGTATAGAAGAGGCAAGTGGAATTCCGGGTGTAGCGGTGAAATGCGTAGATATCCGGAGGAACATCAGTGGCGAAGGCGACTTGCTGGTCTAATACTGACGCTGAGGTGCGAAAGCGTGGGGAGCAAACGGG,20.4061128648702,Bacteria,Proteobacteria,Gammaproteobacteria,BD7-8,NA,NA,NA
76,TACGGAGGGAGCGAGCGTTAATCGGAATTACTGGGCGTAAAGCGCGCGTAGGCGGCTTTGTAAGTCGGATGTGAAAGCCCAGGGCTTAACCCTGGAATTGCATTCGATACTGCATAGCTAGAGTATGGTAGAGGGAAGTGGAATTTCCGGTGTAGCGGTGAAATGCGTAGATATCGGAAGGAACACCAGTGGCGAAGGCGACTTCCTGGGCCAATACTGACGCTGAGGTGCGAAAGCGTGGGGAGCAAACAGG,23.3865423535499,Bacteria,Proteobacteria,Gammaproteobacteria,Steroidobacterales,Woeseiaceae,Woeseia,NA
77,TACGGAGGGTGCAAGCGTTAATCGGAATTACTGGGCGTAAAGCGCGCGTAGGTGGTTTAGTCAGTCAGATGTGAAAGCCCCGGGCTCAACCTGGGAACTGCACCTGATACTGCTAAACTAGAGTACGGTAGAGGGCAGTGGAATTTCCTGTGTAGCGGTGAAATGCGTAGATATAGGAAGGAACACCAGTGGCGAAGGCGACTGCCTGGACTGATACTGACACTGAGGTGCGAAAGCGTGGGGAGCAAACAGG,-28.5478737049426,Bacteria,Proteobacteria,Gammaproteobacteria,Oceanospirillales,Nitrincolaceae,Marinobacterium,NA
78,TACGGAGGGTGCGAGCGTTAATCGGAATTACTGGGCGTAAAGCGAGCGTAGGCGGTGACGTAAGTTGGATGTGAAAAACCGGGGCTTAACCTCGGCCGTGCATTCAAAACTGCGTGACTAGAGTCTTGTAGAGGGGGGTAGAATTTCAGGTGTAGCGGTGAAATGCGTAGAGATCTGAAGGAATACCAGTGGCGAAGGCGGCCCCCTGGACAAAGACTGACGCTGAGGTTCGAAAGCGTGGGTAGCGAACAGG,-26.5423496093131,Bacteria,Proteobacteria,Gammaproteobacteria,Alteromonadales,Alteromonadaceae,NA,NA
79,TACGGAGGGTGCAAGCGTTAATCGGAATTACTGGGCGTAAAGCGCGCGTAGGCGGTCAAGTCAGTCAACTGTGAAAGCCCAGGGCTCAACCTTGGAACTGCAGCTGATACTGCTTGACTAGAGTTTGGTAGAGGAGTGTGGAATTTCCTGTGTAGCGGTGAAATGCGTAGATATAGGAAGGAACACCAGTGGCGAAGGCGACACTCTGGACCAAAACTGACGCTGAGGTGCGAAAGCGTGGGGAGCAAACAGG,-17.096463329204,Bacteria,Proteobacteria,Gammaproteobacteria,Oceanospirillales,Nitrincolaceae,Motiliproteus,NA
80,TACGGAGGGTGCAAGCGTTAATCGGAATTACTGGGCGTAAAGGGCGCGTAGGCGGATTAATAAGTTGGATGTGAAAGGCCAGGGCTTAACCTTGGTATGTCATCTGAAACTGTTGATCTAGAGTATGATAGAGGGGTGTGGAATTTCAGGTGTAGCGGTGAAATGCGTAGATATCTGAAGGAACATCGGTGGCGAAGGCGGCACCCTGGATCAATACTGACGCTGATGCGCGAAAGCATGGGTAGCGAACAGG,-16.0312738285672,Bacteria,Proteobacteria,Gammaproteobacteria,NA,NA,NA,NA
81,TACAGAGGGTGCGAGCGTTAATCGGAATTACTGGGCGTAAAGCGCGCGTAGGTGGTTTGTTAAGTCGGATGTGAAAGCCCAGGGCTCAACCTTGGAATTGCACCCGATACTGGCAGGCTAGAGTACGGTAGAGGGGTGTGGAATTTCCTGTGTAGCGGTGAAATGCGTAGATATAGGAAGGAACATCAGTGGCGAAGGCGACACCCTGGACCGATACTGACACTGAGGTGCGAAAGCGTGGGGAGCAAACAGG,-13.3833859842079,Bacteria,Proteobacteria,Gammaproteobacteria,Oceanospirillales,Marinomonadaceae,Marinomonas,NA
82,TACGGAGGGTGCAAGCGTTAATCGGAATTACTGGGCGTAAAGCGTGCGTAGGCGGCCTGTTAAGTTGGATGTGAAAGCCCCGGGCTCAACCTGGGAACTGCATCCAAAACTGACAGGCTTGAGTGCGGAAGAGGAGTGTGGAATTTCCTGTGTAGCGGTGAAATGCGTAGATATAGGAAGGAACACCAGTGGCGAAGGCGACACTCTGGTCTGACACTGACGCTGAGGTACGAAAGCGTGGGGAGCAAACAGG,-29.8472171133281,Bacteria,Proteobacteria,Gammaproteobacteria,Oceanospirillales,Endozoicomonadaceae,Endozoicomonas,NA
83,TACGGAGGGTGCAAGCGTTAATCGGAATTACTGGGCGTAAAGCGCGCGTAGGCGGATAATTAAGTCAGATGTGAAAGCCCTGGGCTCAACCTGGGAACTGCATTTGATACTGGTTATCTAGAGTACAGTAGAGGGGGGTGGAATTCCAGGTGTAGCGGTGAAATGCGTAGATATCTGGAGGAACATCAGTGGCGAAGGCGACCCCCTGGACTGATACTGACGCTGAGGTGCGAAAGCGTGGGTAGCGAACAGG,-25.2117476686917,Bacteria,Proteobacteria,Gammaproteobacteria,Oceanospirillales,Kangiellaceae,Kangiella,NA
84,TACGGAGGGTGCAAGCGTTAATCGGAATTACTGGGCGTAAAGCGCGCGTAGGCGGCTTGTTAAGTCGGATGTGAAAGCCCCGGGCTCAACCTGGGAACTGCACCCGATACTGGCAAGCTAGAGTACAGTAGAGGGTGGTAGAATTTCTTGTGTAGCGGTGAAATGCGTAGATATAAGAAGGAATACCAGTGGCGAAGGCGGCCACCTGGACTGATACTGACGCTGAGGTGCGAAAGCGTGGGGAGCAAACAGG,-16.8670926858012,Bacteria,Proteobacteria,Gammaproteobacteria,Cellvibrionales,Spongiibacteraceae,BD1-7 clade,NA
85,TACGGAGGGTGCAAGCGTTAATCGGAATTACTGGGCGTAAAGCGCGCGTAGGCGGTTTGATAAGTCGGATGTGAAAGCCCTGGGCTCAACCTGGGAACTGCATTCGATACTGTCTGACTAGAGTATGGTAGAGGGAAGTGGAATTCCGGGTGTAGCGGTGAAATGCGTAGATATCCGGAGGAACATCAGTGGCGAAGGCGACTTCCTGGACCAATACTGACGCTGAGGTGCGAAAGCGTGGGGAGCAAACAGG,-24.3465354816346,Bacteria,Proteobacteria,Gammaproteobacteria,Ectothiorhodospirales,Thioalkalispiraceae,Thiohalophilus,NA
86,TACGGAGGGTGCGAGCGTTAATCGGAATTACTGGGCGTAAAGCGCATGCAGGTGGTTAGTTAAGTCAGATGTGAAAGCCCGGGGCTCAACCTCGGAATTGCATTTGAAACTGGCTGACTAGAGTACTGTAGAGGGGGGTAGAATTTCAGGTGTAGCGGTGAAATGCGTAGAGATCTGAAGGAATACCGGTGGCGAAGGCGGCCCCCTGGACAGATACTGACACTCAGATGCGAAAGCGTGGGGAGCAAACAGG,-16.629137257355,Bacteria,Proteobacteria,Gammaproteobacteria,Vibrionales,Vibrionaceae,Vibrio,NA
87,TACGGAGGGTCCGAGCGTTAATCGGAATTACTGGGCGTAAAGCGCGCGTAGGTGGATTGGTCAGTCAGATGTGAAAGCCCAGGGCTCAACCTTGGAACTGCACCTGATACTGCCAATCTAGAATACGGTAGAGGGTAGTGGAATTTCCTGTGTAGCGGTGAAATGCGTAGATATAGGAAGGAACACCAGTGGCGAAGGCGACTACCTGGACCGATATTGACACTGAGGTGCGAAAGCGTGGGGAGCAAACAGG,23.4838108690015,Bacteria,Proteobacteria,Gammaproteobacteria,Oceanospirillales,Nitrincolaceae,Neptuniibacter,NA
88,TACGGAGGGTGCGAGCGTTAATCGGAATTACTGGGCGTAAAGCGTGCGCAGGCGGTTTGTTAAGCGAGATGTGAAAGCCCCGGGCTCAACCTGGGAACTGCATTTTGAACTGGCAAACTAGAGTCTTGTAGAGGGGGGTAGAATTCCAGGTGTAGCGGTGAAATGCGTAGAGATCTGGAGGAATACCGGTGGCGAAGGCGGCCCCCTGGACAAAGACTGACGCTCATGCACGAAAGCGTGGGGAGCAAACAGG,22.8936582770555,Bacteria,Proteobacteria,Gammaproteobacteria,Alteromonadales,Shewanellaceae,Shewanella,corallii
89,TACGGAGGGTGCAAGCGTTAATCGGAATTACTGGGCGTAAAGCGCGCGTAGGCGGTTTGTTAAGCTAGATGTGAAATCCCAGGGCTCAACCTTGGAACTGCATTTAGAACTGGCAGGCTAGAGTACAGAAGAGGGGTGTGGAATTTCCGGTGTAGCGGTGAAATGCGTAGAGATCGGAAGGAACATCAGTGGCGAAGGCGACACCCTGGACTGATACTGACGCTGAGGTGCGAAAGCGTGGGGAGCAAACAGG,-16.9311515650412,Bacteria,Proteobacteria,Gammaproteobacteria,Cellvibrionales,Cellvibrionaceae,NA,NA
90,TACAGAGGGTGCGAGCGTTAATCGGATTTACTGGGCGTAAAGCGTGCGTAGGCGGCCAATTAAGTCAAATGTGAAATCCCCGAGCTTAACTTGGGAATTGCATTCGATACTGGTTGGCTAGAGTATGGGAGAGGATGGTAGAATTCCAGGTGTAGCGGTGAAATGCGTAGAGATCTGGAGGAATACCGATGGCGAAGGCAGCCATCTGGCCTAATACTGACGCTGAGGTACGAAAGCATGGGGAGCAAACAGG,-17.0827498323519,Bacteria,Proteobacteria,Gammaproteobacteria,Pseudomonadales,Moraxellaceae,Acinetobacter,NA
91,TACGGAGGGTGCAAGCGTTAATCGGAATGACTGGGCGTAAAGCGCACGCAGGCGGTTTGTTAAGCCAGATGTGAAAGCCCCGAGCTCAACTCGGGAACTGCATTTGGAACTGGCAAACTAGAGTCTTGTAGAGGGGGGTAGAATTTCCAGTGTAGCGGTGAAATGCGTAGAGATTGGAAGGAATACCAGTGGCGAAGGCGGCCCCCTGGACAAAGACTGACGCTCAGGTGCGAAAGCGTGGGGAGCAAACAGG,-13.9925417427602,Bacteria,Proteobacteria,Gammaproteobacteria,Aeromonadales,Aeromonadaceae,Oceanisphaera,NA
92,TACGGAGGGTGCGAGCGTTAATCGGAATTACTGGGCGTAAAGCGCGCGTAGGCGGTTTGGTCAGTCAGATGTGAAAGCCCTGGGCTCAACCTGGGAACTGCATTTGATACTGCCGGACTGGAGTATGGTAGAGGGAAGTGGAATTCCGGGTGTAGCGGTGAAATGCGTAGATATCCGGAGGAACATCAGTGGCGAAGGCGACTTCCTGGACCAATACTGACGCTGAGGTGCGAAAGCGTGGGTAGCAAACAGG,-16.7183814124533,Bacteria,Proteobacteria,Gammaproteobacteria,Chromatiales,Sedimenticolaceae,NA,NA
93,TACGGAGGGTGCAAGCGTTAATCGGAATTACTGGGCGTAAAGCGCACGTAGGCGGTTTGTTAAGTCGGATGTGAAAGCCCCGGGCTCAACCTGGGAACTGCATTCGATACTGACAAACTAGAGTATAGAAGAGGCAAGTGGAATTCCGGGTGTAGCGGTGAAATGCGTAGATATCCGGAGGAACATCAGTGGCGAAGGCGACTTGCTGGTCTAATACTGACGCTGAGGTGCGAAAGCGTGGGGAGCAAACGGG,-30,Bacteria,Proteobacteria,Gammaproteobacteria,BD7-8,NA,NA,NA
94,TACGGAGGGTGCAAGCGTTAATCGGAATTACTGGGCGTAAAGCGTACGTAGGTGGCTCATTAAGTCGGATGTGAAAGCCCCGGGCTCAACCTGGGAATTGCATACGATACTGGTGAGCTAGAGTCTGACAGAGGTTGGCGGAATTTCCGGTGTAGCGGTGAAATGCGTAGATATCGGAAGGAACATCAGTGGCGAAGGCGGCTGACTGGGTCAAGACTGACACTGAGGTACGAAAGCGTGGGGAGCAAACAGG,-25.6246026729436,Bacteria,Proteobacteria,Gammaproteobacteria,Gammaproteobacteria Incertae Sedis,Unknown Family,NA,NA
95,TACGGAGGGTGCAAGCGTTAATCGGAATTACTGGGCGTAAAGCGCGCGTAGGCGGAATGATAAGTCTCATGTGAAAGCCCAGGGCTCAACCTTGGAACTGCATGGGATACTGTTATTCTAGAATACAGTAGAGGGAGGTGGAATTTCAGGTGTAGCGGTGAAATGCGTAGAGATCTGAAGGAACATCAGTGGCGAAGGCGGCCTCCTGGACTGATATTGACGCTGAGGTGCGAAAGCGTGGGGAGCAAACAGG,-16.4538297156616,Bacteria,Proteobacteria,Gammaproteobacteria,Oceanospirillales,Kangiellaceae,Aliikangiella,NA
96,TACGGAGGGTGCAAGCGTTAATCGGAATTACTGGGCGTAAAGCGTGCGTAGACGGCAATCTAAGTGGGATGTGAAAGCCCCGGGCTTAACCTGGGAACTGCATCCCAAACTGGGTAGCTAGAGTACGGCAGAGGAGTGTGGAATTTCCTGTGTAGCGGTGAAATGCGTAGATATAGGAAGGAACACCAGTGGCGAAGGCGACACTCTGGGCTGATACTGACGCTGAGGTACGAAAGCGTGGGGAGCAAACAGG,-13.7956550907818,Bacteria,Proteobacteria,Gammaproteobacteria,Oceanospirillales,Endozoicomonadaceae,Endozoicomonas,NA
97,TACGTAGGGTGCGAGCGTTAATCGGAATTACTGGGCGTAAAGCGTGCGCAGGCGGTTTGCTAAGACCGATGTGAAATCCCCGGGCTCAACCTGGGAACTGCATTGGTGACTGGCAGGCTAGAGTATGGCAGAGGGGGGTAGAATTCCACGTGTAGCAGTGAAATGCGTAGAGATGTGGAGGAATACCGATGGCGAAGGCAGCCCCCTGGGCCAATACTGACGCTCATGCACGAAAGCGTGGGGAGCAAACAGG,-13.3224260722578,Bacteria,Proteobacteria,Gammaproteobacteria,Burkholderiales,Burkholderiaceae,Burkholderia-Caballeronia-Paraburkholderia,NA
98,TACGGAGGGAGCGAGCGTTAATCGGAATTACTGGGCGTAAAGCGCGCGTAGGCGGCTTTGTAAGTCGGATGTGAAAGCCCTGGGCTTAACCTGGGAATGGCATTCGATACTGCAGAGCTAGAGTATGGTAGAGGGAAGTGGAATTTCCGGTGTAGCGGTGAAATGCGTAGATATCGGAAGGAACACCGGTGGCGAAGGCGACTTCCTGGGCCAATACTGACGCTGAGGCGCGAAAGCGTGGGTAGCAAACAGG,19.3296283654983,Bacteria,Proteobacteria,Gammaproteobacteria,Steroidobacterales,Woeseiaceae,Woeseia,NA
99,TACGGAGGGTGCAAGCGTTAATCGGAATTACTGGGCGTAAAGCGCTCGCAGGCGGTTTGTTAAGTCGGATGTGAAAGCCCCGGGCTCAACCTGGGAACTGCATTCGATACTGGCAAACTAGAGTATGGTAGAGGCAAGTGGAATTCCGGGTGTAGCGGTGAAATGCGTAGATATCCGGAGGAACATCAGTGGCGAAGGCGACTTGCTGGACTAATACTGACGCTCAGGAGCGAAAGCGTGGGGAGCAAACGGG,-25.7333459095697,Bacteria,Proteobacteria,Gammaproteobacteria,BD7-8,NA,NA,NA
100,TACAGAGGGTGCAAGCGTTAATCGGAATTACTGGGCGTAAAGCGCGCGTAGGTGGTTCGTTAAGTTGGATGTGAAATCCCCGGGCTCAACCTGGGAACTGCATTCAAAACTGACGAGCTAGAGTATGGTAGAGGGTGGTGGAATTTCCTGTGTAGCGGTGAAATGCATAGATATAGGAAGGAACACCAGTGGCGAAGGCGACCACCTGGACTGATACTGACACTGAGGTGCGAAAGCGTGGGGAGCAAACAGG,-13.3391058197957,Bacteria,Proteobacteria,Gammaproteobacteria,Pseudomonadales,Pseudomonadaceae,Pseudomonas,NA
101,TACTGAGGGTGCAAGCGTTAATCGGAATTACTGGGCGTAAAGCGAGTGTAGGCGGCTTCGTAAGTCGGATGTGAAAGCCCCGGGCTTAACCTGGGAATGCCATTCGATACTGCGCGGCTAGAGTCTGATAGAGGGAAGTGGAATTCCAGGTGTAGCGGTGAAATGCGTAGATATCTGGAGGAACACCAGTGGCGAAGGCGGCTTCCTGGATCAAGACTGACGCTGAGGCTCGAAAGCGTGGGGAGCAAACAGG,-14.5716871209837,Bacteria,Proteobacteria,Gammaproteobacteria,Gammaproteobacteria Incertae Sedis,Unknown Family,NA,NA
102,TACGGAGGGTGCGAGCGTTAATCGGAATTACTGGGCGTAAAGCGCGCGTAGGTGGATTGGTCAGTCAGATGTGAAAGCCCCGGGCTCAACCTGGGAACTGCACCTGATACTGCTAGTCTAGAGTACGGTAGAGGGTAGTGGAATTTCCTGTGTAGCGGTGAAATGCGTAGATATAGGAAGGAACACCAGTGGCGAAGGCGACTACCTGGACCGATACTGACACTGAGGTGCGAAAGCGTGGGGAGCAAACAGG,-24.3443214819745,Bacteria,Proteobacteria,Gammaproteobacteria,Oceanospirillales,Nitrincolaceae,Neptuniibacter,NA
103,TACGGAGGGTGCAAGCGTTAATCGGAATTACTGGGCGTAAAGCGCGCGTAGGCGGTAAGTTAAGCGGGATGTGAAATCCCCGGGCTCAACCTGGGAACTGCATTTCGAACTGGCTTGCTAGAGTACAGAAGAGGGTGGTGGAATTTCCAGTGTAGCGGTGAAATGCGTAGAGATTGGAAGGAACATCAGTGGCGAAGGCGGCCACCTGGTCTGATACTGACGCTGAGGTGCGAAAGCGTGGGGAGCAAACAGG,-13.2823575969704,Bacteria,Proteobacteria,Gammaproteobacteria,Cellvibrionales,Cellvibrionaceae,Candidatus Endobugula,NA
104,TACGGAGGGTGCAAGCGTTAATCGGAATTACTGGGCGTAAAGCGCGCGTAGGCGGTTTGTTAAGTCGGATGTGAAAGCCCTGGGCTCAACCTGGGAACTGCATTCGATACTGGCCGACTAGAGTACGAGAGAGGGAGGTAGAATTCCATGTGTAGCGGTGAAATGCGTAGATATGTGGAGGAATACCGGTGGCGAAGGCGGCCTCCTGGCTCGATACTGACGCTGAGGTGCGAAAGCGTGGGGAGCAAACAGG,-30,Bacteria,Proteobacteria,Gammaproteobacteria,Cellvibrionales,Halieaceae,Halioglobus,NA
105,TACGGAGGGTGCGAGCGTTAATCGGAATTACTGGGCGTAAAGCGCATGCAGGTGGTTTGTTAAGTCAGATGTGAAAGCCCGGGGCTCAACCTCGGAATTGCATTTGAAACTGGCAGACTAGAGTACTGTAGAGGGGGGTAGAATTTCAGGTGTAGCGGTGAAATGCGTAAAGATCTGAAGGAATACCGGTGGCGAAGGCGGCCCCCTGGACAGATACTGACACTCAGATGCGAAAGCGTGGGGAGCAAACAGG,-19.011680023513,Bacteria,Proteobacteria,Gammaproteobacteria,Vibrionales,Vibrionaceae,Vibrio,NA
106,TACGGAGGGTGCAAGCGTTAATCGGAATCACTGGGCGTAAAGCGCGCGTAGGCGGTCTGGTAAGTCAGATGTGAAAGCCCCGGGCTCAACCTGGGAATTGCATTTGATACTGCCTGGCTAGAGTATGGTAGAGGGGGGTGGAATTCCAGGTGTAGCGGTGAAATGCGTAGATATCTGGAGGAACACCAGTGGCGAAGGCGGCCCCCTGGACCAATACTGACGCTGAGGTGCGAAAGCGTGGGGAGCAAACAGG,-26.6933604141433,Bacteria,Proteobacteria,Gammaproteobacteria,Arenicellales,Arenicellaceae,Candidatus Thiosymbion,NA
107,TACGGAGGGTGCAAGCGTTAATCGGAATTACTGGGCGTAAAGCGCGCGTAGGCGGTTTTGTAAGTCGGATGTGAAAGCCCCGGGCTTAACCTGGGAATTGCATTCGATACTGCATAACTAGAGTACGGTAGAGGGAAGTGGAATTCCGGGTGTAGCGGTGAAATGCGTAGATATCCGGAGGAACACCAGTGGCGAAGGCGACTTCCTGGGCCAGTACTGACGCTGAGGTGCGAAAGCGTGGGGAGCAAACAGG,-14.2067168435204,Bacteria,Proteobacteria,Gammaproteobacteria,Steroidobacterales,Woeseiaceae,Woeseia,NA
108,TACGGAGGGTGCAAGCGTTAATCGGAATTACTGGGCGTAAAGCGCGCGTAGGCGGTTTTGTTAGTCGGATGTGAAATCCCCGGGCTTAACCTGGGAACTGCATTCGATACTGCATAACTAGAGTATGGTAGAGGGAAGTGGAATTTCCGGTGTAGCGGTGAAATGCGTAGATATCGGAAGGAACACCAGTGGCGAAGGCGACTTCCTGGGCCAATACTGACGCTGAGGTGCGAAAGCGTGGGGAGCAAACAGG,-15.6805283037978,Bacteria,Proteobacteria,Gammaproteobacteria,Steroidobacterales,Woeseiaceae,Woeseia,NA
109,TACGGAGGGTGCGAGCGTTAATCGAAATTACTGGGCGTAAAGCGCATGCAGGTGGATGATTAAGTCAGATGTGAAAGCCCGGGGCTCAACCTCGGAATAGCATTTGAAACTGGTCATCTAGAGTACTGTAGAGGGGGGTAGAATTTCAGGTGTAGCGGTGAAATGCGTAGAGATCTGAAGGAATACCGGTGGCGAAGGCGGCCCCCTGGACAGATACTGACACTCAGATGCGAAAGCGTGGGGAGCAAACAGG,-16.2992235654029,Bacteria,Proteobacteria,Gammaproteobacteria,Vibrionales,Vibrionaceae,Vibrio,NA
110,TACTGAGGGTGCGAGCGTTAATCGGAATTACTGGGCGTAAAGCGCGCGTAGGCGGTTATGTAAGCTAGATGTGAAATCCCCGGGCTTAACCTGGGAACTGCATTTAGAACTGCATGGCTAGAGTTTTGGAGAGGAGAGTAGAATTCCCAGTGTAGCGGTGAAATGCGTAGAGATTGGGAGGAATACCAGTGGCGAAGGCGGCTCTCTGGCCAAAAACTGACGCTGAGGTGCGAAAGCGTGGGGAGCAAACAGG,-19.3951600235832,Bacteria,Proteobacteria,Gammaproteobacteria,Oceanospirillales,Hahellaceae,Hahella,NA
111,TACGGAGGGTGCGAGCGTTAATCGGAATTACTGGGCGTAAAGCGCATGCAGGCGGTCTGTTAAGCAAGATGTGAAAGCCCCGGGCTTAACCTGGGAACTGCATTTTGAACTGGCAGGCTAGAGTCTTGTAGAGGGGGGTAGAATTTCAGGTGTAGCGGTGAAATGCGTAGAGATCTGAAGGAATACCGGTGGCGAAGGCGGCCCCCTGGACAAAGACTGACGCTCAGATGCGAAAGCGTGGGGAGCAAACAGG,-13.098011387647,Bacteria,Proteobacteria,Gammaproteobacteria,Vibrionales,Vibrionaceae,Grimontia,NA
112,TACGGAGGGTGCAAGCGTTAATCGGAATTACTGGGCGTAAAGCGCGCGTAGGCGGTTTTGTTAGTCGGATGTGAAATCCCCGGGCTTAACCTGGGAACTGCATTCGATACTGCATAACTAGAGTATGGTAGAGGGAAGTGGAATTCCGGGTGTAGCGGTGAAATGCGTAGATATCCGGAGGAACACCAGTGGCGAAGGCGACTTCCTGGGCCAATACTGACGCTGAGGTGCGAAAGCGTGGGGAGCAAACAGG,-15.2689238480604,Bacteria,Proteobacteria,Gammaproteobacteria,Steroidobacterales,Woeseiaceae,Woeseia,NA
113,TACAGAGGGTGCGAGCGTTAATCGGAATTACTGGGCGTAAAGCGTGCGTAGGTGGTATGTTAAGTCAGATGTGAAAACCCAGGGCTCAACCTTGGAATTGCATTTGAAACTAATAAACTAGAGTTCGGGAGAGGAGAGTGGAATTTCCGGTGTAGCGGTGAAATGCGTAGATATCGGAAGGAACACCAGTGGCGAAGGCGGCTCTCTGGACCGACACTGACACTGAGGCACGAAAGCGTGGGGAGCGAACAGG,-12.7471108418721,Bacteria,Proteobacteria,Gammaproteobacteria,Gammaproteobacteria Incertae Sedis,Unknown Family,Candidatus Berkiella,NA
114,TACGGAGGGTGCAAGCGTTAATCGGAATTACTGGGCGTAAAGCGCGCGTAGGTGGTTATTCAAGTTGGATGTGAAAGCCCCGGGCTCAACCTGGGAACTGCATTCAAAACTGTATAACTAGAGTATAGTAGAGGGCGATGGAATTTCCTGTGTAGCGGTGAAATGCGTAGATATAGGAAGGAACATCAGTGGCGAAGGCGATCGCCTGGACTAATACTGACACTGAGGTGCGAAAGCGTGGGTAGCAAACAGG,-17.7954237857904,Bacteria,Proteobacteria,Gammaproteobacteria,NA,NA,NA,NA
115,TACGGAGGGTGCAAGCGTTAATCGGAATTACTGGGCGTAAAGCGCTCGTAGGCGGTTTGTTAAGTCGGATGTGAAAGCCCCGGGCTCAACCTGGGAACTGCATTCGATACTGACAGACTAGAGTATAGTAGAGGCAAGTGGAATTCCGGGTGTAGCGGTGAAATGCGTAGATATCCGGAGGAACATCAGTGGCGAAGGCGACTTGCTGGACTAATACTGACGCTGAGGAGCGAAAGCGTGGGGAGCAAACGGG,-17.5605013876701,Bacteria,Proteobacteria,Gammaproteobacteria,BD7-8,NA,NA,NA
