GACGGAGGATGCAAGTGTTATCCGGAATCACTGGGCGTAAAGCGTCTGTAGGTGGTTTGATAAGTCAACTGTTAAATCTTGAGGCTCAACTTCAAAATCGCAGTCGAAACTATTAGACTAGAGTATAGTAGAGGTAAAGGGAATTTCCAGTGGAGCGGTGAAATGCGTAGATATTGGAAAGAACACCGATGGCGAAAGCACTTTACTGGGCTATTACTAACACTCAGAGACGAAAGCTAGGGTAGCAAATGGG, 1988,Bacteria,Cyanobacteria,Cyanobacteriia,Chloroplast,NA,NA,NA,NA
CACGGGTCGATACAGTGTTTCGCAGCTTGATTAGGTGTAAATGTAATAAGGCGTATTAGGTAGTAATTGGTTTGTTGTTGATTTTTTAGTTATTTTTATATCTTTTTTCTTCATGTGAAATCGTAATTAGTAAAGTTATTGTGATATGAAGAATACCTTCTTATTGGTTTAAAAGGATGTTTGTAGGGTTTTTATATTTAGGAAAACAAAGCCGTAGAGATTAGAAAACCTTCCGAATGTGGAGACGACAAACAATTTTTAATCGACGCTGAATTTACTAAAGCAGGGGTAGCGAGAAAG,  766,Bacteria,Proteobacteria,Alphaproteobacteria,Rickettsiales,Mitochondria,NA,NA,NA
GACGGAGGATGCAAGTGTTATCCGGAATCACTGGGCGTAAAGCGTCTGTAGGTGGTTTAATAAGTCAACTGTTAAATCTTGAGGCTCAACTTCAAAATCGCAGTCGAAACTATTAGACTAGAGTATAGTAGAGGTAAAGGGAATTTCCAGTGGAGCGGTGAAATGCGTAGAGATTGGAAAGAACACCGATGGCGAAAGCACTTTACTGGGCTATTACTAACACTCAGAGACGAAAGCTAGGGTAGCAAATGGG, 1911,Bacteria,Cyanobacteria,Cyanobacteriia,Chloroplast,NA,NA,NA,NA
TACGAAGGGGGCAAGCGTTGTTCGGAATTACTGGGCGTAAAGAGTACGTAGGCGGTTTATCTAGTTAGGTGTGAAATCCCAGAGCTCAACTTTGGAACTGCACTTAATACTGATAAACTAGAATGTAAGAGAGGGAAGTGGAATTTCTAGTGTAGGAGTGAAATCCGTAGATATTAGAAGGAACACCAGAGGCGAAGGCGACTTCCTGGCTTATAATTGACGCTGAGGTACGAAAGCGTGGGTAGCAAACAGG, 4661,Bacteria,NA,NA,NA,NA,NA,NA,NA
CACGGGTCGATACAGTGTTTCGCAGCTTGATTAGGTGTAAATGTAATAAGGCGTATTAGGTCGTAATTGGTTTGTTGTTGATTTTTTAGTTATTTTTATATCTTTTTTCTTCATGTGAAATCGTAATTAGTAAAGTTATTGTGATATGAAGAATACCTTCTTATTGGTTTAAAAGGATGTTTGTAGGGTTTTTATATTTAGGAAAACAAAGCCGTAGAGATTAGAAAACCTTCCGAATGTGGAGACGACAAACAATTTTTAATCGACGCTGAATTTACTAAAGCAGGGGTAGCGAGAAAG,  767,Bacteria,Proteobacteria,Alphaproteobacteria,Rickettsiales,Mitochondria,NA,NA,NA
TACGGAGGGTGCAAGCGTTGTTCGGAATTACTGGGCGTAAAGCGCGCGTAGGCGGCTATTTAAGTCAGATGTGAAAGCCCATGGCTCAACCATGGACGTGCATTTGATACTGGGTAGCTTGAGTACTGGAGGGGGTGGTGGAATTCCCGGTGTAGAGGTGAAATTCGTAGATATCGGGAGGAATACCGGTGGCGAAGGCGACCACCTGGCCAGATACTGACGCTGAGGTGCGAAAGCGTGGGGAGCAAACAGG,11463,Bacteria,Desulfobacterota,Desulfobulbia,Desulfobulbales,Desulfocapsaceae,NA,NA,NA
TACGGAGGGGGCGAGCGTTATTCGGATTTACTGGGCGTAAAGGGTGTGTAGGCGGCATAGTAAGTTAGTAGTGAAATCCCAGGGCTCAACCCTGGAACTGCTGCTAAAACTGCTAAGCTAGAGTTAGGTAGAGGGTAGTAGAATTTCTAGTGTAGGGGTGATATCCGTAGATATTAGAAGGAATGCCAGAGGCGAAGGCGACTACCTGGAACTATACTGACGCTGAGGCACGAAAGCGTGGGGAGCAAACAGG, 7778,Bacteria,NA,NA,NA,NA,NA,NA,NA
TACATAGGGTGCAAGCGTTATCCGGAATTATTGGGCGTAAAGCGTTCGTAGGCGGTTTATTAAGTCTTAAGTTAAAGCCCGGGGCTCAACCCCGGCACGCTTAGGATACTGATAGACTAGAGTTATAGAGAGATTAGCGGAACTCCATGTGAAGCGGTGGAATGCGTAGATATATGGAAGAACACCAATGGCGAAGGCAGCTAATTGGCTATACACTGACGCTGAGGAACGAAAGCGTGGGGAGCAAACAGG, 3969,Bacteria,Firmicutes,Bacilli,Mycoplasmatales,Mycoplasmataceae,Mycoplasma,NA,NA
TACGTAAGGAGCGAGCGTTGTTCGGAATTATTGGGCGTAAAGTGCGTGCAGGCGGTTTGCCAAGTCTGATGTGAAAGCATACAGCTCAACTGTATTGTTGCGTTGGAAACTGGTGAACTAGAATTCGAGAGAGGAAATTGGAATTCCTGGTGTAGGGGTGAAATCTGTTGATATCAGGAAGAACACCTGAGGCGAAAGCGAATTTCTGGCTCTGAATTGACGCTGAAGCGCGAAAGCGTAGGGAGCAAACAGG,13804,Bacteria,Spirochaetota,Spirochaetia,Spirochaetales,Spirochaetaceae,NA,NA,NA
TACGTAGGGTGCAAGCGTTGTCCGGATTTATTGGGCGTAAAGAGCTCGTAGGCGGTTAGTCACGTCGGATGTGAAAACCCAGTGCTTAACACTGGGCCTGCATTCGATACGGGCTGACTAGAGTGTTGTAGGGGAGACTGGAACTCCTGGTGTAGCGGTGAAATGCGCAGATATCAGGAAGAACACCGGTGGCGAAGGCGGGTCTCTGGGCAACTACTGACGCTGAGGAGCGAAAGCGTGGGGAGCAAACAGG,15032,Bacteria,Actinobacteriota,Actinobacteria,PeM15,NA,NA,NA,NA
TACGGAGGGTGCAAGCGTTACTCGGAATCACTGGGCGTAAAGAGCGTGTAGGCGGGTATATAAGTCAGATGTGAAAGCCAATGGCTCAACCATTGAACTGCATTTGAAACTGTAAATCTAGAATATGGGAGAGGTAAATGGAATTTCTGGTGTAGGGGTAAAATCCGTAGAGATCAGAAGGAATACCGATTGCGAAGGCGATTTACTGGAACATAATTGACGCTGAGACGCGAAAGCGTGGGGAGCAAACAGG,10127,Bacteria,Campilobacterota,Campylobacteria,Campylobacterales,Arcobacteraceae,NA,NA,NA
TACGTAGGGTGCAAGCGTTGTCCGGAATTATTGGGCGTAAAGAGCTCGTAGGCGGTTTGTCGCGTCTGCTGTGAAAATCCGAGGCTCAACCTCGGACCTGCAGTGGGTACGGGCAAACTAGAGTGCGGTAGGGGAGATTGGAATTCCTGGTGTAGCGGTGGAATGCGCAGATATCAGGAGGAACACCAATGGCGAAGGCAGATCTCTGGGCCGTAACTGACGCTGAGGAGCGAAAGCGTGGGGAGCGAACAGG,15011,Bacteria,Actinobacteriota,Actinobacteria,Micrococcales,Microbacteriaceae,ML602J-51,NA,NA
TACATAGGGTGCAAGCGTTATCCGGAATTATTGGGCGTAAAGCGTTCGTAGGCGGTTTATTAAGTCTTAAGTCAAAGCCCGGGGCTCAACCCCGGCCCGCTTAGGATACTGATAGACTAGAGTTATAGAGAGATTAGCGGAACTCCATGTGAAGCGGTGGAATGCGTAGATATATGGAAGAACACCAATGGCGAAGGCAGCTAATTGGCTATACACTGACGCTGAGGAACGAAAGCGTGGGGAGCAAACAGG, 3964,Bacteria,Firmicutes,Bacilli,Mycoplasmatales,Mycoplasmataceae,Mycoplasma,NA,NA
TACGGAGGGTGCAAGCGTTACTCGGAATTACTGGGCGTAAAGGGTGCGTAGGCGTCTTATTAAGTCAGATGTGAAATCCTGTGGCTCAACCATAGAACTGCATTTGAAACTGGTAAGATAGAGTTCAGAAGGGGCAAGTGGAATTAGTGGTGTAGGGGTAAAATCCGTAGATATCACTAGGAATACCAAAAGCGAAGGCGACTTGCTAGGATGACACTGACGCTGAGGCACGAAAGCGTGGGGAGCAAACAGG,10234,Bacteria,Campilobacterota,Campylobacteria,Campylobacterales,Helicobacteraceae,NA,NA,NA
TACGTATGTCGCAAGCGTTATCCGGAATTATTGGGCGTAAAGCGCGTCTAGGCGGTCTTTTAAGTCTGATGTTAAAATGCGGGGCTCAACTCCGTATTGCGTTGGAAACTGGAAGACTAGAGTATCAGAGAGGTGGGCGGAACTACAAGTGTAGAGGTGAAATTCGTAGATATTTGTAGGAATGCCGATTGGGAAGCCAGCTCACTGGATGAATACTGACGCTGAAGCGCGAAAGCGTGGGGAGCAAACGGG,15996,Bacteria,Fusobacteriota,Fusobacteriia,Fusobacteriales,Fusobacteriaceae,Propionigenium,NA,NA
TACGGAAGGTCCTAGCGTTGTTCGGAATTACTGGGCGTAAAGCGCATGTAGGCGGAACAAAAAGTTAGAAGTGAAATCCCTGGGCTCAACCTAGGAATGGCTTTTAAAACTTTTGTTCTGGAATTCAGGAGAGGAAAATGGAATTTCCAGTGTAGAGGTGAAATTCGTAGATATTGGAAGGAACACCAGTGGCGAAGGCGATTTTCTGGACTGATATTGACGCTGAGATGCGAAGGCATGGGTAGCAAACGGG, 6221,Bacteria,Proteobacteria,Alphaproteobacteria,Rhodospirillales,AEGEAN-169 marine group,NA,NA,NA
GACGGAGGATGCAAGTGTTATCCGGAATCACTGGGCGTAAAGCGTCTGTAGGTGGTCAAATAAGTCAACTGTTAAATCTTGAGGCTCAACCTCAAAACCGCAGTCGAAACTATTAGACTAGAGTATAGTAGGGGTAAAGGGAATTTCCAGTGGAGCGGTGAAATGCGTAGATATTGGAAAGAACACCGATGGCGAAGGCACTTTACTGGGCTATTACTAACACTCAGAGACGAAAGCTAGGGTAGCAAATGGG, 1843,Bacteria,Cyanobacteria,Cyanobacteriia,Chloroplast,NA,NA,NA,NA
GACGGAGGATGCAAGTGTTATCCGGAATCACTGGGCGTAAAGCGTCTGTAGGTGGCACAATAAGTCAACTGTTAAATCTTGAAGCTCAACTTCAAAATTGCAGTCGAAACTATTGAGCTAGAGTATAGTAGAGGTAAAGGGAATTTCCAGTGGAGCGGTGAAATGCGTAGAGATTGGAAAGAACACCGATGGCGAAGGCACTTTACTGGGCTATTACTGACACTCAGAGACGAAAGCTAGGGTAGCAAATGGG, 1827,Bacteria,Cyanobacteria,Cyanobacteriia,Chloroplast,NA,NA,NA,NA
GACAGGAGGAGCAAGTGTTATTCAGAATTATTGGGCGTAAAGGGCATGTAGGTGGATGTTTGGAGTTGATTGTGCCATTCCAATTGTTAACATTGGGTTTGCAATCAATACTCTTCATCTTGAGGTCAATAGAGGAAAATAGAATTTCTAGTGGAGAGGTTAAATTCTTAGAGATTAGAAGGAATATCGAAAGCGAAGGCAATTTTCTGGGTTGAACCTGACACTGAGATGCGAAAGCGTGGGGAGCAAACAGG, 1276,Bacteria,Proteobacteria,Alphaproteobacteria,Rickettsiales,Mitochondria,NA,NA,NA
TACGGAGGGTCCAAGCGTTATCCGGATTTATTGGGTTTAAAGGGTGCGCAGGCGGAATAATCAGTCAGTGGTGAAATCTCTCGGCTCAACCGAGAAACTGCCATTGATACTGTTATTCTTGAGTATAGTTGTAGTGGGCGGAATATAGCATGTAGCGGTGAAATGCTTAGATATGCTATAGAACACCGATCGCGAAGGCAGCTCACTAAACTATAACTGACGCTCAGGCACGAAAGCGTGGGGAGCAAACAGG, 8608,Bacteria,Bacteroidota,Bacteroidia,Sphingobacteriales,Lentimicrobiaceae,NA,NA,NA
TACATAGGGTGCAAGCGTTATCCGGAATTATTGGGCGTAAAGCGTTCGTAGGCGGTTTATTAAGTCTGAAGTTAAAGCCTGGGGCTCAACCCCAGCCCGCTTCGGATACTGATAGACTAGAGTTATAGAGAGGTTAGTGGAACTCCATGTGAAGCGGTGGAATGCGTAGATATATGGAAGAACACCAATGGCGAAGGCAACTAACTGGCTATATACTGACGCTGAGGAACGAAAGCGTGGGGAGCAAACAGG, 3919,Bacteria,Firmicutes,Bacilli,Mycoplasmatales,Mycoplasmataceae,Mycoplasma,NA,NA
TACGTATGGGGCAAACGTTGTTCGGATTCACTGGGCGTAAAGAGTACGTAGGCTGTCGAGACAGTCAATGATCAAATCCCGTAGCTTAACTACGTGGTCGTTGTTGATACTTCTCGACTAGAGTTTTATAGAGGTAGCAGGAATTCCTGGTGTAGGGGTGAAATCTGTTGATATCAGGAGGAACACCAAAGGCGAAGGCAAGCTACTGGGTAAAAACTGACGCTGAGGTACGAAAGCCAGGGGAGCAAATGGG,15841,Bacteria,Spirochaetota,Spirochaetia,Spirochaetales,Spirochaetaceae,NA,NA,NA
TACGGAGGGTGCGAGCGTTAATCGGAATTACTGGGCGTAAAGCGCATGCAGGTGGTTTGTTAAGTCAGATGTGAAAGCCCGGGGCTCAACCTCGGAATAGCATTTGAAACTGGCAAGCTAGAGTACTGTAGAGGGGGGTAGAATTTCAGGTGTAGCGGTGAAATGCGTAGAGATCTGAAGGAATACCGGTGGCGAAGGCGGCCCCCTGGACAGATACTGACACTCAGATGCGAAAGCGTGGGGAGCAAACAGG,12154,Bacteria,Proteobacteria,Gammaproteobacteria,Vibrionales,Vibrionaceae,Vibrio,Vibrio,NA
GACGAACCGTACGAACGTTATTCGGAATTACTGGGCTTAAAGGGTGCGTAGGCTGCGCGGAAAGTTGGGTGTGAAAGCCCTCAGCTCAACTGAGGAATTGCATCCAAAACTACCGTGCTCGAGGGAGACAGAGGTGAGCGGAACTCAAGGTGGAGCGGTGAAATGCGTTGATATCTTGAGGAACACCGGTGGCGAAAGCGGCTCACTGGGTCTCTTCTGACGCTGAGGCACGAAAGCTAAGGTAGCAAACGGG, 1437,Bacteria,Planctomycetota,Planctomycetes,Pirellulales,Pirellulaceae,NA,NA,NA
TACGGAGGGTGCAAGCGTTGTTCGGAATTATTGGGCGTAAAGAGCATGTAGGCGGTTTGTTAAGTCTGGTGTGAAAGCCCGGGGCTCAACCCCGGAAGTGCATTGGATACTGGCAGGCTTGAGTATGGGAGAGGAAAGTGGAATTCCGAGTGTAGGAGTGAAATCCGTAGATATTCGGAGGAACACCAGTGGCGAAGGCGGCTTTCTGGACCAATACTGACGCTGAGATGCGAAAGCGTGGGGAGCGAACAGG,11694,Bacteria,Desulfobacterota,Desulfuromonadia,Geopsychrobacteraceae,Desulfuromusa,NA,NA,NA
TACGGAGGGTGCAAACGTTGCTCGGAATCATTGGGCGTAAAGCGCGCGTAGGCGGTTGGATAAGTTGGATGTGAAAGCCCTGGGCTCAACCTAGGAAGTGCATCCAAAACTGTCCGACTTGAGTCTCGGAGGGGGTCAGAGAATTCCCGGTGTAGAGGTGAAATTCGTAGATATCGGGAGGAATACCAGTGGCGAAGGCGCTGGCCTGGACGAAAACTGACGCTGAGGCGCGAAAGCATGGGGAGCAAACAGG, 8846,Bacteria,Myxococcota,Polyangia,Nannocystales,Nannocystaceae,NA,NA,NA
TACGGAGGGGGTTAGCGTTGTTCGGAATTACTGGGCGTAAAGCGCGCGTAGGCGGACTATTAAGTCAGGGGTGAAATCCCGGGGCTCAACCCCGGAACTGCCTTTGATACTGGTAGTCTTGAGTTCGAGAGAGGTGAGTGGAATTGCGAGTGTAGAGGTGAAATTCGTAGATATTCGCAGGAACACCAGTGGCGAAGGCGGCTCACTGGCTCGATACTGACGCTGAGGTGCGAAAGCGTGGGGAGCAAACAGG, 8369,Bacteria,Proteobacteria,Alphaproteobacteria,Rhodobacterales,Rhodobacteraceae,NA,NA,NA
TACGAACTGTGCGAACGTTATTCGGAATCACTGGGCTTAAAGGGTGCGTAGGCGGCTACAAAGGTCAGATGTGAAATCCCACGGCTCAACCGTGGAACTGCGTCTGAAACCATGTAGCTTGAGGGAGTCAGAGGTAAGCGGAACTGATGGTGGAGCGGTGAAATGCGTTGATATCATCAGGAACACCGGTGGCGAAAGCGGCTTACTGGGACTTTTCTGACGCTGAGGCACGAAAGCTAGGGGAGCGAACGGG, 4413,Bacteria,Planctomycetota,Planctomycetes,Pirellulales,Pirellulaceae,Blastopirellula,NA,NA
GACGGAGGATGCAAGTGTTATCCGGAATCACTGGGCGTAAAGCGTCTGTAGGTGGTTTAATAAGTCAACTGTTAAATCTTGATGGCTCAACTTCAAAATCGCAGTCGAAACTATTAGACTAGAGTATAGTAGAGGTAAAGGGAATTTCCAGTGGAGCGGTGAAATGCGTAGAGATTGGAAAGAACACCGATGGCGAAAGCACTTTACTGGGCTATTACTAACACTCAGAGACGAAAGCTAGGGTAGCAAATGGG, 1941,Bacteria,Cyanobacteria,Cyanobacteriia,Chloroplast,NA,NA,NA,NA
TACGGAGGGTGCAAGCGTTGTTCGGAATTATTGGGCGTAAAGAGCATGTAGGCGGACTGTTAAGTCTGGTGTGAAAGCCCGGGGCTCAACCCCGGAAGTGCATTGGATACTGGCAGTCTTGAGTATGGGAGAGGAAAGTGGAATTCCGAGTGTAGGAGTGAAATCCGTAGATATTCGGAGGAACACCAGTGGCGAAGGCGGCTTTCTGGACCAATACTGACGCTGAGATGCGAAAGCGTGGGGAGCAAACAGG,11681,Bacteria,Desulfobacterota,Desulfuromonadia,Geopsychrobacteraceae,Pelobacter,NA,NA,NA
TACGGAGGGTCCAAGCGTTATCCGGAATCATTGGGTTTAAAGGGTCCGTAGGCGGGCGATTAAGTCAGAGGTGAAATCCCACAGCTCAACTGTGGAACTGCCTTTGATACTGGTTGTCTTGAGTTACAGTGAAGTAGATAGAATATGTAGTGTAGCGGTGAAATGCATAGATATTACATAGAATACCGATTGCGAAGGCAGTCTACTAACTGTGAACTGACGCTAAGGGACGAAAGCGTGGGGAGCGAACAGG, 8550,Bacteria,Bacteroidota,Bacteroidia,Flavobacteriales,Flavobacteriaceae,Actibacter,NA,NA
TACGTATGTCGCAAGCGTTATCCGGAATTATTGGGCGTAAAGCGAGTCTAGGCGGTTTGTTAAGTCAGATGTGAAAATGCGGGGCTCAACTCCGTATGGCCTTTGATACTGGCGAACTAGAGTACTGGAGAGGTGGGCGGAACTACAAGTGTAGAGGTGAAATTCGTAGATATTTGTAGGAATGCCGATAGTGAAGACAGCTCACTGGACAGATACTGACGCTAAAGCTCGAAAGCGTGGGGAGCAAACAGG,15980,Bacteria,Fusobacteriota,Fusobacteriia,Fusobacteriales,Fusobacteriaceae,Psychrilyobacter,NA,NA
TACGGAGGGTGCAAGCGTTAATCGGAATTACTGGGCGTAAAGCGCGCGTAGGTGGTTTGTTAAGCGGAATGTGAAAGCCCCGGGCTTAACCTGGGAACTGCATTGCGAACTGGCAAACTAGAGTACAGTAGAGGGTAGTGGAATTTCCTGTGTAGCGGTGAAATGCGTAGAGATGGGAAGGAACATCAGTGGCGAAGGCGACTGCCTGGACTGATACTGACACTGAGGTGCGAAAGCGTGGGGAGCAAACAGG, 9824,Bacteria,Proteobacteria,Gammaproteobacteria,Oceanospirillales,Saccharospirillaceae,Thalassolituus,Thalassolituus,oleivorans
TACAGAGGGTGCAAGCGTTAATCGGAATTACTGGGCGTAAAGCGCGCGTAGGTGGTTCAGTAAGATGGGTGTGAAATCCCCGGGCTCAACCTGGGAACTGCTTTCATAACTGCTGAACTAGAGTACGGTAGAGGGTAGTGGAATTTCCTGTGTAGCGGTGAAATGCGTAGATATAGGAAGGAACACCAGTGGCGAAGGCGACTACCTGGACTGATACTGACACTGAGGTGCGAAAGCGTGGGGAGCAAACAGG, 2988,Bacteria,Proteobacteria,Gammaproteobacteria,Pseudomonadales,Pseudomonadaceae,Pseudomonas,Pseudomonas,NA
GACGGAGGATGCAAGTGTTATCCGGAATCACTGGGCGTAAAGCGTCTGTAGGTGGTTTAATAAGTCAACTGTTAAATCTTGGAGCTCAACTTCAAAATCGCAGTCGAAACTATTAGACTAGAGTATAGTAGGGGTAAAGGGAATTTCCAGTGGAGCGGTGAAATGCGTAGAGATTGGAAAGAACACCGATGGCGAAGGCACTTTACTGGGCTATTACTGACACTCAGAGACGAAAGCTAGGGTAGCAAATGGG, 1944,Bacteria,Cyanobacteria,Cyanobacteriia,Chloroplast,NA,NA,NA,NA
TACGGAGGGTGCAAGCGTTAATCGGAATCACTGGGCGTAAAGCGCACGTAGGCGGCCTTGCAAGTCAGACGTGAAAGCCCTCGGCTCAACCGGGGAACTGCGTTTGAAACTGCTTGGCTTGAGTCCGAGAGAGGGTGGCGGAATTCCGGGTGTAGGAGTGAAATCCGTAGATATCCGGAGGAACACCAGTGGCGAAGGCGGCCACCTGGATCGGTACTGACGCTGAGGTGCGAAAGCGTGGGGAGCAAACAGG, 9108,Bacteria,Desulfobacterota,Desulfovibrionia,Desulfovibrionales,Desulfovibrionaceae,Desulfovibrio,NA,NA
TACGGAGGGTGCAAGCGTTACTCGGAATTACTGGGCGTAAAGCGTACGTAGGTGTCCTATTAAGTCAGGTGTGAAATCCTGTGGCTCAACCATAGAACTGCACTTGAAACTGGTAGGATAGAGTTCAGAAGGGGTAAGTGGAATTAGTGGTGTAGGGGTAAAATCCGTAGATATCACTAGGAATACCAAAAGCGAAGGCGACTTACTGGGATGATACTGACACTGAGGTACGAAAGCGTGGGGAGCAAACGGG,10231,Bacteria,Campilobacterota,Campylobacteria,Campylobacterales,Helicobacteraceae,NA,NA,NA
TACGGAGGGTGCAAGCGTTAATCGGAATTACTGGGCGTAAAGCGCGCGTAGGTGGCTTGATAAGCCGGTTGTGAAAGCCCCGGGCTCAACCTGGGAACGGCATCCGGAACTGTCAAGCTAGAGTGCAGGAGAGGAAGGTAGAATTCCCGGTGTAGCGGTGAAATGCGTAGAGATCGGGAGGAATACCAGTGGCGAAGGCGGCCTTCTGGACTGACACTGACACTGAGGTGCGAAAGCGTGGGTAGCAAACAGG, 9777,Bacteria,Proteobacteria,Gammaproteobacteria,Oceanospirillales,Halomonadaceae,Halomonas,Halomonas,NA
GTGTCAGCGCGCGGTAATACGTAGGGGGCGAACGTTGTTCGGAATCACTGGGCGTAAAGGGTGCGCAGGCTGCTCATCAAGTCAGTTGTGAAATTTCGTGGCTCAACCACGAAGCTGCTGCTGATACTGTTGGGCTAGAGTCATAGATAGAGGTAGCGGGAATTCCTGGTGTAGGAGTGAAATCTGTAGATATCAGGAGGAACACCAAGGGTGAAGACAAGCTACTGGGTAATGACTGACGCTGAGGCACGAAAGCTAGGGGAGCAAATGGG, 2492,Bacteria,Spirochaetota,Spirochaetia,Spirochaetales,Spirochaetaceae,NA,NA,NA
GACGGAGGATGCAAGTGTTATCCGGAATCACTGGGCGTAAAGCGTCTGTAGGTGGTCCAATAAGTCAACTGTTAAATCTTGAGGCCCAACCTCAAAATCGCAGTCGAAACTATTAGACTAGAGTATAGTAGGGGTAAAGGGAATTTCCAGTGGAGCGGTGAAATGCGTAGAGATTGGAAAGAACACCGATGGCGAAGGCACTTTACTGGGCTATTACTAACACTCAGAGACGAAAGCTAGGGTAGCAAATGGG, 1855,Bacteria,Cyanobacteria,Cyanobacteriia,Chloroplast,NA,NA,NA,NA
TACAGAGGGTGCGAGCGTTAATCGGAATTACTGGGCGTAAAGCGCGCGTAGGCGGCTTGGTCAGTCGGATGTGAAAGCCCCGGGCTTAACCTGGGAATTGCATTCGATACTGCCTGGCTAGAATGTAGTAGAGGGAAGTGGAATTCCGGGTGTAGCGGTGAAATGCGTAGATATCCGGAGGAACATCAGTGGCGAAGGCGACTTCCTGGACTAACATTGACGCTGAGGTGCGAAAGCGTGGGGAGCAAACAGG, 3322,Bacteria,Proteobacteria,Gammaproteobacteria,B2M28,NA,NA,NA,NA
TACGGAGGGTGCAAGCGTTATTCGGAATCACTGGGCGTAAAGGACGCGTAGGCGGGATAGTAAGTCTGATGTGAAATCCTATGGCTTAACCATAGAACTGCATTGGAAACTACTAACCTAGAGTATGGGAGGGGGAGATGGAATTAGTGGTGTAGGGGTAAAATCCGTAGATATCACTAGGAATACCGAAAGCGAAGGCGATCTCCTGGAACAATACTGACGCTAAGGCGTGAAAGCGTGGGGAGCAAACGGG,10891,Bacteria,Campilobacterota,Campylobacteria,Campylobacterales,Sulfurimonadaceae,Sulfurimonas,NA,NA
TACGTATGGTGCAAGCGTTATCCGGAATCACTGGGCGTAAAGGGTACGTAGGCGGTCATGCAAGTCAGAAGTGAAAGGCTAGGGCTCAACCTTAGTAAGCTTTTGAAACTGCAGGGCTAGAGTTCAGGAGAGGTAAGTGGAATTCCTAGTGTAGAGGTGAAATTCGTAGATATTAGGAGGAACACCAGTGGCGAAGGCGACTTACTGGACTGATACTGACGCTGAGGTACGAAAGCGTGGGGAGCGAACAGG,15887,Bacteria,Firmicutes,Clostridia,Peptostreptococcales-Tissierellales,Fusibacteraceae,Fusibacter,NA,NA
GACGAACCGTACGAACGTTATTCGGAATTACTGGGCTTAAAGGGTGCGTAGGCTGCACGGAAAGTTGGGTGTGAAAGCCCTCAGCTCAACTGAGGAATTGCATCCAAAACTGCCGTGCTTGAGGGAGACAGAGGTGAGCGGAACTCAAGGTGGAGCGGTGAAATGCGTTGATATCTTGAGGAACACCGGTGGCGAAAGCGGCTCACTGGGTCTCTTCTGACGCTGAGGCACGAAAGCTAAGGTAGCAAACGGG, 1432,Bacteria,Planctomycetota,Planctomycetes,Pirellulales,Pirellulaceae,NA,NA,NA
GTGTCAGCCCGCGGTAATACGTAGGGGGCGAACGTTGTTCGGAATCACTGGGCGTAAAGGGTGCGCAGGCTGCTCATCAAGTCAGTTGTGAAATTTCGTGGCTCAACCACGAAGCTGCTGCTGATACTGTTGGGCTAGAGTCATAGATAGAGGTAGCGGGAATTCCTGGTGTAGGAGTGAAATCTGTAGATATCAGGAGGAACACCAAGGGTGAAGACAAGCTACTGGGTAATGACTGACGCTGAGGCACGAAAGCTAGGGGAGCAAATGGG, 2483,Bacteria,Spirochaetota,Spirochaetia,Spirochaetales,Spirochaetaceae,NA,NA,NA
TACGGAGGGTGCAAACGTTGTTCGGAATTATTGGGCGTAAAGAGCATGTAGGCGGTTGTTTAAGTCTGATGTGAAAGCCCTGGGCTCAACCCAGGAAGTGCATTGGATACTGGACAACTTGAGTACGGGAGAGGAAAGTGGAATTTCGAGTGTAGGGGTGAAATCCGTAGATATTCGAAGGAACACCAGTGGCGAAGGCGGCTTTCTGGACCGATACTGACGCTGAGATGCGAAAGCGTGGGGAGCAAACAGG, 8924,Bacteria,Desulfobacterota,Desulfuromonadia,Sva1033,NA,NA,NA,NA
TACGGAGGGTGCAAGCGTTGTTCGGAATTACTGGGCGTAAAGCGCGCGTAGGCGGCTATGTAAGTCAGATGTGAAAGCCCACGGCTCAACCGTGGACGTGCATTTGAAACTGCATGGCTTGAGTACTGGAGGGGGTAGTGGAATTCCCGGTGTAGAGGTGAAATTCGTAGAGATCGGGAGGAATACCGGTGGCGAAGGCGACTACCTGGCCAGATACTGACGCTGAGGTGCGAAAGCGTGGGGAGCAAACAGG,11447,Bacteria,Desulfobacterota,Desulfobulbia,Desulfobulbales,Desulfocapsaceae,NA,NA,NA
TACGGAGGGGGCAAGCGTTATTCGGAATTACTGGGCGTAAAGGGCGCGTAGGCGGCCAGGTCAGTGAGAAGTGAAAGCCCACGGCTCAACCGTGGAACTGCTCCTCATACTGCCAGGCTAGAGAGTGGGAGAGGAAAGTGGAATACCCGGTGTAGCGGTGAAATGCGTAGAGATCGGGTGGAACACCAGTGGCGAAGGCGACTTTCTGGACCACAACTGACGCTGAGGCGCGAAAGCGTGGGGAGCAAACAGG, 7499,Bacteria,Acidobacteriota,Holophagae,Acanthopleuribacterales,Acanthopleuribacteraceae,Acanthopleuribacter,NA,NA
TACGGAGGGTGCAAGCGTTGTTCGGAATTACTGGGCGTAAAGAGCGTGTAGGCGGCCAAGTCAGTCAGATGTGAAAGCCCGTGGCTTAACTGCGGAAGTGCATCTGATACTGCTTGGCTTGAGTCTCGGAGAGGGGTGTGGAATTCCCGGTGTAGAGGTGAAATTCGTAGATATCGGGAGGAACACCAGTGGCGAAGGCGACACCCTGGACGATGACTGACGCTGAGACGCGAAAGCGTGGGGAGCAAACAGG,11400,Bacteria,Desulfobacterota,Desulfarculia,Desulfarculales,Desulfarculaceae,Dethiosulfatarculus,NA,NA
GACGGAGGATGCAAGTGTTATCCGGAATCACTGGGCGTAAAGCGTCTGTAGGTGGCTTAGCAAGTCAACTGTTAAATCTTGAAGCTCAACTTCGAAATCGCAGTCGAAACTGTTAGGCTAGAGTATAGTAGGGGTAAAGGGAATTTCCAGTGGAGCGGTGAAATGCGTAGAGATTGGAAAGAACACCGATGGCGAAGGCACTTTACTGGGCTATTACTGACACTCAGAGACGAAAGCTAGGGTAGCAAATGGG, 1836,Bacteria,Cyanobacteria,Cyanobacteriia,Chloroplast,NA,NA,NA,NA
TACGGAGGGTGCAAGCGTTAATCGGAATTACTGGGCGTAAAGCGCGCGTAGGCGGCTTGGTAAGTCGGATGTGAAAGCCCAGGGCTTAACCCTGGAATTGCATTCGATACTGCCTGGCTAGAGTATGGTAGAGGGAAGTGGAATTTCCGGTGTAGCGGTGAAATGCGTAGATATCGGAAGGAACACCAGTGGCGAAGGCGACTTCCTGGGCCAATACTGACGCTGAGGTGCGAAAGCGTGGGGAGCAAACAGG, 9465,Bacteria,Proteobacteria,Gammaproteobacteria,Steroidobacterales,Woeseiaceae,Woeseia,NA,NA
TACGGAGGGGGTTAGCGTTGTTCGGAATTACTGGGCGTAAAGCGCGCGTAGGCGGATTAGTCAGTCAGGGGTGAAATCCCGGGGCTCAACCCCGGAACTGCCTTTGATACTGCTAGTCTTGAGTTCGAGAGAGGTGAGTGGAATTCCGAGTGTAGAGGTGAAATTCGTAGATATTCGGAGGAACACCAGTGGCGAAGGCGGCTCACTGGCTCGATACTGACGCTGAGGTGCGAAAGTGTGGGGAGCAAACAGG, 8423,Bacteria,Proteobacteria,Alphaproteobacteria,Rhodobacterales,Rhodobacteraceae,NA,Lutimaribacter,marinistellae
TACGGGAGTGGCAAGCGTTATCCGGAATTATTGGGCGTAAAGCGTCCGCAGGCGGCCCATCAAGTCTGCTGTTAAAAAGTGGAGCTTAACTCCATCATGGCAGTGGAAACTGTTGGGCTAGAGTGTGGTAGGGGCAGAGGGAATTCCCGGTGTAGCGGTGAAATGCGTAGATATCGGGAAGAACACCAGTGGCGAAGGCGCTCTGCTGGGCCATAACTGACGCTCATGGACGAAAGCCAGGGGAGCGAAAGGG,13123,Bacteria,Cyanobacteria,Cyanobacteriia,Synechococcales,Cyanobiaceae,Synechococcus CC9902,NA,NA
GACGGAGGATGCAAGTGTTATCCGGAATCACTGGGCGTAAAGCGTCTGTAGGTGGTTTAGTAAGTCAACTGTTAAATCTTGAAGCTTAACTTCAAAATCGCAGTCGAAACTATTAGACTAGAGTATAGTAGGGGTAAAGGGAATTTCCAGTGGAGCGGTGAAATGCGTAGAGATTGGAAAGAACACCGATGGCGAAGGCACTTTACTTGGCTATTACTGACACTGAGAGACGAAAGCTAGGGTAGCAAATGGG, 1968,Bacteria,Cyanobacteria,Cyanobacteriia,Chloroplast,NA,NA,NA,NA
TACGTAGGTGACAAGCGTTGTCCGGATTTATTGGGCGTAAAGCGAGCGCAGGCGGTCTTTTAAGTCTGATGTGAAAGCCCACGGCTCAACCGTGGAGGGTCATTGGAAACTGGAAGACTTGAATGCAGAAGAGGAAAGTGGAATTCCATGTGTAGCGGTGAAATGCGTAGATATATGGAGGAACACCAGTGGCGAAGGCGACTTTCTGGTCTGTAATTGACGCTGAGGCTCGAAAGCGTGGGGAGCGAACAGG,15479,Bacteria,Firmicutes,Bacilli,Lactobacillales,Carnobacteriaceae,Marinilactibacillus,NA,NA
TACGGAGGGTGCAAGCGTTGTTCGGAATCACTGGGCGTAAAGGGCGCGTAGGCGGCTTAGCAAGTCAGATGTGAAAGCCCACGGCTTAACCGTGGAAGTGCATTTGAAACTGCTTCGCTTGAGTATCAGAGGGGAAGGTGGAATTCCCGGTGTAGAGGTGAAATTCGTAGATATCGGGAGGAATACCGGTGGCGAAGGCGACTTTCTGGCTGAATACTGACGCTGAGGCGCGAAAGCGTGGGGAGCAAACAGG,11338,Bacteria,Desulfobacterota,Desulfobulbia,Desulfobulbales,Desulfobulbaceae,Candidatus Electrothrix,NA,NA
TACGGAGGATGCAAGTGTTATCCGGAATCACTGGGCGTAAAGCGTCTGTAGGTGGTTTAATAAGTCAACTGTTAAATCTTGAAGCTCAACTTCAAAATCGCAGTCGAAACTATTAGACTAGAGTATAGTAGGGGTAAAGGGAATTTCCAGTGGAGCGGTGAAATGCGTAGAGATTGGAAAGAACACCGATGGCGAAGGCACTTTACTGGGCTATTACTGACACTCAGAGACGAAAGCTAGGGTAGCAAATGGG, 6954,Bacteria,Cyanobacteria,Cyanobacteriia,Chloroplast,NA,NA,NA,NA
TACGTAGGGGGCAAGCGTTGTCCGGAATTATTGGGCGTAAAGGGCACGCAGGCGGTTTCGTCAGTCCGATGTGACAGGCCACGGCTCAACCGTGGAAGGCCATTGGAAACTGCGAAACTTGAGGACAGAAGAGGAGAGTGGAATTCCACGTGTAGCGGTGAAATGCGTAGATATGTGGAGGAACACCAGTGGCGAAGGCGACTCTCTGGTCTGTACCTGACGCTGAGGTGCGAAAGCATGGGGAGCAAACAGG,14452,Bacteria,Firmicutes,Bacilli,Bacillales,Marinococcaceae,Marinococcus,Marinococcus,NA
TACGAAAGGTGCAAGCGTTAATCGGAATTACTGGGCGTAAAGCGCGCGTAGGCGGCTTGGTAAGTTGGATGTGAAAGCCCCGGGCTCAACCTGGGAACTGCATCCAAAACTGCCTAGCTAGAGTATGGTAGAGGATGGCGGAATTTCCTGTGTAGCGGTGAAATGCGTAGATATAGGAAGGAACATCAGTGGCGAAGGCGGCCATCTGGACCAATACTGACGCTGAGGTGCGAAAGCGTGGGGAGCAAACAGG, 4248,Bacteria,Proteobacteria,Gammaproteobacteria,Oceanospirillales,Litoricolaceae,Litoricola,NA,NA
TACTGAGGGTGCAAGCGTTAATCGGAATTACTGGGCGTAAAGCGAGTGTAGGCGGCTTCGTAAGTCGGATGTGAAAGCCCCGGGCTTAACCTGGGAATTGCATTCGATACTGCGCGGCTAGAGTTTGATAGAGGAAAGTGGAATTCCAGGTGTAGCGGTGAAATGCGTAGATATCTGGAGGAACACCAGTGGCGAAGGCGGCTTTCTGGATCAAAACTGACGCTGAGGCTCGAAAGCGTGGGGAGCAAACAGG,16154,Bacteria,Proteobacteria,Gammaproteobacteria,Gammaproteobacteria Incertae Sedis,Unknown Family,NA,NA,NA
TACGGAGGGTGCGAGCGTTAATCGGAATCACTGGGCGTAAAGCGTGCGTAGGCGGCGCGGTCAGTCAGAAGTGAAAGCCCTCGGCTCAACCGAGGAATTGCTTTTGATACTGCCGTGCTTGAGTCCCGGAGAGGTTGGCGGAATTCCAGGTGTAGGAGTGAAATCCGTAGATATCTGGAGGAACACCAGTGGCGAAGGCGGCCAACTGGACGGGTACTGACGCTGAGGTACGAAAGCGTGGGGAGCAAACAGG,11997,Bacteria,Desulfobacterota,Desulfovibrionia,Desulfovibrionales,Desulfovibrionaceae,Desulfovibrio,NA,NA
TACGGAGGGTGCAAGCGTTGTTCGGAATTATTGGGCGTAAAGAGCATGTAGGCGGATTGTTAAGTCTGGTGTGAAAGCCCGGGGCTCAACCCCGGAAGTGCATTGGATACTGGCAATCTTGAGTATGGGAGAGGAAAGTGGAATTCCGAGTGTAGGAGTGAAATCCGTAGATATTCGGAGGAACACCAGTGGCGAAGGCGGCTTTCTGGACCAATACTGACGCTGAGATGCGAAAGCGTGGGGAGCAAACAGG,11685,Bacteria,Desulfobacterota,Desulfuromonadia,Geopsychrobacteraceae,Desulfuromusa,NA,NA,NA
TACGGGAGGGGCAAGCGTTATCCGAAATGACTGGGCGTAAAGAGTCCGTAGACTGTACTGTAAGTTATTTGTTAAATCCTAAAGCTCAACTTTAGAACAGCTTATAATACTACTTTACTTGAGTTTTGTTCAGAAGAGTAGAATTCCATGTTTAGGGATAAGCCCCGTAGATATATGGAGGAACACCTGTGGCGAAGGCGACTCTTTGGTAAAAACTGACGTTGAGGGACGAAAGTGTAGGGAGCAAACAGG,13051,Bacteria,Proteobacteria,Alphaproteobacteria,Rickettsiales,Mitochondria,NA,NA,NA
TACGGAGGGGGTTAGCGTTGTTCGGAATTACTGGGCGTAAAGCGCGCGTAGGCGGACCAGAAAGTTGGGGGTGAAATCCCGGGGCTCAACCCCGGAACTGCCTCCAAAACTCCTGGTCTTGAGTTCGAGAGAGGTGAGTGGAATTCCGAGTGTAGAGGTGAAATTCGTAGATATTCGGAGGAACACCAGTGGCGAAGGCGGCTCACTGGCTCGATACTGACGCTGAGGTGCGAAAGTGTGGGGAGCAAACAGG, 8344,Bacteria,Proteobacteria,Alphaproteobacteria,Rhodobacterales,Rhodobacteraceae,NA,NA,NA
TACGGGGGGTGCTAGCGTTAATCGGAATTACTGGGCGTAAAGAGTTTGTAGGCGGTTGGATAAGTCAGATGTGAAAGACCTAAGCTCAACTTAGGAAGTGCATATGATACTGTCTAACTAGAGTTTAACAGAGGATTAAGGAATTTTCGGTGTAGCGGTGAAATGCGTAGATATCGAAAGGAACATCAATGGCGAAGGCAATAATCTGGGATTAGACTGACGCTGAGAAACGAAAGCTTGGGTAGCAAACAGG,13762,Bacteria,Proteobacteria,Gammaproteobacteria,NA,NA,NA,NA,NA
TACGTAGGGTGCGAGCGTTAATCGGAATTACTGGGCGTAAAGCGTGCGCAGGCGGTTTTGTAAGTCAGATGTGAAATCCCCGAGCTTAACTTGGGAACTGCGTTTGAAACTACAAGACTAGAGTGTGTCAGAGGGGGGTAGAATTCCACGTGTAGCAGTGAAATGCGTAGAGATGTGGAGGAATACCAATGGCGAAGGCAGCCCCCTGGGATAACACTGACGCTCATGCACGAAAGCGTGGGGAGCGAACAGG,15309,Bacteria,Proteobacteria,Gammaproteobacteria,Burkholderiales,Methylophilaceae,OM43 clade,NA,NA
GGTGCCAGCCGCGGTAATACGTAGGGGGCGAACGTTGTTCGGAATCACTGGGCGTAAAGGGTGCGCAGGCTGCTCATCAAGTCAGTTGTGAAATTTCGTGGCTCAACCACGAAGCTGCTGCTGATACTGTTGGGCTAGAGTCATAGATAGAGGTAGCGGGAATTCCTGGTGTAGGAGTGAAATCTGTAGATATCAGGAGGAACACCAAGGGTGAAGACAAGCTACTGGGTAATGACTGACGCTGAGGCACGAAAGCTAGGGGAGCAAATGGG, 2420,Bacteria,Spirochaetota,Spirochaetia,Spirochaetales,Spirochaetaceae,NA,NA,NA
TACGGAGGATCCAAGCGTTATCCGGAATCATTGGGTTTAAAGGGTCCGTAGGCGGTTTTTTAAGTCAGAGGTGAAATCCTGCAGCTCAACTGTAGCATTGCCTTTGATACTGAAAGACTTGAGTTATTGTGAAGTAGTTAGAATGTGTAGTGTAGCGGTGAAATGCATAGATATTACACAGAATACCGATTGCGAAAGCAGATTACTAACAATATACTGACGCTGAGGGACGAAAGCGTGGGTAGCGAACAGG, 6483,Bacteria,Bacteroidota,Bacteroidia,Flavobacteriales,Flavobacteriaceae,NS5 marine group,NA,NA
TACGAAGGGGGCTAGCGTTGTTCGGAATAACTGGGCGTAAAGCGCACGTAGGCGGATTGGAAAGTTAGAGGTGAAATCCCAGGGCTCAACCCTGGAACTGCCTTTAAAACTATCAGTCTAGAGGTCGAGAGAGGTGAGTGGAATTCCGAGTGTAGAGGTGAAATTCGTAGATATTCGGAGGAACACCAGTGGCGAAGGCGGCTCACTGGCTCGATACTGACGCTGAGGTGCGAAAGTGTGGGGAGCAAACAGG, 4799,Bacteria,Proteobacteria,Alphaproteobacteria,Rhizobiales,Rhizobiaceae,Pseudahrensia,NA,NA
TACGGAGGGTGCGAGCGTTGTTCGGAATTACTGGGCGTAAAGGGCGCGTAGGCGGCTTTATAAGTCAGATGTGAAAGCCCACGGCTTAACTGTGGAAGTGCATTTGAAACTGTGAAGCTTGAGTATCGGAGGGGAGTGTGGAATTCCCGGTGTAGAGGTGAAATTCGTAGAGATCGGGAGGAACACCGGTGGCGAAGGCGACACTCTGGACGAATACTGACGCTGAGGCGCGAAAGCGTGGGGAGCAAACAGG,12770,Bacteria,Desulfobacterota,Desulfobulbia,Desulfobulbales,Desulfobulbaceae,NA,NA,NA
TACGGAGGGTGCAAGCGTTGTTCGGAATCACTGGGCGTAAAGGGCGCGTAGGCGGCTTGGCAAGTCAGATGTGAAAGCCCACGGCTTAACCGTGGAAGTGCATTTGAAACTGCTTGGCTTGAGTATCAGAGGGGAAGGTGGAATTCCCGGTGTAGAGGTGAAATTCGTAGATATCGGGAGGAATACCGGTGGCGAAGGCGACTTTCTGGCTGAATACTGACGCTGAGGCGCGAAAGCGTGGGGAGCAAACAGG,11345,Bacteria,Desulfobacterota,Desulfobulbia,Desulfobulbales,Desulfobulbaceae,Candidatus Electrothrix,NA,NA
TACGGAGGGTGCAAGCGTTAATCGGAATTACTGGGCGTAAAGCGCGCGTAGGCGGTTTTGTAAGCTGGGTGTGAAAGCCCCGGGCTCAACCTGGGAACTGCATCCAGAACTGCAAGGCTAGAGTACGAGAGAGGGTGGTAGAATTTCCTGTGTAGCGGTGAAATGCGTAGATATAGGAAGGAATACCAGTGGCGAAGGCGGCCACCTGGCTTGATACTGACGCTGAGGTGCGAAAGCGTGGGGAGCGAACAGG, 9735,Bacteria,Proteobacteria,Gammaproteobacteria,MBAE14,NA,NA,NA,NA
TACGTAGGGGGCTAGCGTTATCCGGATTTATTGGGCATAAAGGGTATGTAGGTGGTATTTTAAGTCAGGTGTTAAATGCTGTGGCTCAACCATAGTACGCGCTTGAAACTGATTTACTAGAGGACAAGAGAGGAAAGCGGAACTCACGGTGTAGCGGTGAAATGCGTAGATATCGTGGGGAACACCAGTTGCGAAGGCGGCTTTCTGGCTTGATCCTGACACTGATGTACGAAAGCATGGGGAGCGAACGGG,14737,Bacteria,Margulisbacteria,NA,NA,NA,NA,NA,NA
TACGGGGGGTGCTAGCGTTAATCGGAATTACTGGGCGTAAAGAGTTTGTAGGTGGTTAAATAAGTCAGATGTGAAAGACCTAAGCTTAACTTAGGAAGTGCATATGATACTGTTTATCTAGAGTTTAACAGAGGATTAGGGAATTTTCGGTGTAGCGGTGAAATGCGTAGATATCGAAAGGAACATCAATGGCGAAGGCAATAATCTGGGATTAGACTGACACTGAGAAACGAAAGCTTGGGTAGCAAACAGG,13765,Bacteria,Proteobacteria,Gammaproteobacteria,NA,NA,NA,NA,NA
TACGAAGGGGGCAAGCGTTGTTCGGAATTACTGGGCGTAAAGAGTACGTAGGCGGTTAGATTAGTTAGGTGTGAAATCCCGGAGCTCAACTTCGGAGTTGCACTTAATACTGTTTAACTAGAATTCAAGAGGGGAGAGTGGAATTTCCAGTGTAGGGGTGATATCCGTAGATATTGGAAGGAACATCAGAGGCGAAGGCGACTCTCTGGCTTGATATTGACGCTGAGGTACGAAAGCGTGGGTAGCAAACAGG, 4657,Bacteria,Proteobacteria,Alphaproteobacteria,NA,NA,NA,NA,NA
TACGGAGGGGGCCAGCGTTGTTCGGAATAACTGGGCGTAAAGGGTCCGTAGGCGGCCATACAAGTCTTGGGTGAAATCCCCCGGCTCAACTGGGGAACTGCCTGGGAAACTGTGTGGCTTGAGTTCGGTAGAGGGAGATGGAATTCCGGGTGTAGCGGTGAAATGCGTAGATATCCGGAGGAACACCAGTGGCGAAGGCGATCTCCTGGGCCGATACTGACGCTGAGGGACGAAAGCTAGGGGAGCAAACAGG, 7677,Bacteria,Acidobacteriota,Subgroup 26,NA,NA,NA,NA,NA
TACGGAGGGTGCGAGCGTTAATCGGAATTACTGGGCGTAAAGCGCGCGTAGGTGGTTGATTAAGTCAGCTGTGAAAGCCCTGGGCTTAACCTGGGAACTGCAGTTGATACTGGTCGACTAGAGTGCGAGAGAGGGAGGTAGAATTCCACGTGTAGCGGTGAAATGCGTAGATATGTGGAGGAATACCGGTGGCGAAGGCGGCCTCCTGGCTCGACACTGACGCTGAGGTGCGAAAGCGTGGGGAGCAAACAGG,12398,Bacteria,Proteobacteria,Gammaproteobacteria,Cellvibrionales,Halieaceae,Parahaliea,NA,NA
GACGGAGGTGGCAAACGCTGTTCGGAATCACTGGGCTTAAAGGGCGTGTAGGCGGCCGATCAAGTCGGGTGTGAAATCCCTCGGCTCAACCGAGGAACTGCATTCGATACTGGTTAGCTAGAGTGCGAGAGGGGTGAGTGGAACTCCAGGTGTAGCGGTGAAATGCGTAGATATCTGGAGGAACGCCGGTGGCGAAAGCGACTCACTGGCTCGCAACTGACGCTGAGGCGCGAAAGCTAGGGGAGCGAACGGG, 2286,Bacteria,Planctomycetota,vadinHA49,NA,NA,NA,NA,NA
TACGGAGGGTGCAAGCGTTAATCGGAATTACTGGGCGTAAAGCGCACGTAGGTGGCGAGATAAGTTGGATGTGAAAAACCGGGGCTTAACCTCGGCCGTGCATTCAAAACTGTCTAGCTAGAGTAAGGGAGAGGGGGGTAGAATTCCAGGTGTAGCGGTGAAATGCGTAGAGATCTGGAGGAATACCGGTGGCGAAGGCGGCCCCCTGGCCCATTACTGACACTGAGGTGCGAAAGCGTGGGTAGCGAACAGG, 9314,Bacteria,Proteobacteria,Gammaproteobacteria,Alteromonadales,Alteromonadaceae,Catenovulum,NA,NA
TACGGAGGGGGTTAGCGTTGTTCGGAATTACTGGGCGTAAAGCGTACGTAGGCGGATTAGAAAGTTAGGGGTGAAATCCCAGGGCTCAACCCTGGAACTGCCTCTAAAACTACTAGTCTAGAGTTCGAGAGAGGTGAGTGGAACTCCGAGTGTAGAGGTGAAATTCGTAGATATTCGGAAGAACACCAGTGGCGAAGGCGGCTCACTGGCTCGATACTGACGCTGAGGTACGAAAGTGTGGGGAGCAAACAGG, 8474,Bacteria,Proteobacteria,Alphaproteobacteria,Rhodobacterales,Rhodobacteraceae,Roseovarius,Roseovarius,aestuarii
TACGGAGGGTGCAAGCGTTAATCGGAATTACTGGGCGTAAAGCGAGTGTAGGCGGCTTCGTAAGTCGGATGTGAAAGCCCTGGGCTTAACCTGGGAATTGCATTCGATACTGCGCGGCTAGAGTCTGATAGAGGGAAGTGGAATTCCAGGTGTAGCGGTGAAATGCGTAGAGATCTGGAGGAACACCAGTGGCGAAGGCGGCTTCCTGGATCAAGACTGACGCTGAGGCTCGAAAGCGTGGGGAGCAAACAGG, 9214,Bacteria,Proteobacteria,Gammaproteobacteria,Gammaproteobacteria Incertae Sedis,Unknown Family,NA,NA,NA
TACGGAGGGTGCAAGCGTTAATCGGAATTACTGGGCGTAAAGCGCGCGTAGGCGGTTTGTTAAGTCAGCTGTGAAAGCCCTGGGCTCAACCTGGGAACTGCAGTTGATACTGGCAAGCTAGAGTATGGGAGAGGGTTGTGGAATTCCACGTGTAGCGGTGAAATGCGTAGATATGTGGAGGAACATCAGTGGCGAAGGCGGCAGCCTGGCCCAATACTGACGCTGAGGTGCGAAAGCGTGGGGAGCAAACAGG, 9691,Bacteria,Proteobacteria,Gammaproteobacteria,Cellvibrionales,Spongiibacteraceae,Dasania,NA,NA
TACGGAGGGTGCGAGCGTTAATCGGAATTACTGGGCGTAAAGCGCGCGTAGGCGGTTAGTTAAGTCGGATGTGAAAGCCCTGGGCTCAACCTGGGAACTGCATTCGATACTGGCCAACTAGAGTGCGAGAGAGGGAGGTAGAATTCCACGTGTAGCGGTGAAATGCGTAGATATGTGGAGGAATACCGGTGGCGAAGGCGGCCTCCTGGCTCGACACTGACGCTGAGGTGCGAAAGCGTGGGGAGCAAACAGG,12262,Bacteria,Proteobacteria,Gammaproteobacteria,Cellvibrionales,Halieaceae,Halioglobus,NA,NA
TACGGAGGGTGCAAGCGTTATCCGGAATCACTGGGTTTAAAGGGTACGTAGGCGGTTTTATAAGTCAGACGTCAAAGGCTGTAGCTAAACTATGGTACGCGTTTGAAACTGTAAGACTTGAATATGTTCGAGGTGCATGGAATGCTTCATGTAGCGGTGAAATGCATAGATATGAAGTAGAACACCAATTGCGAAGGCAGTGCACTAGGACATTATTGACGCTGAGGTACGAAAGCGTGGGTAGCGAACAGG,10264,Bacteria,Bacteroidota,Bacteroidia,Chitinophagales,Saprospiraceae,Aureispira,NA,NA
TACCAGCTCCAATAGCGTATATTATTGATGTTGCAGTTGAAACGTTCGTAGTCGAACTTTTTCTGCTAAAGTCATGTGTCTGTCATAGACAGCATGTGGTCTTATTGCAGAAAAGTGTTAATCCGTCTATATGTTTCATATAGTCGTGTATTAACACTATACTTTGAGTGAATCGGCGTGTTCCACGCAGGCTTCATGCCTTGAACGATTTACCATAGTATATCAACAGTATAGAAATGTCATTTCGTCTTCTCGATGGCATTTTTGATACTGAAAAGAACGGTCGAGGGCATTCGTATTCAACTGCCAGAGGTGAAATTCTTTGATTAGTTGAGGACGAACTATGGCGAAAGCATCTGCCAAGGACGTTTCTGTTGATCAAGAACGAAAGTTAGGTGATCGAAGATG, 4102,Bacteria,NA,NA,NA,NA,NA,NA,NA
GACGGAGGGGGCTAGCGTTGTTCGGAATTACTGGGCGTAAAGAGCGCGTAGGTGGTTTAGTAAGTTAGAAGTGAAATCCCGGGGCTTAACCTCGGAACTGCTTTTAAAACTGCTTTACTAGAGTATGGTAGAGGATGGTAGAATTCCTAGTGTAGAGGTGGAATTCTTAGATATTAGGAGGAATACCGGTGGCGAAGGCGACCATCTGGGCCATAACTGACACTGATGCGCGAAAGCGTGGGGAGCAAACAGG, 2132,Bacteria,Proteobacteria,Alphaproteobacteria,Rickettsiales,Rickettsiaceae,NA,NA,NA
TACCTCCTCCAATAGTGTATGCTAAAATTGTTGCAGTTAAAACGCTCGTAGTCGTAGTTTCCTGTTACGTTCAACTCCTGTTCGGAGCTGTTCGCAACTTTACTGAAACATTCGTTTCATATTACCGTGAATAAAGGGGAATGCTCCAAGTAAGCTGTTGCTTTGAACCTTTAAGCATGGGATAATGAACACGGCGGTTGCCACCATCGTGAATGGGTGGTTTCTGCTTTCTAGCAGGATTGAAGAGGGACACTCGTACTCAACAGCCAGAGGTGAAATTCTTAGACTTGTTGAAGACGAACAGATGCGAAAGCGATTGTCAGATTCGAATCCAATGATCAAGAACGAAATTCAAGGGATCGAAGATG, 4190,Bacteria,NA,NA,NA,NA,NA,NA,NA
TACGGAGGGTGCAAGCGTTAATCGGAATCACTGGGCGTAAAGCGCGCGTAGGCGGCTTGATAAGTCAGATGTGAAAGCCCCGGGCTTAACCTGGGAATTGCATTTGATACTGTCTGGCTAGAGTATGGTAGAGGGGGGTGGAATTCCAGGTGTAGCGGTGAAATGCGTAGATATCTGGAGGAACACCAGTGGCGAAGGCGACCCCCTGGACCAATACTGACGCTGAGGTGCGAAAGCGTGGGGAGCAAACAGG, 9139,Bacteria,Proteobacteria,Gammaproteobacteria,Arenicellales,Arenicellaceae,Candidatus Thiosymbion,NA,NA
TACGAAGGGACCTAGCGTAATTCGGAATTACTGGGCGTAAAGCGCGCGTAGGCGGTTAAGTAAGTTAATTGTGAAAGCCCAAAGCTCAACTTTGGAATTGCAATTAAAACTACTTAGCTAGAGTTTATCAGAGGAAAGCGGAATACATAGTGTAGAGGTGAAATTCGTAGATATTATGTAGAACACCAGTTGCGAAGGCGGCTTTCTGGGATAACACTGACGCTGAGGTGCGAAAGTATGGGTAGCGAAGAGG, 4503,Bacteria,Proteobacteria,Alphaproteobacteria,SAR11 clade,Clade III,NA,NA,NA
TACGGGAGGGGCAAGCGTTATCCGTAATTACTGGGCGTACAGAGTCCGTAGATTGTAATATAAGTTATATGTTAAAATTTAAAGCTTAACTTTAAAAAAAGATAAAATACTGTTTTACTCGAGTTTAATACAGAAAAGCAGAATTTCGTGTTAAGGAGTAAATTCCGAAAATACACGAAGGAATACCATTAGCGAAAGCGGCTTTTTAGTACAAACTGACATTGAGGGACGAAAGCGTAGGGAGCAAACAAG,13075,Bacteria,Proteobacteria,Alphaproteobacteria,Rickettsiales,Mitochondria,NA,NA,NA
TACGGAGGGTCCAAGCGTTATCCGGATTTATTGGGTTTAAAGGGTGCGCAGGCGGACCTATTAGTCAGTGGTGAAATCCCGGGGCTCAACTCCGGAACTGCCATTGATACTGTAGGTCTTGAGTTTGGTTGAAGTGGGCGGAATGTAGCATGTAGCGGTGAAATGCATAGATATGCTACAGAACACCGATCGCGAAGGCAGCTCACTAAACCAATACTGACGCTCAGGCACGAAAGCGTGGGTAGCGAACAGG, 8614,Bacteria,Bacteroidota,Bacteroidia,Bacteroidetes VC2.1 Bac22,NA,NA,NA,NA
TACGGAGGGGGTTAGCGTTGTTCGGAATTACTGGGCGTAAAGCGCGCGTAGGCGGATTGGAAAGTTGGGGGTGAAATCCCGGGGCTCAACCCCGGAACGGCCTCCAAAACTCCCAGTCTTGAGTTCGAGAGAGGTGAGTGGAATTCCGAGTGTAGAGGTGAAATTCGTAGATATTCGGAGGAACACCAGTGGCGAAGGCGGCTCACTGGCTCGATACTGACGCTGAGGTGCGAAAGTGTGGGGAGCAAACAGG, 8442,Bacteria,Proteobacteria,Alphaproteobacteria,Rhodobacterales,Rhodobacteraceae,Aestuariicoccus,Leisingera,daeponensis
TACGGAGGGGGCAAGCGTTGTTCGGAATTACTGGGCGTAAAGCGCGCGTAGGCGGGTCTTTAAGTCAGAGGTGAAATCCTGGAGCTCAACTCCAGAACTGCCTTTGATACTGGAGATCTTGAGTCCGGAAGAGGTTAGTGGAATTCCCAGTGTAGAGGTGAAATTCGTAGATATTGGGAAGAACACCAGTGGCGAAGGCGGCTAACTGGTCCGGTACTGACGCTGAGGTGCGAAAGCGTGGGGAGCAAACAGG, 7601,Bacteria,Proteobacteria,Alphaproteobacteria,Rhizobiales,Rhizobiales Incertae Sedis,Anderseniella,NA,NA
TACGGAGGGTGCAAGCGTTATCCGGAATCATTGGGTTTAAAGGGTCCGCAGGCGGTCAATTAAGTCAGAGGTGAAATCCTACAGCTTAACTGTAGAACTGCCTTTGATACTGGTTGACTTGAGTTATACGGAAGTAGATAGAATGTGTAGTGTAGCGGTGAAATGCATAGATATTACACAGAATACCGATTGCGAAGGCAGTCTACTACGTATATACTGACGCTCATGGACGAAAGCGTGGGGAGCGAACAGG,10482,Bacteria,Bacteroidota,Bacteroidia,Flavobacteriales,Flavobacteriaceae,Tenacibaculum,Tenacibaculum,xiamenense
GACAGGAGGAGCAAGTGTTATTCAGAATTATTGGGCGTAAAGGGCATGTAGGTGGATAGTTGTTGTTGGTTGTGCCATTCCAATTGTTAGCATTGGGCTTGCAATCAATACACTTTATCTTGAGATCAAAAGAGGAAGATAGAATTTCTAGTGGAGAGGTTAAATTCTTAGATATTAGAAGGAATATCAAGTGCGAAGGCAATCTTCTGGTTTGTATCTGACACTGAGGTGCGAAAGCGTGGGGAGCAAACAGG, 1275,Bacteria,Proteobacteria,Alphaproteobacteria,Rickettsiales,Mitochondria,NA,NA,NA
TACGGAGGGGACTAGCGTTGTTCGGAATTACTGGGCGTAAAGCGCGCGTAGGCGGACTATTAAGTCAGGGGTGAAATCCCGGGGCTCAACCCCGGAACTGCCTTTGATACTGGTAGTCTTGAGTTCGAGAGAGGTGAGTGGAATTCCGAGTGTAGAGGTGAAATTCGTAGATATTCGGAGGAACACCAGTGGCGAAGGCGGCTCACTGGCTCGATACTGACGCTGAGGTGCGAAAGCGTGGGGAGCAAACAGG, 7466,Bacteria,Proteobacteria,Alphaproteobacteria,Rhodobacterales,Rhodobacteraceae,Actibacterium,NA,NA
TACGAAGGGGGCTAGCGTTGTTCGGATTTACTGGGCGTAAAGCGCACGTAGGCGGATCGTTAAGTGAGGGGTGAAATCCCAGGGCTCAACCCTGGAACTGCCTCTCATACTGGCGATCTGGAGTTCGAGAGAGGTGAGTGGAATTCCGAGTGTAGAGGTGAAATTCGTAGATATTCGGAGGAACACCAGTGGCGAAGGCGGCTCACTGGCTCGATACTGACGCTGAGGTGCGAAAGCGTGGGGAGCAAACAGG, 5066,Bacteria,Proteobacteria,Alphaproteobacteria,Rhizobiales,Rhizobiaceae,Hoeflea,NA,NA
TACAGAGGGTGCGAGCGTTAATCGGAATTACTGGGCGTAAAGCGCGCGTAGGCGGTTTGTTAAGTCGGATGTGAAAGCCCCGGGCTCAACCTGGGAACTGCATTCGATACTGGCAGGCTAGAGTATGGTAGAGGGAAGTGGAATTCCGGGTGTAGCGGTGAAATGCGTAGATATCCGGAGGAACATCAGTGGCGAAGGCGGCTTCCTGGACCAATACTGACGCTGAGGTGCGAAAGCGTGGGGAGCAAACAGG, 3337,Bacteria,Proteobacteria,Gammaproteobacteria,Ectothiorhodospirales,Ectothiorhodospiraceae,Thiogranum,NA,NA
TACGGAGGGTGCAAGCGTTAATCGGAATTACTGGGCGTAAAGCGCACGCAGGCGGTCTGTCAAGTCGGATGTGAAATCCCCGGGCTCAACCTGGGAACTGCATCCGAAACTGGCAGGCTAGAGTCTTGTAGAGGGGGGTAGAATTCCAGGTGTAGCGGTGAAATGCGTAGAGATCTGGAGGAATACCGGTGGCGAAGGCGGCCCCCTGGACAAAGACTGACGCTCAGGTGCGAAAGCGTGGGGAGCAAACAGG, 9225,Bacteria,Proteobacteria,Gammaproteobacteria,Enterobacterales,Enterobacteriaceae,Citrobacter,NA,NA
TACGGAGGGTGCAAGCGTTAATCGGAATTACTGGGCGTAAAGCGTGCGTAGGCGGTCTATTAAGTCAGATGTGAAAGCCCCGGGCTTAACCTGGGAACTGCATTTGATACTGGTAGACTAGAGTATGGTAGAGGGGGGTAGAATTCCTAGTGTAGCGGTGAAATGCGTAGATATTAGGAGGAATACCAGTGGCGAAGGCGGCCCCCTGGACCAATACTGACGCTGAGGTACGAAAGCGTGGGTAGCGAACAGG, 9951,Bacteria,Proteobacteria,Gammaproteobacteria,Thiotrichales,Thiotrichaceae,NA,NA,NA
GACGGAGGATGCAAGTGTTATCCGGAATCACTGGGCGTAAAGCGTCTGTAGGTGGTTTGATAAGTCAACTGTTAAATCTTGAAGCTTAACTTCAAAATCGCAGTCGAAACTATTAGACTAGAGTATAGTAGGGGTAAAGGGAATTTCCAGTGGAGCGGTGAAATGCGTAGAGATTGGAAAGAACACCGATGGCGAAGGCACTTTACTGGGCTATTACTGACACTCAGAGACGAAAGCTAGGGTAGCAAATGGG, 1982,Bacteria,Cyanobacteria,Cyanobacteriia,Chloroplast,NA,NA,NA,NA
TACGGAGGGTGCAAGCGTTAATCGGAATTACTGGGCGTAAAGCGTACGTAGGCGGCTTGTTAAGCAAGATGTGAAAGCCCCGGGCTCAACCTGGGAATGGCATTTTGAACTGGCAGGCTCGAGTTCTGAAGAGGGTGGTAGAATTTCCAGTGTAGCGGTGAAATGCGTAGATATTGGAAGGAATACCGGTGGCGAAGGCGGCCACCTGGTCAGAAACTGACGCTGAGGTACGAAAGCGTGGGGAGCAAACAGG, 9874,Bacteria,Proteobacteria,Gammaproteobacteria,Alteromonadales,Idiomarinaceae,Idiomarina,NA,NA
TACGTAGGGCGCAAGCGTTGTCCGGAATTATTGGGCGTAAAGAGCTCGTAGGCGGTTTGTCGCGTCTGCTGTGAAAGCCCGGGGCTTAACCCCGGGTGTGCAGTGGGTACGGGCAGACTTGAGTGCAGTAGGGGAGACTGGAACTCCTGGTGTAGCGGTGAAATGCGCAGATATCAGGAAGAACACCGATGGCGAAGGCAGGTCTCTGGGCTGTTACTGACGCTGAGGAGCGAAAGCATGGGGAGCGAACAGG,14238,Bacteria,Actinobacteriota,Actinobacteria,Micrococcales,Micrococcaceae,Kocuria,Kocuria,NA
TACGGAGGGTGCAAACGTTGTTCGGAATTACTGGGCGTAAAGCGCATGTAGGCGGATATGTAGGTCAGATGTGAAAGCCCTTGGCTCAACCAAGGAAGTGCATCTGAAACCCCGTATCTTGAGTATGACAGAGGGAAGTGGAATTTCCAGTGTAGAGGTGAAATTCATAGATATTGGAAAGAACACCGGTGGCGAAGGCGGCTTTCTGGGTCATTACTGACGCTGAGATGCGAAAGCGTGGGGAGCAAACAGG, 8908,Bacteria,Sva0485,NA,NA,NA,NA,NA,NA
GTGTCAGCGCGCGGTAATACGTATGTCGCAAGCGTTATCCGGAATTATTGGGCGTAAAGCGAGTCTAGGCGGTTTGTTAAGTCAGATGTGAAAATGCGGGGCTCAACTCCGTATGGCCTTTGATACTGGCAAACTAGAGTACTGGAGAGGTGGGCGGAACTACAAGTGTAGAGGTGAAATTCGTAGATATTTGTAGGAATGCCGATAGTGAAGACAGCTCACTGGACAGATACTGACGCTAAAGCTCGAAAGCGTGGGGAGCAAACAGG, 2494,Bacteria,Fusobacteriota,Fusobacteriia,Fusobacteriales,Fusobacteriaceae,Psychrilyobacter,NA,NA
TACGGAGGATTCGAGCGTTATCCGGAATCATTGGGTTTAAAGGGTCTGTAGGCGGCTTATTAAGTCAGTGGTGAAAGTTTGTAGCTTAACTATAAAATTGCCATTGAAACTGTTAGGCTTGAGTTATCGTGAAGTAACTAGAATGTGTAGTGTAGCGGTGAAATGCATAGATATTACACAGAATACCGATTGCGAAGGCAGGTTGCTAATGATACACTGACGCTGAGGGACGAAAGCGTGGGGAGCGAACAGG, 7051,Bacteria,Bacteroidota,Bacteroidia,Flavobacteriales,Flavobacteriaceae,NA,NA,NA
TACGAACCGTACGAACGTTATTCGGAATCACTGGGCTTAAAGAGTGCGTAGGCGGCTTGGCAAGTTGGGTGTGAAATCCCTCGGCTCAACCGAGGAATGGCGCCCAAAACTGCCAGGCTTGAGGGAGGTAGAGGTAAGCGGAACTAATGGTGGAGCGGTGAAATGCGTTGATATCATTAGGAACACCTGAGGCGAAAGCAGCTTACTGGGCCTTTTCTGACGCTGAGGCACGAAAGCTAGGGGAGCGAACGGG, 4312,Bacteria,Planctomycetota,Planctomycetes,Pirellulales,Pirellulaceae,NA,NA,NA
TACGGGAAGGGCAAGCGTTATTCATCATGACTGGGCGTAAAGAGTCCGTAGACTGTAAAATAAGTTTTTTGTTAAAATTTAAGACCTAATCTTAACACAGCATTTAATACTGTTTTACTATAGAGTTTAATAGAGAAAAGTAGAATTTTATACGATTAGAGGTAAAATTTGTAGATATATAAAGGAATGCCGATAGCGAAGGCAACTTTTTACTATAAACTGACGTTGAGGGACGAAAGTGTGGGTAGCAAACAGG,13008,Bacteria,Proteobacteria,Alphaproteobacteria,Rickettsiales,Mitochondria,NA,NA,NA
TACGGAGGGTGCAAGCGTTATCCGGAATCATTGGGTTTAAAGGGTCCGTAGGCGGATTGATAAGTCAGAGGTGAAATCCCACAGCTCAACTGTGGAACTGCCTTTGATACTGTTAGTCTTGAGTCATATGGAAGTAGATAGAATGTGTAGTGTAGCGGTGAAATGCATAGAGATTACACAGAATACCGATTGCGAAGGCAGTCTACTACGTATGTACTGACGCTAATGGACGAAAGCGTGGGGAGCGAACAGG,10504,Bacteria,Bacteroidota,Bacteroidia,Flavobacteriales,Flavobacteriaceae,Lutibacter,NA,NA
AACGGGAGGGGCAAGCGTTATTCAAAATGATTAGGCGTAAAGGGTCCGTAGGCCGTATTTTAAATTATATTTCAAAAATTAACTGTATGTTAATATAAATATAAATAAAACTATACTAGAGTTTTTTTCAGAAAAGCAGAATTTTATAATTAAAGATAAAATTTAGAAATCTATAAAGGAATACTTACAGCGAAAGCAGCTTTTTAGTAAAAAACTGACGTTGAGGGACGAAAGTTTAGGTAGCAAATAGG,   71,Bacteria,Proteobacteria,Alphaproteobacteria,Rickettsiales,Mitochondria,NA,NA,NA
