TACGTATGTCGCAAGCGTTATCCGGAATTATTGGGCGTAAAGCGAGTCTAGGCGGTTTGTTAAGTCAGATGTGAAAATGCGGGGCTCAACTCCGTATGGCCTTTGATACTGGCAAACTAGAGTACTGGAGAGGTGGGCGGAACTACAAGTGTAGAGGTGAAATTCGTAGATATTTGTAGGAATGCCGATAGTGAAGACAGCTCACTGGACAGATACTGACGCTAAAGCTCGAAAGCGTGGGGAGCAAACAGG,15966,Bacteria,Fusobacteriota,Fusobacteriia,Fusobacteriales,Fusobacteriaceae,Psychrilyobacter,NA,NA
GACGGAGGATGCAAGTGTTATCCGGAATCACTGGGCGTAAAGCGTCTGTAGGTGGTTTAATAAGTCGGCTGTTAAATCTTGAGGCTTAACTTCAAAACTGCAGTCGAAACTATTAGACTAGAGTATAGTAGGGGTAAAGGGAATTTCCAGTGGAGCGGTGAAATGCGTAGATATTGGAAAGAACACCGATGGCGAAGGCACTTTACTGGGCTATTACTGACACTCAGAGACGAAAGCTAGGGTAGCAAATGGG, 1952,Bacteria,Cyanobacteria,Cyanobacteriia,Chloroplast,NA,NA,NA,NA
TACGTAGGGGGCAAGCGTTATCCGGAATCATTGGGCGTAAAGCGTGCGTAGGCGGCTTGAGAGGTCAGAGGTGAAAGGCATGGGCTCAACCCATGTAAGCCTTTGAAACCGGCAGGCTTGAGATCAGGAGGGGAAAGTGGAATTTCTAGTGTAGCGGTGGAATGCGTAGATATTAGAAGGAACACCAGTGGCGAAGGCGACTTTCTGGACTGATACTGACGCTGAGGCACGAAAGCGTGGGGAGCGAACAGG,14348,Bacteria,Firmicutes,Clostridia,Peptostreptococcales-Tissierellales,Guggenheimella,NA,NA,NA
TACGTAGGTCCCAAGCGTTATCCGGAATTATTGGGCGTAAAGGGTCCGTAGACGGTTTATTAAGTCTGATGTGAAAGCCACCGGCTCAACCGGTGAAACGCATTAGATACTGGTAAACTAGAGTATGTTAGAGGATAGTGGAATTCCATGTGTAGCGGTGAAATGCGTAGATATATGGAGGAACACCAGTGGCGAAGGCGGCTATCTGGGACATTACTGACGTTGAGGGACGAAAGCGTGGGGAGCGAACAGG,15432,Bacteria,Firmicutes,Bacilli,Mycoplasmatales,Mycoplasmataceae,NA,NA,NA
TACGTAAGGGGCAAGTGTTGTTCGGAATTATTGGGTGTAAAGGGCATGTAGGCGGTTTAATAAGTCTAATATTAAAGACTCAAGCTCAACTTGAGGAATGTGTTAGAAACTATCAAACTAGAGTTTAGAAGAGGAAAATAGAATTTCTAGTGTAGGGGTGATATCTTCAGATATTAGGAGGAATGCCAGAGGTGAAGGCGATTTTCTAGTCTAAAACTGACGCTGATATGCGAAAGCATGGGTAGCAAACTGA,13853,Bacteria,Proteobacteria,Alphaproteobacteria,Rickettsiales,Mitochondria,NA,NA,NA
TACGGAGGATCCAAGCGTTATCCGGATTTATTGGGTTTAAAGGGTGCGTAGGTGGCTGTATAAGTCAGTAGTGAAATCTCGGAGCTCAACTCCGAACGTGCTATTGAAACTGTACAGCTTGAATTCAGACGAGGCAGGCGGAATGTGTAATGTAGCGGTGAAATGCATAGATATTACACAGAACACCGATAGCGAAGGCAGCTTGCCAGACTGCGATTGACACTAATGCACGAAAGCGTGGGTAGCGAACAGG, 6638,Bacteria,Bacteroidota,Bacteroidia,Bacteroidales,Marinifilaceae,NA,NA,NA
TACATAGGGTGCAAGCGTTATCCGGAATTATTGGGCGTAAAGCGTTCGTAGGCGGTTTATTAAGTCTGAAGTTAAAGCCTGGGGCTCAACCCCAGCCCGCTTCGGATACTGGTAGACTAGAGTTATAGAGAGGTTAGTGGAACTCCATGTGAAGCGGTGGAATGCGTAGATATATGGAAGAACACCAATGGCGAAGGCAACTAACTGGCTATACACTGACGCTGAGGAACGAAAGCGTGGGGAGCAAACAGG, 3924,Bacteria,Firmicutes,Bacilli,Mycoplasmatales,Mycoplasmataceae,Mycoplasma,NA,NA
TACGAAGGGGGCAAGCGTTGTTCGGAATTACTGGGCGTAAAGAGTACGTAGGCGGTTAGATTAGTTAGGTGTGAAATCCCGGAGCTCAACTTCGGAGTTGCACTTAATACTGTTTAACTAGAATTCAAGAGGGGAGAGTGGAATTTCCAGTGTAGGGGTGATATCCGTAGATATTGGAAGGAACATCAGAGGCGAAGGCGACTCTCTGGCTTGACATTGACGCTGAGGTACGAAAGCGTGGGTAGCAAACAGG, 4655,Bacteria,Proteobacteria,Alphaproteobacteria,NA,NA,NA,NA,NA
TACGGAGGGCGCAAGCGTTACTCGGAATCACTGGGCGTAAAGAGCGTGTAGGCGGGTTAATAAGTTTGAAGTGAAATCCTATGGCTCAACCATAGAACTGCTTTGAAAACTGTTAACCTAGAATATGGGAGAGGTAGATGGAATTTCTGGTGTAGGGGTAAAATCCGTAGAGATCAGAAGGAATACCGATTGCGAAGGCGATCTACTGGAACATTATTGACGCTGAGACGCGAAAGCGTGGGGAGCAAACAGG, 7389,Bacteria,Campilobacterota,Campylobacteria,Campylobacterales,Arcobacteraceae,Halarcobacter,NA,NA
TACGTATGTCGCAAGCGTTATCCGGAATTATTGGGCGTAAAGCGAGTCTAGGCGGCTTGTTAAGTCAGATGTGAAAATGCGGGGCTCAACTCCGTATTGCGTTTGAAACTGGCAGGCTAGAGTACTGGAGAGGTGGGCGGAACTACAAGTGTAGAGGTGAAATTCGTAGATATTTGTAGGAATGCCGATAGTGAAGACAGCTCACTGGACAGATACTGACGCTAAAGCTCGAAAGCGTGGGGAGCGAACAGG,15945,Bacteria,Fusobacteriota,Fusobacteriia,Fusobacteriales,Fusobacteriaceae,Psychrilyobacter,Psychrilyobacter,atlanticus
TACGGAGGGTGCAAGCGTTACTCGGAATCACTGGGCGTAAAGAGCGTGTAGGCGGGTTAATAAGTCAGATGTGAAAGCCAATGGCTCAACCATTGAACTGCATTTGAAACTGTTAACCTAGAATATGGGAGAGGTAGATGGAATTTCTGGTGTAGGGGTAAAATCCGTAGAGATCAGAAGGAATACCGATTGCGAAGGCGATCTACTGGAACATTATTGACGCTGAGACGCGAAAGCGTGGGGAGCAAACAGG,10130,Bacteria,Campilobacterota,Campylobacteria,Campylobacterales,Arcobacteraceae,Halarcobacter,NA,NA
TACAGAGGGTGCAAGCGTTAATCGGAATTACTGGGCGTAAAGCGCGCGTAGGTGGTTTGTTAAGTTGGATGTGAAAGCCCCGGGCTCAACCTGGGAACTGCATCCAAAACTGGCAAGCTAGAGTATGGTAGAGGGTGGTGGAATTTCCTGTGTAGCGGTGAAATGCGTAGATATAGGAAGGAACACCAGTGGCGAAGGCGACCACCTGGACTGATACTGACACTGAGGTGCGAAAGCGTGGGGAGCAAACAGG, 3020,Bacteria,Proteobacteria,Gammaproteobacteria,Pseudomonadales,Pseudomonadaceae,Pseudomonas,Pseudomonas,NA
TACGGAGGGTGTAAGCGTTATCCGGATTTATTGGGTTTAAAGGGTACGTAGGCGGTAATATAAGTCAGTGGTGAAATCCTGCAGCTCAACTGTAGAACTGCCATTGAAACTGTATTACTTGAGTATACTTGAGGTAGGCGGAATGAGTAGTGTAGCGGTGAAATGCTTAGATATTACTCAGAACACCGATTGCGAAGGCAGCTTACTAAGGTATAACTGACGCTGATGTACGAAAGCGTGGGGAGCGAACAGG,12865,Bacteria,Bacteroidota,Bacteroidia,Bacteroidales,Prolixibacteraceae,Roseimarinus,NA,NA
TACGGAGGATTCGAGCGTTATCCGGATTTATTGGGTTTAAAGGGTCCGTAGGCGGTACATTAAGTCAGTGGTGAAATCTCACAGCTCAACTGTGAAACTGCCATTGAAACTGAAGCACTTGAATATGGTTGAGGTAGGCGGAACACGATATGTAGCGGTGAAATGCATAGATATATCGTAGAACACCAATTGCGAAGGCAGCTTACCAAGCCAATATTGACGCTGATGGACGAAAGCGTGGGTAGCGAACAGG, 7071,Bacteria,Bacteroidota,Bacteroidia,Bacteroidales,Marinifilaceae,Marinifilum,NA,NA
TACGAGGGGTGCAAGCGTTAATCGGAATTACTGGGCGTAAAGCGTACGCAGGCGGTTTGTTAAGCGAGATGTGAAAGCCCCGGGCTCAACCTGGGAACTGCATTTCGAACTGGCAAACTAGAGTCTTGTAGAGGGGGGTAGAATTTCAGGTGTAGCGGTGAAATGCGTAGAGATCTGAAGGAATACCGGTGGCGAAGGCGGCCCCCTGGACAAAGACTGACGCTCAGGTACGAAAGCGTGGGGAGCAAACAGG, 6057,Bacteria,Proteobacteria,Gammaproteobacteria,Alteromonadales,Shewanellaceae,Shewanella,Shewanella,NA
TACAGAGGGTGCGAGCGTTAATCGGATTTACTGGGCGTAAAGCGCGCGTAGGTGGCTAATTAAGTCAAATGTGAAATCCCCGAGCTTAACTTGGGAATTGCATTCGATACTGGTTAGCTAGAGTATGGGAGAGGATGGTAGAATTCCAGGTGTAGCGGTGAAATGCGTAGAGATCTGGAGGAATACCGATGGCGAAGGCAGCCATCTGGCCTAATACTGACACTGAGGTGCGAAAGCATGGGGAGCAAACAGG, 3457,Bacteria,Proteobacteria,Gammaproteobacteria,Pseudomonadales,Moraxellaceae,Acinetobacter,Acinetobacter,NA
TACGGAGGGTGCGAGCGTTAATCGGAATTACTGGGCGTAAAGCGTACGCAGGCGGTTTGTTAAGCGAGATGTGAAAGCCCCGGGCTTAACCTGGGAACTGCATTTCGAACTGGCAAACTAGAGTGTGATAGAGGGTGGTAGAATTTCAGGTGTAGCGGTGAAATGCGTAGAGATCTGAAGGAATACCGATGGCGAAGGCAGCCACCTGGGTCAACACTGACGCTCATGTACGAAAGCGTGGGGAGCAAACAGG,12448,Bacteria,Proteobacteria,Gammaproteobacteria,Alteromonadales,Pseudoalteromonadaceae,Pseudoalteromonas,Pseudoalteromonas,NA
TACGGAGGGAGCTAGCGTTGTTCGGAATTACTGGGCGTAAAGCGCGCGTAGGCGGCTTTGTAAGTCAGAGGTGAAATCCCGGGGCTCAACCCCGGAACTGCCTTTGAAACTACATCGCTAGAGTCTTGGAGAGGTGAGTGGAATTCCGAGTGTAGAGGTGGAATTCGTAGATATTCGGAAGAACACCAGTGGCGAAGGCGACTCACTGGACAAGTACTGACGCTGAGGTGCGAAAGCGTGGGGAGCAAACAGG, 7297,Bacteria,Proteobacteria,Alphaproteobacteria,Sphingomonadales,Sphingomonadaceae,Sphingomicrobium,NA,NA
TACGGAGGGTGCAAGCGTTAATCGGAATTACTGGGCGTAAAGCGCACGCAGGCGGTTTGTTAAGTCAGATGTGAAATCCCCGGGCTCAACCTGGGAACTGCATCTGATACTGGCAAGCTTGAGTCTCGTAGAGGGGGGTAGAATTCCAGGTGTAGCGGTGAAATGCGTAGAGATCTGGAGGAATACCGGTGGCGAAGGCGGCCCCCTGGACGAAGACTGACGCTCAGGTGCGAAAGCGTGGGGAGCAAACAGG, 9257,Bacteria,Proteobacteria,Gammaproteobacteria,Enterobacterales,Enterobacteriaceae,Escherichia-Shigella,NA,NA
TACGGAGGGTGCGAGCGTTAATCGGAATTACTGGGCGTAAAGCGCATGCAGGTGGGTGATTAAGTCAGATGTGAAAGCCCGGGGCTCAACCTCGGAACAGCATTTGAAACTGGTCACCTAGAGTACTGTAGAGGGGGGTAGAATTTCAGGTGTAGCGGTGAAATGCGTAGAGATCTGAAGGAATACCGGTGGCGAAGGCGGCCCCCTGGACAGATACTGACACTCAGATGCGAAAGCGTGGGGAGCAAACAGG,12108,Bacteria,Proteobacteria,Gammaproteobacteria,Vibrionales,Vibrionaceae,Vibrio,NA,NA
TACGGGGAGGGCGAGCGTTATTCGGATTTATTGGGCGTAAAGGGTGTGTAGGTGGTTTTGTAAGTCGGTGATTAAATACCCTGGTTGAATCAGGGAGGTGTCATTGAAACTGCATGACTAGAATGGAGCAGAGGACAATGGAATTCAAGGTGGAGAGGTGAAATTCATAGATATCTTGAGGAACATCAGAGGCGAAGGCGATTGTCTGGGCTCTTGTTGACACTGAGACACGAAAGCATGGGGAGCAAACGGG,13220,Bacteria,Proteobacteria,NA,NA,NA,NA,NA,NA
TACGGAGGGTGCAAGCGTTACTCGGAATCACTGGGCGTAAAGCGCGCGCAGGCGGCCTTTTAAGTTGGATGTGAAAGCCTATGGCTCAACCATAGAACTGCATCCAAAACTATCAGGCTAGAGTGTGGGAGAGGAAGATGGAATTAGTTGTGTAGGGGTAAAATCCGTAGAGATAACTAGGAATACCAAAAGCGAAGGCAATCTTCTGGAACATTACTGACGCTGAGGCGCGAAAGCGTGGGGAGCAAACAGG,10168,Bacteria,Campilobacterota,Campylobacteria,Campylobacterales,Sulfurovaceae,Sulfurovum,NA,NA
TACGGAGGGTGCAAGCGTTAATCGGAATTACTGGGCGTAAAGCGCGCGTAGGCGGTTATATAAGTCGGATGTGAAAGCCCTGGGCTCAACCTGGGAACTGCATTCGATACTGTATAACTAGAGTTTGGTAGAGGGAAGTGGAATTCCACATGTAGCGGTGAAATGCGTAGATATGTGGAGGAACACCAGTGGCGAAGGCGACTTCCTGGACCAAAACTGACGCTGAGGTGCGAAAGCGTGGGTAGCAAACAGG, 9583,Bacteria,Proteobacteria,Gammaproteobacteria,NA,NA,NA,NA,NA
TACGGAGGGTGCAAGCGTTATCCGGAATCATTGGGTTTAAAGGGTCCGCAGGCGGTCAATTAAGTCAGAGGTGAAATCCCATAGCTTAACTATGGAACTGCCTTTGATACTGGTTGACTTGAGTTATACGGAAGTAGATAGAATAAGTAGTGTAGCGGTGAAATGCATAGATATTACTTAGAATACCGATTGCGAAGGCAGTCTACTACGTATATACTGACGCTCATGGACGAAAGCGTGGGGAGCGAACAGG,10472,Bacteria,Bacteroidota,Bacteroidia,Flavobacteriales,Flavobacteriaceae,Aurantivirga,Tenacibaculum,NA
TACGGAGGGTGCGAGCGTTAATCGGAATTACTGGGCGTAAAGCGCATGCAGGCGGCTTGTTAAGCCAGATGTGAAAGCCCGGGGCTCAACCTCGGAATAGCATTTGGAACTGGCAGGCTAGAGTCTTGTAGAGGGGGGTAGAATTTCAGGTGTAGCGGTGAAATGCGTAGAGATCTGAAGGAATACCGGTGGCGAAGGCGGCCCCCTGGACAAAGACTGACGCTCAGATGCGAAAGCGTGGGGAGCAAACAGG,12081,Bacteria,Proteobacteria,Gammaproteobacteria,Vibrionales,Vibrionaceae,Photobacterium,Photobacterium,NA
TACGTAGGTGGCAAGCGTTGTCCGGAATCATTGGGCGTAAAGCGCGCGCAGGCGGTCCCTTAAGTCTGATGTGAAAGCCCACGGCTCAACCGTGGAGGGTCATTGGAAACTGGGGGACTTGAGTGCAGAAGAGGAAAGCGGAATTCCAAGTGTAGCGGTGAAATGCGTAGAGATTTGGAGGAACACCAGTGGCGAAGGCGGCTTTCTGGTCTGTAACTGACGCTGAGGCGCGAAAGCGTGGGGAGCAAACAGG,15543,Bacteria,Firmicutes,Bacilli,Bacillales,Planococcaceae,Chryseomicrobium,Chryseomicrobium,NA
TACGGAGGGTGCAAGCGTTAATCGGAATTACTGGGCGTAAAGCGTACGTAGGCTGTCAAGTCAGTCAGATGTGAAAGCCCTGGGCTTAACCTGGGAACTGCATTTGATACTGCTTGACTCGAATCTGGTAGAGGGTAGTGGAATTCCATGTGTAGCGGTGAAATGCGTAGATATGTGGAGGAACATCAGTGGCGAAGGCGGCTACCTGGACCAAGATTGACGCTGAGGTACGAAAGCGTGGGGAGCGAACAGG, 9884,Bacteria,Proteobacteria,Gammaproteobacteria,Milano-WF1B-44,NA,NA,NA,NA
TACCAGCTCCAATAGCGTATATTATTGATGTTGCAGTTGAAACGTTCGTAGTCGAACTTTGCCTGCTTCGGTGCTATCGTATCTATGATATGATGGTATCATTAGCAGATTTTTCGCAAATCATGTAACATATCTTTGATGTGTTATGTTGTTTTGCATCTTACTTTGAGTGAATCGGCGTGTTCCACGCAGGCAAGTGCCTTGAACGATTTACCATAGTATAACAAGACTTTGAAGTTATTTCCTTGTCTGTTCGGAAATATCTTCGATACTGATAAGAACGGTTGAGGGCATTCGTATTCAACTGCTAGAGGTGAAATTCTTTGATTAGTTGAGGACGAACTAATGCGAAAGCATCTGCCAAGGACGTTTCTGTTGATCAAGAACGAAAGTTAGGTGATCGAAGATG, 4088,Eukaryota,NA,NA,NA,NA,NA,NA,NA
GGTGCCAGCCGCGGTAATACGTAGGGGGCGAACGTTGTTCGGAATCACTGGGCGTAAAGGGTGCGCAGGCTGCTCATCAAGTCAGTTGTGAAATTTCGTGGCTCAACCACGAAGCTGCTGCTGATACTGTTGGGCTAGAGTCATAGATAGAGGTAGCGGGAATTCCTGGTGTAGGAGTGAAATCTGTAGATATCAGGAGGAACACCAAGGGTGAAGACAAGCTACTGGGTAATGACTGACGCTGAGGCACGAAAGCTAGGGGAGCAAATGGG, 2420,Bacteria,Spirochaetota,Spirochaetia,Spirochaetales,Spirochaetaceae,NA,NA,NA
