TACGTAGGTCCCAAGCGTTATCCGGAATTATTGGGCGTAAAGGGTCCGTAGACGGTTTATTAAGTCTGATGTGAAAGCCACCGGCTCAACCGGTGAAACGCATTAGATACTGGTAAACTAGAGTATGTTAGAGGATAGTGGAATTCCATGTGTAGCGGTGAAATGCGTAGATATATGGAGGAACACCAGTGGCGAAGGCGGCTATCTGGGACATTACTGACGTTGAGGGACGAAAGCGTGGGGAGCGAACAGG,15432,Bacteria,Firmicutes,Bacilli,Mycoplasmatales,Mycoplasmataceae,NA,NA,NA
TACGTAAGGGGCAAGTGTTGTTCGGAATTATTGGGTGTAAAGGGCATGTAGGCGGTTTAATAAGTCTAATATTAAAGACTCAAGCTCAACTTGAGGAATGTGTTAGAAACTATCAAACTAGAGTTTAGAAGAGGAAAATAGAATTTCTAGTGTAGGGGTGATATCTTCAGATATTAGGAGGAATGCCAGAGGTGAAGGCGATTTTCTAGTCTAAAACTGACGCTGATATGCGAAAGCATGGGTAGCAAACTGA,13853,Bacteria,Proteobacteria,Alphaproteobacteria,Rickettsiales,Mitochondria,NA,NA,NA
TACATAGGGTGCAAGCGTTATCCGGAATTATTGGGCGTAAAGCGTTCGTAGGCGGTTTATTAAGTCTGAAGTTAAAGCCTGGGGCTCAACCCCAGTCCGCTTCGGATACTGGTAGACTAGAGTTATAGAGAGGTTAGTGGAACTCCATGTGAAGCGGTGGAATGCGTAGATATATGGAAGAACACCAATGGCGAAGGCAACTAACTGGCTATATACTGACGCTGAGGAACGAAAGCGTGGGGAGCAAACAGG, 3928,Bacteria,Firmicutes,Bacilli,Mycoplasmatales,Mycoplasmataceae,Mycoplasma,NA,NA
TACGGAGGGTGCGAGCGTTAATCGGAATTACTGGGCGTAAAGCGCATGCAGGTGGTTTGTTAAGTCAGATGTGAAAGCCCGGGGCTCAACCTCGGAACTGCATTTGAAACTGGCAAACTAGAGTACTGTAGAGGGGGGTAGAATTTCAGGTGTAGCGGTGAAATGCGTAGAGATCTGAAGGAATACCAGTGGCGAAGGCGGCCCCCTGGACAGATACTGACACTCAGATGCGAAAGCGTGGGGAGCAAACAGG,12141,Bacteria,Proteobacteria,Gammaproteobacteria,Vibrionales,Vibrionaceae,Vibrio,Vibrio,NA
TTCCAGCTCCAATAGCGTATACTAATGTTGTTGCAGTTAAAAAGCTCGTAGTTGAAATTATATCTCATCAGAGATCAACCTTTATGGTGATTATTGTGAATAAATTAGAGTGTTTCAGGCAGACTACGTTTGAATACATAAGCATGGAATAATAAAATATGAATTTTTATTTTTGGTTATAAATTTTAATGATTAATAGAAGCAATTGGGGGCATTCGTATTTAATAGTCAGAGGTAAAATTCTTGGATTTATTAAAGACGAACTAAAGCGAAAGCATTTGTCAAAGATGTTTTCATTAATCAAGAACGAAAGTTAGGGGATCAAAGACG,16248,Eukaryota,NA,NA,NA,NA,NA,NA,NA
TACGTATGTCGCAAGCGTTATCCGGAATTATTGGGCGTAAAGCGAGTCTAGGCGGTTTGTTAAGTCAGATGTGAAAATGCGGGGCTCAACTCCGTATGGCCTTTGATACTGGCAAACTAGAGTACTGGAGAGGTGGGCGGAACTACAAGTGTAGAGGTGAAATTCGTAGATATTTGTAGGAATGCCGATAGTGAAGACAGCTCACTGGACAGATACTGACGCTAAAGCTCGAAAGCGTGGGGAGCGAACAGG,15969,Bacteria,Fusobacteriota,Fusobacteriia,Fusobacteriales,Fusobacteriaceae,Psychrilyobacter,NA,NA
TACGTAGGGGGCAAGCGTTATCCGGAATTATTGGGCGTAAAGAGTACGTAGGTGGTTTTACAAGTCTTGGGTTAAAGGCTATGGCTCAACCATAGTAAGCCTAAGAAACTGTAAGACTTGAGTGCAGGAGAGGTAAGTGGAATTCCTAGTGTAGCGGTGAAATGCGTAGATATTAGGAGGAACACCAGTGGCGAAGGCGACTTACTGGACTGTAACTGACACTGAGGTACGAAAGCGTGGGGAGCAAACAGG,14378,Bacteria,Firmicutes,Clostridia,Peptostreptococcales-Tissierellales,Anaerovoracaceae,NA,NA,NA
TACGGAGGGCGCAAGCGTTACTCGGAATCACTGGGCGTAAAGAGCGTGTAGGCGGGTGAATAAGTTTGAAGTGAAATCCTATAGCTCAACTATAGAACTGCTTTGAAAACTGTTCACCTAGAATATGGGAGAGGTAGATGGAATTTCTGGTGTAGGGGTAAAATCCGTAGAGATCAGAAGGAATACCGATTGCGAAGGCGATCTACTGGAACATTATTGACGCTGAGACGCGAAAGCGTGGGGAGCAAACAGG, 7375,Bacteria,Campilobacterota,Campylobacteria,Campylobacterales,Arcobacteraceae,NA,NA,NA
TACGGAGGGTGCAAGCGTTACTCGGAATCACTGGGCGTAAAGAGCGTGTAGGCGGGTTAATAAGTTTGAAGTGAAATCCTATGGCTCAACCATAGAACTGCTTTGAAAACTGTTAACCTAGAATATGGGAGAGGTAGATGGAATTTCTGGTGTAGGGGTAAAATCCGTAGAGATCAGAAGGAATACCGATTGCGAAGGCGATCTACTGGAACATTATTGACGCTGAGACGCGAAAGCGTGGGGAGCAAACAGG,10138,Bacteria,Campilobacterota,Campylobacteria,Campylobacterales,Arcobacteraceae,Halarcobacter,NA,NA
TACGGAGGGAGCTAGCGTTATTCGGAATTACTGGGCGTAAAGCGCACGTAGGCGGCTTTGTAAGTTAGAGGTGAAAGCCTGGAGCTCAACTCCAGAATTGCCTTTAAGACTGCATCGCTTGAATCCAGGAGAGGTGAGTGGAATTCCGAGTGTAGAGGTGAAATTCGTAGATATTCGGAAGAACACCAGTGGCGAAGGCGGCTCACTGGACTGGTATTGACGCTGAGGTGCGAAAGCGTGGGGAGCAAACAGG, 7151,Bacteria,Proteobacteria,Alphaproteobacteria,Sphingomonadales,Sphingomonadaceae,Sphingomonas,Sphingomonas,NA
TACGGGGGGGGCAAGCGTTGCTCGGAATTATTGGGCGTAAAGGGCTCGCAGGCGGCCTGCTAAGTCAGTTGTGTAAGCCCACGGCTTAACCGTGGAATTGCGACTGATACTGGCGGGCTTGAGTACAGGAGAGGAGGGCGGAATTCCATGTGTAGCGGTGAAATGCGTAGATATATGGAGGAACACCGGTGGCGAAGGCGGCTCTCTGGACTGTAACTGACGCTGAGGAGCGAAAGCGTGGGGAGCAAACAGG,13425,Bacteria,Acidobacteriota,d142,NA,NA,NA,NA,NA
TACGGAGGGCGCAAGCGTTACTCGGAATCACTGGGCGTAAAGAGCGTGTAGGCGGGTAATTAAGTCAGATGTGAAAGCCTATGGCTCAACCATAGAACTGCATTTGAAACTGATTACCTAGAGTATGGGAGAGGTAGATGGAATTTCTGGTGTAGGGGTAAAATCCGTAGAGATCAGAAGGAATACCGATTGCGAAGGCGATCTACTGGAACATTACTGACGCTGAGACGCGAAAGCGTGGGGAGCAAACAGG, 7371,Bacteria,Campilobacterota,Campylobacteria,Campylobacterales,Arcobacteraceae,NA,NA,NA
TACGTAGGGTGCGAGCGTTAATCGGAATTACTGGGCGTAAAGCGTGCGCAGGCGGTTATACAAGACAGGCGTGAAATCCCCGGGCTTAACCTAGGAATGGCGCCTGTGACTGTATAACTAGAGTGTGTCAGAGGGGGGTAGAATTCCACGTGTAGCAGTGAAATGCGTAGATATGTGGAGGAATGCCAATGGCGAAGGCAGCCCCCTGGGATAACACTGACGCTCATGCACGAAAGCGTGGGGAGCAAACAGG,15199,Bacteria,Proteobacteria,Gammaproteobacteria,Burkholderiales,Burkholderiaceae,Polynucleobacter,NA,NA
TACGAAGGGGGCTAGCGTTGCTCGGAATTACTGGGCGTAAAGGGCGCGTAGGCGGACAGTTAAGTTGGGGGTGAAAGCCCGGGGCTCAACCTCGGAAATGCCTTCAATACTGGCTGTCTTGAGTACGGGAGAGGTGAGTGGAACTCCGAGTGTAGAGGTGAAATTCGTAGATATTCGGAAGAACACCAGTGGCGAAGGCGACTCACTGGCCCGTTACTGACGCTGAGGCGCGAAAGCGTGGGGAGCAAACAGG, 4778,Bacteria,Proteobacteria,Alphaproteobacteria,Caulobacterales,Caulobacteraceae,NA,NA,NA
TACGTAGGTCCCAAGCGTTATCCGGAATTATTGGGCGTAAAGGGTCCGTAGACGGTTTATTAAGTCTGATGTGAAAGCCACCGGCTCAACCGGTGAAACGCATTAGATACTGGTAGACTAGAGTATGTTAGAGGATAGTGGAATTCCATGTGTAGCGGTGAAATGCGTAGATATATGGAGGAACACCAGTGGCGAAGGCGGCTATCTGGGACATTACTGACGTTGAGGGACGAAAGCGTGGGGAGCGAACAGG,15435,Bacteria,Firmicutes,Bacilli,Mycoplasmatales,Mycoplasmataceae,NA,NA,NA
TACGGAGGGCGCAAGCGTTACTCGGAATCACTGGGCGTAAAGAGCGTGTAGGCGGGTTAATAAGTCAGATGTGAAAGCCTATGGCTCAACCATAGAACTGCATTTGAAACTGTTAACCTAGAATATGGGAGAGGTAGATGGAATTTCTGGTGTAGGGGTAAAATCCGTAGAGATCAGAAGGAATACCGATTGCGAAGGCGATCTACTGGAACATTATTGACGCTGAGACGCGAAAGCGTGGGGAGCAAACAGG, 7381,Bacteria,Campilobacterota,Campylobacteria,Campylobacterales,Arcobacteraceae,Halarcobacter,NA,NA
TACGGAGGGGGCAAGCGTTATTCGGAATTACTGGGCGTAAAGGGTGCGTAGGCGGTTTAGAAAGTTAGAGGTGAAATCCCGGTGCTTAACATCGGAACTGCTTCTAAAACTACTATGACTAGAGTGAGAGAGAGGATAATAGAATTCCTAGTGTAGGGGTGAAATCCGTAGATATTAGGAGGAATGCCAGAGGCGAAGGCGATTATCTGGTTCTTTACTGACGCTGAGGCACGAAAGCGTGGGGAGCAAACAGG, 7519,Bacteria,NA,NA,NA,NA,NA,NA,NA
TACAGAGGGTGCAAGCGTTAATCGGAATTACTGGGCGTAAAGCGTGCGTAGACGGTTACATAAGTCGGGTGTGAAAGCCCCGGGCTCAACCTGGGAATTGCATTCGAGACTGCGTAGCTAGGGTGCGGAAGAGGGAAGCGGAATTTCCGGTGTAGCGGTGAAATGCGTAGATATCGGAAGGAACACCAGTGGCGAAAGCGGCTTCCTGGTCCAGCACCGACGTTCAGGCACGAAAGCGTGGGGAGCAAACAGG, 3041,Bacteria,Proteobacteria,Gammaproteobacteria,Gammaproteobacteria Incertae Sedis,Unknown Family,Acidibacter,NA,NA
TACGGAGGGTGCGAGCGTTAATCGGAATTACTGGGCGTAAAGCGTACGCAGGCGGTTTGTTAAGCGAGATGTGAAAGCCCCGGGCTCAACCTGGGAACTGCATTTCGAACTGGCAAACTAGAGTGTGATAGAGGGTGGTAGAATTTCAGGTGTAGCGGTGAAATGCGTAGAGATCTGAAGGAATACCGATGGCGAAGGCAGCCACCTGGGTCAACACTGACGCTCATGTACGAAAGCGTGGGGAGCAAACGGG,12443,Bacteria,Proteobacteria,Gammaproteobacteria,Alteromonadales,Pseudoalteromonadaceae,Pseudoalteromonas,Pseudoalteromonas,NA
TACGGAGGGGGCTAGCGTTGTTCGGAATTACTGGGCGTAAAGCGCGCGTAGGCGGATCTTTAAGTCAGGGGTGAAATCCTGGGGCTCAACCTCAGAACTGCCCTTGATACTGAAGATCTTGAGTCCGGAAGAGGTTAGTGGAATTCCCAGTGTAGAGGTGAAATTCGTAGATATTGGGAAGAACACCAGTGGCGAAGGCGGCTAACTGGTCCGGTACTGACGCTGAGGTGCGAAAGCGTGGGGAGCAAACAGG, 8048,Bacteria,Proteobacteria,Alphaproteobacteria,Rhizobiales,Rhizobiales Incertae Sedis,Anderseniella,NA,NA
TACGGAGGGTGCAAGCGTTACTCGGAATCACTGGGCGTAAAGAGCGTGTAGGCGGGTTATTAAGTCAGATGTGAAAGCCAATGGCTCAACCATTGAACTGCATTTGAAACTGATAACCTAGAGTATGGGAGAGGTAGATGGAATTTCTGGTGTAGGGGTAAAATCCGTAGAGATCAGAAGGAATACCGATTGCGAAGGCGATCTACTGGAACATTACTGACGCTGAGACGCGAAAGCGTGGGGAGCAAACAGG,10145,Bacteria,Campilobacterota,Campylobacteria,Campylobacterales,Arcobacteraceae,Halarcobacter,NA,NA
TACGAAGGGGGCTAGCGTTGTTCGGAATTACTGGGCGTAAAGCGCATGTAGGCGGCGATGTCAGTCAGAGGTGAAATCCCAGGGCTCAACCCTGGAACTGCCTTTGATACTGCGTCGCTTGAGTTCGGAAGAGGGTGGTGGAATATCCAGTGTAGAGGTGAAATTCGTAGATATTGGATGGAACACCAGTGGCGAAGGCGACCACCTGGTCCGATACTGACGCTGAGATGCGAAAGCGTGGGGAGCAAACAGG, 5002,Bacteria,Proteobacteria,Alphaproteobacteria,Rhodospirillales,NA,NA,NA,NA
TACGGAGGGTGCAAGCGTTACTCGGAATCACTGGGCGTAAAGAGCGTGTAGGCGGATAGATAAGTCAGAAGTGAAATCCTATAGCTCAACTATAGAACTGCTTTTGAAACTGTCTATCTAGAATATGGGAGAGGTAGATGGAATTTCTGGTGTAGGGGTAAAATCCGTAGAGATCAGAAGGAATACCGATTGCGAAGGCGATCTACTGGAACATTATTGACGCTGAGACGCGAAAGCGTGGGGAGCAAACAGG,10110,Bacteria,Campilobacterota,Campylobacteria,Campylobacterales,Arcobacteraceae,Halarcobacter,NA,NA
TACGGAGGGAGCTAGCGTTGTTCGGAATTACTGGGCGTAAAGCGCGCGTAGGCGGCTTTGTAAGTCAGAGGTGAAATCCCGGGGCTCAACCCCGGAACTGCCTTTGAAACTACATCGCTAGAGTCTTGGAGAGGTGAGTGGAATTCCGAGTGTAGAGGTGGAATTCGTAGATATTCGGAAGAACACCAGTGGCGAAGGCGACTCACTGGACAAGTACTGACGCTGAGGTGCGAAAGCGTGGGGAGCAAACAGG, 7297,Bacteria,Proteobacteria,Alphaproteobacteria,Sphingomonadales,Sphingomonadaceae,Sphingomicrobium,NA,NA
TACGGAGGGTGCGAGCGTTAATCGGAATTACTGGGCGTAAAGCGCATGCAGGTGGTGTGTTAAGTCAGATGTGAAAGCCCGGGGCTCAACCTCGGAATAGCATTTGAAACTGGCACACTAGAGTACTGTAGAGGGGGGTAGAATTTCAGGTGTAGCGGTGAAATGCGTAGAGATCTGAAGGAATACCAGTGGCGAAGGCGGCCCCCTGGACAGATACTGACACTCAGATGCGAAAGCGTGGGGAGCAAACAGG,12115,Bacteria,Proteobacteria,Gammaproteobacteria,Vibrionales,Vibrionaceae,Vibrio,Vibrio,NA
TACGTATGTCGCAAGCGTTATCCGGAATTATTGGGCGTAAAGCGCGTCTAGGCGGCCTTTTAAGTCTGATGTTAAAATGCGGGGCTCAACTCCGTATTGCGTTGGAAACTGGAAGGCTAGAGTATCAGAGAGGTGGGCGGAACTACAAGTGTAGAGGTGAAATTCGTAGATATTTGTAGGAATGCCGATTGGGAAGCCAGCTCACTGGATGAATACTGACGCTGAAGCGCGAAAGCGTGGGGAGCAAACGGG,15991,Bacteria,Fusobacteriota,Fusobacteriia,Fusobacteriales,Fusobacteriaceae,Propionigenium,NA,NA
TACGGAGGGTGCAAGCGTTACTCGGAATCACTGGGCGTAAAGAGCGTGTAGGCGGGTTAATAAGTCAGATGTGAAAGCCTATGGCTCAACCATAGAACTGCATTTGAAACTGTTAACCTAGAATATGGGAGAGGTAGATGGAATTTCTGGTGTAGGGGTAAAATCCGTAGAGATCAGAAGGAATACCGATTGCGAAGGCGATCTACTGGAACATTATTGACGCTGAGACGCGAAAGCGTGGGGAGCAAACAGG,10134,Bacteria,Campilobacterota,Campylobacteria,Campylobacterales,Arcobacteraceae,Halarcobacter,NA,NA
TACGGAGGGTGCGAGCGTTAATCGGAATTACTGGGCGTAAAGCGCATGCAGGTGGTTCGTTAAGTCAGATGTGAAAGCCCGGGGCTCAACCTCGGAACTGCATTTGAAACTGGCGGACTAGAGTACTGTAGAGGGGGGTAGAATTTCAGGTGTAGCGGTGAAATGCGTAGAGATCTGAAGGAATACCGGTGGCGAAGGCGGCCCCCTGGACAGATACTGACACTCAGATGCGAAAGCGTGGGGAGCAAACAGG,12130,Bacteria,Proteobacteria,Gammaproteobacteria,Vibrionales,Vibrionaceae,Vibrio,Vibrio,NA
TACAGAGGGTGCGAGCGTTAATCGGATTTACTGGGCGTAAAGCGTGCGTAGGCGGCTTCTTAAGTCGGATGTGAAATCCCTGAGCTTAACTTAGGAATTGCATTCGATACTGGGAAGCTAGAGTATGGGAGAGGATGGTAGAATTCCAGGTGTAGCGGTGAAATGCGTAGAGATCTGGAGGAATACCGATGGCGAAGGCAGCCATCTGGCCTAATACTGACGCTGAGGTACGAAAGCATGGGGAGCAAACAGG, 3468,Bacteria,Proteobacteria,Gammaproteobacteria,Pseudomonadales,Moraxellaceae,Acinetobacter,Acinetobacter,NA
TACGGAGGGTGCGAGCGTTAATCGGAATTACTGGGCGTAAAGCGTGCGTAGGCGGTTTCTTAAGCGAGATGTGAAATCCCGGGGCTTAACCTCGGAACTGCATTTCGAACTGGGTGACTAGAGTTTTGTAGAGGGTGGTGGAATTTCCAGTGTAGCGGTGAAATGCGTAGAGATTGGAAGGAACATCAGTGGCGAAGGCGGCCACCTGGACAAAAACTGACGCTGAGGCACGAAAGCGTGGGGAGCAAACAGG,12515,Bacteria,Proteobacteria,Gammaproteobacteria,Alteromonadales,Colwelliaceae,Thalassotalea,NA,NA
TACGGAGGGTGCGAGCGTTAATCGGAATTACTGGGCGTAAAGCGTGCGTAGGCGGATTGTTAAGCAAGATGTGAAAGCCCCGGGCTCAACCTGGGAACTGCATTTTGAACTGGCTATCTAGAGTATTGTAGAGGGTGGTGGAATTTCCAGTGTAGCGGTGAAATGCGTAGAGATTGGAAGGAACATCAGTGGCGAAGGCGGCCACCTGGACAAATACTGACGCTGAGGCACGAAAGCGTGGGGAGCAAACAGG,12478,Bacteria,Proteobacteria,Gammaproteobacteria,Alteromonadales,Colwelliaceae,Thalassotalea,NA,NA
TACGGAGGGTGCGAGCGTTAATCGGAATTACTGGGCGTAAAGCGCGCGTAGGTGGATGGGTCAGTCAGATGTGAAAGCCCCGGGCTCAACCTGGGAACTGCACCTGATACTGCTCATCTAGAATACGGTAGAGGGTAGTGGAATTTCCTGTGTAGCGGTGAAATGCGTAGATATAGGAAGGAACACCAGTGGCGAAGGCGACTACCTGGACCGATATTGACACTGAGGTGCGAAAGCGTGGGGAGCAAACAGG,12362,Bacteria,Proteobacteria,Gammaproteobacteria,Oceanospirillales,Nitrincolaceae,Neptuniibacter,NA,NA
TACGGAGGGCGCAAGCGTTACTCGGAATCACTGGGCGTAAAGAGCGTGTAGGCGGGTTAATAAGTTGGATGTGAAATCCTATGGCTCAACCATAGAACTGCATCCAAAACTGTAAACCTAGAGTATGGGAGAGGTAGATGGAATTTCTGGTGTAGGGGTAAAATCCGTAGAGATCAGAAGGAATACCGATTGCGAAGGCGATCTACTGGAACATTACTGACGCTGAGACGCGAAAGCGTGGGGAGCAAACAGG, 7382,Bacteria,Campilobacterota,Campylobacteria,Campylobacterales,Arcobacteraceae,Halarcobacter,NA,NA
TACGGAGGATCCAAGCGTTATCCGGAATTATTGGGTTTAAAGGGTGCGTAGGCGGGACACTAAGTCAGTGGTGAAAAGCTATGGCTCAACCATAGTCGTGCCATAGATACTGGTGTTCTTGAATTAAGTTGGCGTTTGCGGAATGTGTCATGTAGCGGTGAAATGCATAGATATGCCACAGAACTCCGATAGCGAAGGCAGCAAACGAAACTTTGATTGACGCTGATGCACGAAAGCGTGGGTAGCGAACAGG, 6561,Bacteria,Bacteroidota,Bacteroidia,NA,NA,NA,NA,NA
TACGGAGGGGGTTAGCGTTGTTCGGAATTACTGGGCGTAAAGCGCGCGTAGGCGGATTAGTCAGTCAGAGGTGAAATCCCAGGGCTCAACCCTGGAACTGCCTTTGATACTGCTAGTCTTGAGTTCGAGAGAGGTGAGTGGAATTCCGAGTGTAGAGGTGAAATTCGTAGATATTCGGAGGAACACCAGTGGCGAAGGCGGCTCACTGGCTCGATACTGACGCTGAGGTGCGAAAGTGTGGGGAGCAAACAGG, 8422,Bacteria,Proteobacteria,Alphaproteobacteria,Rhodobacterales,Rhodobacteraceae,NA,NA,NA
TACGGAGGGTGCAAGCGTTAATCGGAATTACTGGGCGTAAAGCGCATGCAGGTGGTTTGTTAAGTCAGATGTGAAAGCCCTGGGCTCAACCTAGGAATCGCATTTGAAACTGACAAGCTAGAGTACTGTAGAGGGGGGTAGAATTTCAGGTGTAGCGGTGAAATGCGTAGAGATCTGAAGGAATACCGGTGGCGAAGGCGGCCCCCTGGACAGATACTGACACTCAGATGCGAAAGCGTGGGGAGCAAACAGG, 9340,Bacteria,Proteobacteria,Gammaproteobacteria,Vibrionales,Vibrionaceae,Vibrio,Vibrio,NA
TACGGAGGGCGCAAGCGTTACTCGGAATCACTGGGCGTAAAGAGCGTGTAGGCGGATAGATAAGTCAGAAGTGAAATCCTATAGCTCAACTATAGAACTGCTTTTGAAACTGTCTATCTAGAATATGGGAGAGGTAGATGGAATTTCTGGTGTAGGGGTAAAATCCGTAGAGATCAGAAGGAATACCGATTGCGAAGGCGATCTACTGGAACATTATTGACGCTGAGACGCGAAAGCGTGGGGAGCAAACAGG, 7365,Bacteria,Campilobacterota,Campylobacteria,Campylobacterales,Arcobacteraceae,Halarcobacter,NA,NA
TACAGAGGGTGCAAGCGTTAATCGGAATTACTGGGCGTAAAGCGAGCGTAGGTGGCTTGATAAGTCAGATGTGAAATCCCCGGGCTTAACCTGGGAACTGCATCTGAAACTGTTAGGCTAGAGTAGGTGAGAGGGAAGTAGAATTTCAGGTGTAGCGGTGAAATGCGTAGAGATCTGAAGGAATACCGATGGCGAAGGCAGCTTCCTGGCATCATACTGACACTGAGGCTCGAAAGCGTGGGTAGCAAACAGG, 2877,Bacteria,Proteobacteria,Gammaproteobacteria,Pseudomonadales,Moraxellaceae,Psychrobacter,Psychrobacter,NA
TACGGAGGGTGCGAGCGTTAATCGGAATTACTGGGCGTAAAGCGCATGCAGGCGGTTGATTAAGCGAGATGTGAAAGCCCCGGGCTTAACCTGGGAACTGCATTTCGAACTGGTCAACTAGAGTCTTGTAGAGGGGGGTAGAATTTCAGGTGTAGCGGTGAAATGCGTAGAGATCTGAAGGAATACCAGTGGCGAAGGCGGCCCCCTGGACAAAGACTGACGCTCAGATGCGAAAGCGTGGGGAGCAAACAGG,12098,Bacteria,Proteobacteria,Gammaproteobacteria,Alteromonadales,Shewanellaceae,Ferrimonas,Ferrimonas,sediminum
TACGGAGGGTGCAAGCGTTAATCGGAATTACTGGGCGTAAAGCGCGCGTAGGTGGTTCAGTCAGTCAGATGTGAAAGCCCCGGGCTCAACCTGGGAACTGCACCTGATACTGCTGAACTCGAGTACGGTAGAGGGTAGTGGAATTTCCTGTGTAGCGGTGAAATGCGTAGATATAGGAAGGAACACCAGTGGCGAAGGCGACTACCTGGACCGATACTGACACTGAGGTGCGAAAGCGTGGGGAGCAAACAGG, 9796,Bacteria,Proteobacteria,Gammaproteobacteria,Oceanospirillales,Nitrincolaceae,Pontibacterium,NA,NA
TACATAGGGTGCAAGCGTTATCCGGAATTATTGGGCGTAAAGCGTTCGTAGGCGGTTTATTAAGTCTAAAGTTAAAGCCTGGGGCTCAACCCCAGCCCGCTTTGGATACTGATAAACTAGAGTTATAGAGAGGTTAGTGGAACTCCATGTGAAGCGGTGGAATGCGTAGATATATGGAAGAACACCAATGGCGAAGGCAACTAACTGGCTATATACTGACGCTGAGGAACGAAAGCGTGGGGAGCAAACAGG, 3912,Bacteria,Firmicutes,Bacilli,Mycoplasmatales,Mycoplasmataceae,Mycoplasma,NA,NA
TACGAAGGGGGCTAGCGTTGCTCGGAATTACTGGGCGTAAAGGGCGCGTAGGCGGATCGTTAAGTCAGAGGTGAAATCCCAGGGCTCAACCCTGGAACTGCCTTTGATACTGGCGATCTTGAGTGTGAGAGAGGTATGTGGAACTCCGAGTGTAGAGGTGAAATTCGTAGATATTCGGAAGAACACCAGTGGCGAAGGCGACATACTGGCTCATTACTGACGCTGAGGCGCGAAAGCGTGGGGAGCAAACAGG, 4788,Bacteria,Proteobacteria,Alphaproteobacteria,Caulobacterales,Caulobacteraceae,Brevundimonas,Brevundimonas,faecalis
TACGGAGGGTGCAAGCGTTAATCGGAATTACTGGGCGTAAAGCGCGCGTAGGCGGCTTGTTAAGCCAGATGTGAAAGCCCCGGGCTTAACCTGGGAACTGCATTTGGAACTGGCAGGCTAGAGTACAGAAGAGGGTGGTAGAATTTCCTGTGTAGCGGTGAAATGCGTAGATATAGGAAGGAATACCAGTGGCGAAGGCGGCCACCTGGTCTGATACTGACGCTGAGGTGCGAAAGCGTGGGGAGCAAACAGG, 9499,Bacteria,Proteobacteria,Gammaproteobacteria,Oceanospirillales,Oceanospirillaceae,Oceanospirillum,Oceanospirillum,NA
TACGGAGGGTGCAAGCGTTAATCGGAATTACTGGGCGTAAAGCGCGCGTAGGTGGCTTGATAAGCCGGTTGTGAAAGCCCCGGGCTCAACCTGGGAACGGCATCCGGAACTGTCAGGCTAGAGTGCAGGAGAGGAAGGTAGAATTCCCGGTGTAGCGGTGAAATGCGTAGAGATCGGGAGGAATACCAGTGGCGAAGGCGGCCTTCTGGACTGACACTGACACTGAGGTGCGAAAGCGTGGGTAGCAAACAGG, 9778,Bacteria,Proteobacteria,Gammaproteobacteria,Oceanospirillales,Halomonadaceae,Halomonas,Halomonas,NA
TACGGAGGGTGCGAGCGTTAATCGGAATTACTGGGCGTAAAGCGCGCGTAGGTGGTTAATTAAGTCAGATGTGAAAGCCCAGGGCTTAACCTTGGAACTGCATTTGAAACTGGTTAACTAGAGTTTTGTAGAGGGTGGTAGAATTTCAGGTGTAGCGGTGAAATGCGTAGAGATCTGAAGGAATACCAGTGGCGAAGGCGGCCACCTGGACAAAGACTGACACTGAGGCGCGAAGGCGTGGGGAGCAAACGGG,12396,Bacteria,Proteobacteria,Gammaproteobacteria,Alteromonadales,Psychromonadaceae,Psychromonas,NA,NA
TACGGAGGGTGCAAGCGTTACTCGGAATCACTGGGCGTAAAGCGCGCGCAGGCGGCCTTTTAAGTTGGATGTGAAAGCCTATGGCTCAACCATAGAACTGCATCCAAAACTATCAGGCTAGAGTGTGGGAGAGGAAGATGGAATTAGTTGTGTAGGGGTAAAATCCGTAGAGATAACTAGGAATACCAAAAGCGAAGGCAATCTTCTGGAACATTACTGACGCTGAGGCGCGAAAGCGTGGGGAGCAAACAGG,10168,Bacteria,Campilobacterota,Campylobacteria,Campylobacterales,Sulfurovaceae,Sulfurovum,NA,NA
TACGGGGGGTGCAAGCGTTACTCGGAATCACTGGGCGTAAAGCGTACGTAGGCGGTTTAGTAAGTTGGGGGTGAAATCCTATGGCTTAACCATAGAACTGCTCTCAAAACTACTAGACTAGAATCAGGGAGGGGCAGATGGAATTAGTGGTGTAGGGGTAAAATCCGTAGAGATCACTAGGAATACCAATAGCGAAGGCGATCTGCTGGAACTGTATTGACGCTGAGGTACGAAAGCGTGGGGAGCAAACAGG,13540,Bacteria,Campilobacterota,Campylobacteria,Campylobacterales,NA,NA,NA,NA
TACGGAGGGTGCAAGCGTTATCCGGAATCATTGGGTTTAAAGGGTCCGTAGGCGGGCTAATAAGTCAGAGGTGAAATCCAGCAGCTTAACTGTTGAACTGCCTTTGATACTGTTAGTCTTGAGTTATATGGAAGTAGATAGAATGTGTAGTGTAGCGGTGAAATGCATAGATATTACACAGAATACCGATTGCGAAGGCAGTCTACTACGTATATACTGACGCTAATGGACGAAAGCGTGGGGAGCGAACAGG,10515,Bacteria,Bacteroidota,Bacteroidia,Flavobacteriales,Flavobacteriaceae,Lutibacter,Lutibacter,oricola
TACGAAGGGGGCTAGCGTTGTTCGGAATTACTGGGCGTAAAGCGCGCGTAGGCGGATTGTTAAGTTGGGGGTGAAATCCCGAGGCTCAACCTCGGAACTGCCTTCAATACTGGCAATCTTGAGTCCGGAAGAGGTGAGTGGAACTCCTAGTGTAGAGGTGAAATTCGTAGATATTAGGAAGAACACCAGTGGCGAAGGCGGCTCACTGGTCCGGTACTGACGCTGAGGTGCGAAAGCGTGGGGAGCAAACAGG, 5014,Bacteria,Proteobacteria,Alphaproteobacteria,Rhizobiales,Methyloligellaceae,NA,NA,NA
TACGGGAGGGGCAAGCGTTATCCGAAATTACTGGGCGTAAAGAGTCCGTAGATTGTAATATAAGTTATATGTTAAAATTTAAAGCCTAACTTTAAAAAAATATACAATACTGTTTTACTTGAGTTTTATACGGAAGAGTAGAATTTCATGTTAAGGAGTAAATTCCAAGAATACATGAAGGAATATCGTTAGCGAAGGCGACTCTTTAGTACAAACTGACATTGAGGGACGAAAGTGTAGGGAGCAAACAGG,13055,Bacteria,Proteobacteria,Alphaproteobacteria,Rickettsiales,Mitochondria,NA,NA,NA
TACGGAGGGTGCAAGCGTTAATCGGAATTACTGGGCGTAAAGCGCGCGTAGGCGGTTTGTTAAGTCGGATGTGAAAGCCCCGGGCTCAACCTGGGAATTGCATTCGATACTGGCCGACTAGAGTACGAGAGAGGGAGGTAGAATTCCACGTGTAGCGGTGAAATGCGTAGATATGTGGAGGAATACCGGTGGCGAAGGCGGCCTCCTGGCTCGATACTGACGCTGAGGTGCGAAAGCGTGGGTAGCAAACAGG, 9708,Bacteria,Proteobacteria,Gammaproteobacteria,Cellvibrionales,Halieaceae,Halioglobus,NA,NA
TACGGAGGGTGCGAGCGTTAATCGGAATTACTGGGCGTAAAGCGTGCGTAGGCGGATGATTAAGCGAGATGTGAAATCCCGGGGCTCAACCTCGGAACTGCATTTCGAACTGGTCATCTAGAGTACTGTAGAGGGTGGTGGAATTTCCAGTGTAGCGGTGAAATGCGTAGAGATTGGAAGGAACATCAGTGGCGAAGGCGGCCACCTGGACAGATACTGACGCTGAGGCACGAAAGCGTGGGGAGCAAACAGG,12475,Bacteria,Proteobacteria,Gammaproteobacteria,Alteromonadales,Colwelliaceae,Thalassotalea,Thalassotalea,marina
TACGAAAGGTGCAAACGTTGTTCGGAATCACTGGGCGTAAAGCGCACGTAGGCGGGTTTTTAAGTCGATTGTGAAATCCCAGGGCTTAACCTTGGAACTGCAGTCGAAACTGGAAGTCTTGAATATCTGAGAGGTTGGGGGAATTCCTGGTGGAGAAGTGAAATTCGTAGATATCAGGAGGAACACCGGAGGCGAAGGCGCCTGACTGGCAGAATATTGACGCTGATGTGCGAAAGCGTGGGGAGCAAACAGG, 4245,Bacteria,Bdellovibrionota,Oligoflexia,Oligoflexales,NA,NA,NA,NA
TACGGAGGGTGCAAGCGTTAATCGGAATTACTGGGCGTAAAGCGCGCGTAGGCGGCTTGTTAAGCCAGATGTGAAAGCCCCGGGCTCAACCTGGGAACTGCATTTGGAACTGGCAGGCTAGAGTACAGAAGAGGGTGGTAGAATTTCCTGTGTAGCGGTGAAATGCGTAGATATAGGAAGGAATACCAGTGGCGAAGGCGGCCACCTGGTCTGATACTGACGCTGAGGTGCGAAAGCGTGGGGAGCAAACAGG, 9493,Bacteria,Proteobacteria,Gammaproteobacteria,Oceanospirillales,Oceanospirillaceae,Oceanospirillum,NA,NA
TACGGGGGGAGCAAGCGTTACTCGGAATCACTGGGCGTAAAGAGCATGTAGGCTGGTAGAAAAGTTGGAAGTGAAATCCTGTGGCTTAACCATAGAACTGCTTCCAAAACTCTCTACCTAGAATATGGGAGAGGTAGATGGAATTTCTGGTGTAGGGGTAAAATCCGTAGAGATCAGAAGGAATACCGATTGCGAAGGCGATCTACTGGAACATTATTGACGCTGAGATGCGAAAGCGTGGGGAGCAAACAGG,13292,Bacteria,Campilobacterota,Campylobacteria,Campylobacterales,Arcobacteraceae,NA,NA,NA
TACGGAGGGCGCAAGCGTTACTCGGAATCACTGGGCGTAAAGAGCGTGTAGGCGGATAAATAAGTTTGAAGTGAAATCCTGTGGCTCAACCATAGAACTGCTTTGAAAACTGTTTATCTAGAATATGGGAGAGGTAGATGGAATTTCTGGTGTAGGGGTAAAATCCGTAGAGATCAGAAGGAATACCGATTGCGAAGGCGATCTACTGGAACATTATTGACGCTGAGACGCGAAAGCGTGGGGAGCAAACAGG, 7363,Bacteria,Campilobacterota,Campylobacteria,Campylobacterales,Arcobacteraceae,Malaciobacter,NA,NA
TACGGAGGGGGTTAGCGTTGTTCGGAATTACTGGGCGTAAAGCGTACGTAGGCGGATTAGTTAGTCAGAGGTGAAATCCCAGGGCTCAACCCTGGAACTGCCTTTGATACTGCTAGTCTTGAGTTCGAGAGAGGTGAGTGGAATTCCGAGTGTAGAGGTGAAATTCGTAGATATTCGGAGGAACACCAGTGGCGAAGGCGGCTCACTGGCTCGATACTGACGCTGAGGTACGAAAGTGTGGGGAGCAAACAGG, 8480,Bacteria,Proteobacteria,Alphaproteobacteria,Rhodobacterales,Rhodobacteraceae,Aliiroseovarius,NA,NA
TACGGAGGGTGCAAGCGTTACTCGGAATCACTGGGCGTAAAGCGCGCGCAGGCGGTTTGATAAGTTGGATGTGAAAGCCTACGGCTCAACCGTAGAACTGCATCCAAAACTGTCAAACTAGAGTCTGGGAGGGGAAGATGGAATTAGTTGTGTAGGGGTAAAATCCGTAGAGATAACTAGGAATACCAAAAGCGAAGGCAATCTTCTGGAACAGTACTGACGCTGAGGCGCGAAAGCGTGGGGAGCAAACAGG,10182,Bacteria,Campilobacterota,Campylobacteria,Campylobacterales,Sulfurovaceae,Sulfurovum,NA,NA
TACGGAGGGTCCGAGCGTTAATCGGAATTACTGGGCGTAAAGGGTGCGTAGGCGGATATGTAAGTGGGTAGTGAAAGACCTGGGCTCAACCTGGGAGGTGCTATCCAAACTGCATAACTAGAGTACAGAAGAGGAGTGTGGAATTTCCTGTGTAGCGGTGAAATGCGTAGATATAGGAAGGAACACCGGTGGCGAAGGCGGCACTCTGGTCTGATACTGACGCTGAGGTACGAAAGCGTGGGGAGCAAACAGG, 8708,Bacteria,Proteobacteria,Gammaproteobacteria,Oceanospirillales,Endozoicomonadaceae,Endozoicomonas,NA,NA
TACGGAGGGCGCAAGCGTTACTCGGAATCACTGGGCGTAAAGAGCGTGTAGGCGGGTTAATAAGTTGGGAGTGAAATCCTATGGCTCAACCATAGAACTGCTTTCAAAACTGTTAACCTAGAGTATGGGAGAGGTAGATGGAATTTCTGGTGTAGGGGTAAAATCCGTAGAGATCAGAAGGAATACCGATTGCGAAGGCGATCTACTGGAACATTACTGACGCTGAGACGCGAAAGCGTGGGGAGCAAACAGG, 7384,Bacteria,Campilobacterota,Campylobacteria,Campylobacterales,Arcobacteraceae,NA,NA,NA
TACGGAGGGTGCAAGCGTTAATCGGAATTACTGGGCGTAAAGCGAGTGTAGGCGGCTTCGTAAGTCGGATGTGAAAGCCCCGGGCTTAACCTGGGAATTGCATTCGATACTGCGCGGCTAGAGTCTGATAGAGGGAAGTGGAATTCCAGGTGTAGCGGTGAAATGCGTAGATATCTGGAGGAACACCAGTGGCGAAGGCGGCTTCCTGGATCAAGACTGACGCTGAGGCTCGAAAGCGTGGGGAGCAAACAGG, 9206,Bacteria,Proteobacteria,Gammaproteobacteria,Gammaproteobacteria Incertae Sedis,Unknown Family,NA,NA,NA
TACGTAGGGTGCGAGCGTTAATCGGAATTACTGGGCGTAAAGCGTGCGCAGGCGGCTCTTTAAGACAGGTGTGAAATCCCCGGGCTTAACCTGGGAATTGCGCTTGTGACTGGGGAGCTCGAGTGCGGCAGAGGGGGATGGAATTCCTGGTGTAGCAGTGAAATGCGTAGATATCAGGAGGAACACCGATGGCGAAGGCAGTCCCCTGGGTCGACACTGACGCTCATGCACGAAAGCGTGGGGAGCAAACAGG,15172,Bacteria,Proteobacteria,Gammaproteobacteria,Burkholderiales,Nitrosomonadaceae,oc32,NA,NA
TACGGAGGGCGCAAGCGTTACTCGGAATCACTGGGCGTAAAGAGCGTGTAGGCGGGTTAATAAGTTTGAAGTGAAATCCTATAGCTCAACTATAGAACTGCTTTGAAAACTGTTAACCTAGAGTATGGGAGAGGTAGATGGAATTTCTGGTGTAGGGGTAAAATCCGTAGAGATCAGAAGGAATACCGATTGCGAAGGCGATCTACTGGAACATTACTGACGCTGAGACGCGAAAGCGTGGGGAGCAAACAGG, 7386,Bacteria,Campilobacterota,Campylobacteria,Campylobacterales,Arcobacteraceae,Halarcobacter,NA,NA
TACAGAGGGTGCGAGCGTTAATCGGAATTACTGGGCGTAAAGCGCGCGTAGGTGGTTTGTTAAGTCGGATGTGAAAGCCCAGGGCTCAACCTTGGAATTGCACCCGATACTGGCAAGCTAGAGTACGGTAGAGGGGTGTGGAATTTCCTGTGTAGCGGTGAAATGCGTAGATATAGGAAGGAACATCAGTGGCGAAGGCGACACCCTGGACCGATACTGACACTGAGGTGCGAAAGCGTGGGGAGCAAACAGG, 3353,Bacteria,Proteobacteria,Gammaproteobacteria,Oceanospirillales,Marinomonadaceae,Marinomonas,NA,NA
TACGGAGGGTGCGAGCGTTAATCGGAATTACTGGGCGTAAAGCGCATGCAGGCGGTCTGTTAAGCGAGATGTGAAAGCCCCGGGCTTAACCTGGGAACTGCATTTCGAACTGGCAGACTAGAGTCTTGTAGAGGGAGGTAGAATTTCAGGTGTAGCGGTGAAATGCGTAGAGATCTGAAGGAATACCAGTGGCGAAGGCGGCCTCCTGGACAAAGACTGACGCTCAGATGCGAAAGCGTGGGGAGCAAACAGG,12092,Bacteria,Proteobacteria,Gammaproteobacteria,Alteromonadales,Shewanellaceae,Ferrimonas,Ferrimonas,futtsuensis
GACGGAGGATGCAAGTGTTATCCGGAATTACTGGGCGTAAAGCGTCTGTAGGTGGTTTAGTAAGTCAACTGTTAAATCTTGAGGCTCAACTTCAAATCAGCAGTCGAAACTATTAGACTAGAGTATAGTAGGGGTAAAGGGAATTTCCAGTGGAGCGGTGAAATGCGTAGATATTGGAAAGAACACCGATGGCGAAGGCACTTTACTGGGCTATTACTAACACTCAGAGACGAAAGCTAGGGTAGCAAATGGG, 2009,Bacteria,Cyanobacteria,Cyanobacteriia,Chloroplast,NA,NA,NA,NA
TACGGAGGGGGCAAGCGTTGTTCGGAGTCACTGGGCGTAAAGAGCTCGTAGGTGGCATTGTAAGTCGGGAGTTAAAGGCACCAGCTCAACTGGTGTAAGGCTTCCGAAACTATGATGCTAGAGTGCCGGAGAGGTATGCGGAATTCCCTGTGTAGCGGTGGAATGCGTAGATATAGGGAGGAACACCAGTAGCGAAGGCGGCATACTGGCCGGTAACTGACACTGAGGAGCGAAAGCGTGGGTAGCAAACAGG, 7653,Bacteria,Deferribacterota,Deferribacteres,Deferribacterales,Deferribacteraceae,Geovibrio,NA,NA
TACGTATGTCGCAAGCGTTATCCGGAATTATTGGGCGTAAAGCGAGTCTAGGCGGTTTGTTAAGTCAGATGTGAAAATGCGGGGCTCAACTCCGTATGGCCTTTGATACTGGCAAACTAGAGTACTGGAGAGGTGGGCGGAACTACAAGTGTAGAGGTGAAATTCGTAGATATTTGTAGGAATGCCGATAGTGAAGACAGCTCACTGGACAGATACTGACGCTAAAGCTCGAAAGCATGGGGAGCGAACAGG,15965,Bacteria,Fusobacteriota,Fusobacteriia,Fusobacteriales,Fusobacteriaceae,Psychrilyobacter,NA,NA
TACGGAGGGTGCAAGCGTTAATCGGAATTACTGGGCGTAAAGCGCGCGTAGGCGGTTTGGTCAGTCAGATGTGAAAGCCCTGGGCTCAACCTGGGAACTGCATTTGATACTGCTGAACTAGAGTGTGGTAGAGGGAAGTGGAATTCCGGGTGTAGCGGTGAAATGCGTAGAGATCCGGAGGAACATCAGTGGCGAAGGCGGCTTCCTGGACCAACACTGACGCTGAGGTGCGAAAGCGTGGGTAGCAAACAGG, 9655,Bacteria,Proteobacteria,Gammaproteobacteria,Chromatiales,Sedimenticolaceae,Sedimenticola,NA,NA
TACGGGGGATGCAAGCGTTATTCGGAATTATTGGGCGTAAAGGGCGCGCAGGCGGCCTTGTCAGTCAGATGTGAAAGCCCTGGGCTCAACCCCGGACGTGCATTTGAAACAGCAAGGCTTGAGTACGGTAGAGGAAAGGGGAATTCCTGGTGTAGAGGTGAAATTCGTAGATATCAGGAGGAACACCGGTGGCGAAGGCGCCTTTCTGGACCTGTACTGACGCTGAGGCGCGAAGGCGTGGGTAGCGAACAGG,13266,Bacteria,Desulfobacterota,Desulfobacteria,Desulfobacterales,Desulfobacteraceae,Candidatus Desulfamplus,NA,NA
TACGGAGGGGGTTAGCGTTGTTCGGAATTACTGGGCGTAAAGCGCACGTAGGCGGATTAGTCAGTCAGAGGTGAAATCCCAGGGCTCAACCCTGGAACTGCCTTTGATACTGCTAGTCTTGAGTTCGAGAGAGGTGAGTGGAATTCCGAGTGTAGAGGTGAAATTCGTAGATATTCGGAGGAACACCAGTGGCGAAGGCGGCTCACTGGCTCGATACTGACGCTGAGGTGCGAAAGCGTGGGGAGCAAACAGG, 8306,Bacteria,Proteobacteria,Alphaproteobacteria,Rhodobacterales,Rhodobacteraceae,NA,NA,NA
TACGGAGGGTGCAAGCGTTAATCGGAATTACTGGGCGTAAAGCGCGCGTAGGCGGTTATATAAGTCGGATGTGAAATACCTGGGCTCAACCTGGGAACTGCATTCGATACTGTATAACTAGAGTTTGGTAGAGGGAAGTGGAATTCCACATGTAGCGGTGAAATGCGTAGATATGTGGAGGAACACCAGTGGCGAAGGCGACTTCCTGGACCAAAACTGACGCTGAGGTGCGAAAGCGTGGGTAGCAAACAGG, 9585,Bacteria,Proteobacteria,Gammaproteobacteria,NA,NA,NA,NA,NA
TACGGAGGGTGCGAGCGTTAATCGGAATTACTGGGCGTAAAGCGTGCGTAGGCGGTTACTTAAGTCAGATGTGAAATCCCGGGGCTCAACCTCGGAACTGCATTTGAAACTGGGTGACTAGAGTTTTGTAGAGGGTGGTGGAATTTCCAGTGTAGCGGTGAAATGCGTAGAGATTGGAAGGAACATCAGTGGCGAAGGCGGCCACCTGGACAAAAACTGACGCTGAGGCACGAAAGCGTGGGGAGCAAACAGG,12492,Bacteria,Proteobacteria,Gammaproteobacteria,Alteromonadales,Colwelliaceae,Thalassotalea,NA,NA
TACGTATGTTGCAAGCGTTACTCGGAATCACTGGGCGTAAAGAGTTCGTAGGCGGACTAATAAGTCAGAGGTGAAATTTTGGGGCTCAACCCCGAAACTGCCTTTGAAACTGTTTGTCTTGAGTATGTGAGAGGAAGATGGAATTCCTGGTGTAGCGGTGGAATGCGTAGATATCAGGAAGAACACCGATGGCGAAGGCAATCTTCTGGCACAATACTGACGCTGAGGAACGAAAGCGTGGGGAGCGAACAGG,16041,Bacteria,Fibrobacterota,Chitinivibrionia,Chitinivibrionales,Chitinivibrionaceae,possible genus 03,NA,NA
TACGGAGGGTCCGAGCGTTAATCGGAATTACTGGGCGTAAAGCGCGCGTAGGCGGTTATTTAAGTCAGATGTGAAAGCCCCGGGCTCAACCTGGGAACTGCACCTGATACTGGATAACTAGAGTACAGAAGAGGGTGGTGGAATTTCCTGTGTAGCGGTGAAATGCGTAGATATAGGAAGGAACACCAGTGGCGAAGGCGACCACCTGGTCTGATACTGACGCTGAGGTGCGAAAGCGTGGGGAGCAAACAGG, 8681,Bacteria,Proteobacteria,Gammaproteobacteria,Oceanospirillales,Nitrincolaceae,Amphritea,Amphritea,spongicola
TACGGAGGGTGCGAGCGTTAATCGGAATTACTGGGCGTAAAGCGTGCGTAGGCGGATTGTTAAGCAAGATGTGAAAGCCCCGGGCTCAACCTGGGAACTGCATTTTGAACTGGCTATCTAGAGTATTGTAGAGGGTGGTGGAATTTCCAGTGTAGCGGTGAAATGCGTAGAGATTGGAAGGAACATCAGTGGCGAAGGCGGCCACCTGGACAAATACTGACGCTGAGGCACGAAAGCGTGGGGAGCGAACAGG,12479,Bacteria,Proteobacteria,Gammaproteobacteria,Alteromonadales,Colwelliaceae,Thalassotalea,NA,NA
TACGGAGGGTGCGAGCGTTAATCGGAATTACTGGGCGTAAAGCGTGCGTAGGCGGTTTCTTAAGCGAGATGTGAAATCCCGGGGCTCAACCTCGGAACTGCATTTCGAACTGGGTGACTAGAGTACTGTAGAGGGTGGTGGAATTTCCAGTGTAGCGGTGAAATGCGTAGAGATTGGAAGGAACATCAGTGGCGAAGGCGGCCACCTGGACAGATACTGACGCTGAGGCACGAAAGCGTGGGGAGCAAACAGG,12510,Bacteria,Proteobacteria,Gammaproteobacteria,Alteromonadales,Colwelliaceae,Thalassotalea,Thalassotalea,ganghwensis
TACGGAGGGTGCAAGCGTTAATCGGAATTACTGGGCGTAAAGCGTACGTAGGCTGTCAAGTCAGTCAGATGTGAAAGCCCTGGGCTTAACCTGGGAACTGCATTTGATACTGCTTGACTCGAATCTGGTAGAGGGTAGTGGAATTCCATGTGTAGCGGTGAAATGCGTAGATATGTGGAGGAACATCAGTGGCGAAGGCGGCTACCTGGACCAAGATTGACGCTGAGGTACGAAAGCGTGGGGAGCGAACAGG, 9884,Bacteria,Proteobacteria,Gammaproteobacteria,Milano-WF1B-44,NA,NA,NA,NA
TACGGAGGGTGCAAGCGTTAATCGGAATTACTGGGCGTAAAGCGCGCGTAGGTGGTTCAGTCAGTCAGATGTGAAAGCCCCGGGCTCAACCTGGGAACTGCACCTGATACTGCTGAACTAGAGTACGGTAGAGGGCAGTGGAATTTCCTGTGTAGCGGTGAAATGCGTAGATATAGGAAGGAACACCAGTGGCGAAGGCGACTGCCTGGACTGATACTGACACTGAGGTGCGAAAGCGTGGGGAGCAAACAGG, 9794,Bacteria,Proteobacteria,Gammaproteobacteria,Oceanospirillales,Nitrincolaceae,Marinobacterium,NA,NA
TACGGGGGGTGCAAGCGTTACTCGGAATCACTGGGCGTAAAGAGCGTGTAGGCGGGTTTGTAAGTTGGAAGTGAAATCCTATGGCTCAACCATAGAACTGCTTCCAAAACTGCTTACCTAGAATATGGGAGAGGTAGATGGAATTTCTGGTGTAGGGGTAAAATCCGTAGAGATCAGAAGGAATACCGATTGCGAAGGCGATCTACTGGAACATTATTGACGCTGAGACGCGAAAGCGTGGGGAGCAAACAGG,13533,Bacteria,Campilobacterota,Campylobacteria,Campylobacterales,Arcobacteraceae,NA,NA,NA
TACGGAGGGTGCAAGCGTTAATCGGAATTACTGGGCGTAAAGCGCGCGTAGGTGGCTTGATAAGCCGGTTGTGAAAGCCCCGGGCTCAACCTGGGAACGGCATCCGGAACTGTCAAGCTAGAGTACAGGAGAGGAAGGTAGAATTCCCGGTGTAGCGGTGAAATGCGTAGAGATCGGGAGGAATACCAGTGGCGAAGGCGGCCTTCTGGACTGATACTGACACTGAGGTGCGAAAGCGTGGGTAGCAAACAGG, 9775,Bacteria,Proteobacteria,Gammaproteobacteria,Oceanospirillales,Halomonadaceae,Halomonas,Halomonas,NA
ACGTGCCAGCCGCGGTAATACGTAGGGGGCGAACGTTGTTCGGAATCACTGGGCGTAAAGGGTGCGCAGGCTGCTCATCAAGTCAGTTGTGAAATTTCGTGGCTCAACCACGAAGCTGCTGCTGATACTGTTGGGCTAGAGTCATAGATAGAGGTAGCGGGAATTCCTGGTGTAGGAGTGAAATCTGTAGATATCAGGAGGAACACCAAGGGTGAAGACAAGCTACTGGGTAATGACTGACGCTGAGGCACGAAAGCTAGGGGAGCAAATGGG,  371,Bacteria,Spirochaetota,Spirochaetia,Spirochaetales,Spirochaetaceae,NA,NA,NA
TACGGAGGGTCCAAGCGTTAATCGGAATTACTGGGCGTAAAGCGCGCGTAGGCGGCTTGTTAAGTCAGATGTGAAAGCCCCGGGCTCAACCTGGGAACTGCATTTGAAACTGGCAAGCTAGAGTGTGTGAGAGGTGAGTGGAATTTCCAGTGTAGCGGTGAAATGCGTAGAGATTGGAAGGAACATCAGTGGCGAAGGCGACTCACTGGCATAACACTGACGCTGAGGTGCGAAAGCGTGGGTAGCAAACAGG, 8531,Bacteria,Proteobacteria,Gammaproteobacteria,NA,NA,NA,NA,NA
GACGGAGGATGCAAGTGTTATCCGGAATCACTGGGCGTAAAGCGTCTGTAGGTGGTTTAATAAGTCAACTGTTAAATCTTGAGGCTCAACTTCAAAATCGCAGTCGAAACTATTAGACTAGAGTATAGTAGGGGTAAAGGGAATTTCCAGTGGAGCGGTGAAATGCGTAGAGATTGGAAAGAACACCGATGGCGAAGGCACTTTACTGGGCTATTACTGACACTCAGAGACGAAAGCTAGGGTAGCAAATGGG, 1923,Bacteria,Cyanobacteria,Cyanobacteriia,Chloroplast,NA,NA,NA,NA
TACGGAGGGTGCGAGCGTTATCCGGATTTATTGGGTTTAAAGGGTGCGTAGGCGGACTAATAAGTCAGTGGTGAAATCTTGTGGCTCAACCATAAAACTGCCATTGATACTGTTAGTCTTGAATTTAGTTGAGGTAGGCGGAATGTGTTATGTAGCGGTGAAATGCATAGATATAACACAGAACACCGATTGCGAAGGCAGCTTACTAAGCTATAATTGACGCTGATGCACGAAAGCGTGGGTAGCGAACAGG,12655,Bacteria,Bacteroidota,Bacteroidia,Bacteroidales,Marinilabiliaceae,Labilibacter,NA,NA
TACGGAGGGTGCGAGCGTTAATCGGAATTACTGGGCGTAAAGCGTGCGTAGGCGGTTTCTTAAGCGAGATGTGAAATCCCGGGGCTTAACCTCGGAACTGCATTTCGAACTGGGTGACTAGAGTACTGTAGAGGGTGGTGGAATTTCCAGTGTAGCGGTGAAATGCGTAGAGATTGGAAGGAACATCAGTGGCGAAGGCGGCCACCTGGACAGATACTGACGCTGAGGCACGAAAGCGTGGGGAGCAAACAGG,12512,Bacteria,Proteobacteria,Gammaproteobacteria,Alteromonadales,Colwelliaceae,Thalassotalea,Thalassotalea,ganghwensis
TACGTAGGTGGCAAGCGTTATCCGGAATTATTGGGCGTAAAGCGCGCGTAGGCGGTTTTTTAAGTCTGATGTGAAAGCCCACGGCTCAACCGTGGAGGGTCATTGGAAACTGGAAAACTTGAGTGCAGAAGAGGAAAGTGGAATTCCATGTGTAGCGGTGAAATGCGCAGAGATATGGAGGAACACCAGTGGCGAAGGCGACTTTCTGGTCTGTAACTGACGCTGATGTGCGAAAGCGTGGGGATCAAACAGG,15513,Bacteria,Firmicutes,Bacilli,Staphylococcales,Staphylococcaceae,Staphylococcus,Staphylococcus,NA
TACGGAGGGTGCAAGCGTTGTTCGGAATTACTGGGCGTAAAGCGCGCGTAGGCGGCTAGATAAGTCAGATGTGAAAGCCCGCGGCTCAACCGTGGAAGAGCATTTGAAACTGTCTAGCTTGAGTACTGGAGGGGGTAGTGGAATTCCCGGTGTAGAGGTGAAATTCGTAGATATCGGGAGGAATACCGGTGGCGAAGGCGACTACCTGGCCAGATACTGACGCTGAGGTGCGAAAGCGTGGGGAGCAAACAGG,11440,Bacteria,Desulfobacterota,Desulfobulbia,Desulfobulbales,Desulfocapsaceae,NA,NA,NA
TACGGAGGGGGTTAGCGTTGTTCGGAATTACTGGGCGTAAAGCGCGCGTAGGCGGATTAGTCAGTTAGAGGTGAAATCCCAGGGCTCAACCCTGGAACTGCCTTTAATACTGCTAGTCTTGAGTTCGAGAGAGGTGAGTGGAATTCCGAGTGTAGAGGTGAAATTCGTAGATATTCGGAGGAACACCAGTGGCGAAGGCGGCTCACTGGCTCGATACTGACGCTGAGGTGCGAAAGTGTGGGGAGCAAACAGG, 8424,Bacteria,Proteobacteria,Alphaproteobacteria,Rhodobacterales,Rhodobacteraceae,Nautella,Aliiroseovarius,halocynthiae
TACAGAGGGTGCGAGCGTTAATCGGAATTACTGGGCGTAAAGCGCGCGTAGGCGGCTTGGTCAGTCGGATGTGAAAGCCCCGGGCTTAACCTGGGAATTGCATTCGATACTGCCAGGCTGGAGTGTAGTAGAGGGAAGCGGAATTCCGGGTGTAGCGGTGAAATGCGTAGAGATCCGGAGGAACATCAGTGGCGAAGGCGGCTTCCTGGACTAACACTGACGCTGAGGTGCGAAAGCGTGGGGAGCAAACAGG, 3320,Bacteria,Proteobacteria,Gammaproteobacteria,B2M28,NA,NA,NA,NA
TACGGAGGGTGCAAGCGTTATCCGGATTTATTGGGTTTAAAGGGTGCGTAGGCGGAATATTAAGTCAGTGGTGAAATCCTGCGGCTCAACCGTAGAACTGCCATTGATACTGACATTCTTGAATTCAGTTGAGGTAGGCGGAATGTGTAATGTAGCGGTGAAATGCTTAGATATTACACAGAACACCGATTGCGAAGGCAGCTTGCTAAACTGCGATTGACGCTGATGCACGAAAGCGTGGGGAGCGAACAGG,10838,Bacteria,Bacteroidota,Bacteroidia,Bacteroidales,Bacteroidetes BD2-2,NA,NA,NA
TACGGAGGATCCGAGCGTTATCCGGATTTATTGGGTTTAAAGGGTGCGTAGGTGGGAGTATAAGTCAGTTGTGAAAGTTTACGGCTCAACCGTGAAATTGCAATTGAAACTGTATTTCTTGAGTGTACATGAGGTAGGCGGAATTCGTGGTGTAGCGGTGAAATGCTTAGATATCACGAAGAACTCCAATTGCGAAGGCAGCTTACTAAGGTACAACTGACACTGAGGCACGAAAGTGTGGGTATCAAACAGG, 6691,Bacteria,Bacteroidota,Bacteroidia,Bacteroidales,Bacteroidaceae,Bacteroides,NA,NA
TACGGAGGGTGCGAGCGTTAATCGGAATTACTGGGCGTAAAGCGCATGCAGGTGGATGATTAAGTCAGATGTGAAAGCCCGGGGCTCAACCTCGGAATAGCATTTGAAACTGGTCATCTAGAGTACTGTAGAGGGGGGTAGAATTTCAGGTGTAGCGGTGAAATGCGTAGAGATCTGAAGGAATACCGGTGGCGAAGGCGGCCCCCTGGACAGATACTGACACTCAGATGCGAAAGCGTGGGGAGCAAACAGG,12103,Bacteria,Proteobacteria,Gammaproteobacteria,Vibrionales,Vibrionaceae,Vibrio,Vibrio,NA
TACGGAGGGTGCGAGCGTTAATCGGAATTACTGGGCGTAAAGCGCATGCAGGCGGTCTGTTAAGCAAGATGTGAAAGCCCGGGGCTTAACCTCGGAACAGCATTTTGAACTGGCAGGCTAGAGTCTTGTAGAGGGGGGTAGAATTTCAGGTGTAGCGGTGAAATGCGTAGAGATCTGAAGGAATACCGGTGGCGAAGGCGGCCCCCTGGACAAAGACTGACGCTCAGATGCGAAAGCGTGGGGAGCAAACAGG,12089,Bacteria,Proteobacteria,Gammaproteobacteria,Vibrionales,Vibrionaceae,Photobacterium,Photobacterium,marinum
TACTGAGGGTGCAAGCGTTAATCGGAATTACTGGGCGTAAAGCGAGTGTAGGCGGCTTCGTAAGTCGGATGTGAAAGCCCCGGGCTTAACCTGGGAATTGCATTCGATACTGCGCGGCTAGAGTTTGATAGAGGGAAGTGGAATTCCAGGTGTAGCGGTGAAATGCGTAGATATCTGGAGGAACACCAGTGGCGAAGGCGGCTTCCTGGATCAAAACTGACGCTGAGGCTCGAAAGCGTGGGGAGCAAACAGG,16155,Bacteria,Proteobacteria,Gammaproteobacteria,Gammaproteobacteria Incertae Sedis,Unknown Family,NA,NA,NA
TACGGAGGGCGCAAGCGTTACTCGGAATCACTGGGCGTAAAGAGCGTGTAGGCGGGTTAATAAGTCAGAAGTGAAATCCTGTGGCTCAACCATAGAACTGCTTTTGAAACTGTTAACCTAGAATATGGGAGAGGTAGATGGAATTTCTGGTGTAGGGGTAAAATCCGTAGAGATCAGAAGGAATACCGATTGCGAAGGCGATCTACTGGAACATTATTGACGCTGAGACGCGAAAGCGTGGGGAGCAAACAGG, 7379,Bacteria,Campilobacterota,Campylobacteria,Campylobacterales,Arcobacteraceae,Malaciobacter,NA,NA
TACGGAGGGGGTTAGCGTTGTTCGGAATTACTGGGCGTAAAGCGCACGTAGGCGGATCAGAAAGTTGGGGGTGAAATCCCAGGGCTCAACCCTGGAACTGCCTCCAAAACTCCTGGTCTTGAGTTCGAGAGAGGTGAGTGGAATTCCGAGTGTAGAGGTGAAATTCGTAGATATTCGGAGGAACACCAGTGGCGAAGGCGGCTCACTGGCTCGATACTGACGCTGAGGTGCGAAAGTGTGGGGAGCAAACAGG, 8291,Bacteria,Proteobacteria,Alphaproteobacteria,Rhodobacterales,Rhodobacteraceae,Phaeobacter,NA,NA
TACGAAGGGGGCTAGCGTTGTTCGGAATAACTGGGCGTAAAGCGCGCGTAGGCGGATTAGTCAGTCAGGGGTGAAATCCCGGGGCTCAACCCCGGAACTGCCTTTGATACTGCTAATCTTGAGTTCGAGAGAGGTGAGTGGAATTCCGAGTGTAGAGGTGAAATTCGTAGATATTCGGAGGAACACCAGTGGCGAAGGCGGCTCACTGGCTCGATACTGACGCTGAGGTGCGAAAGCGTGGGGAGCAAACAGG, 4820,Bacteria,Proteobacteria,Alphaproteobacteria,Rhizobiales,Rhizobiaceae,NA,NA,NA
TACGGAGGGTGCGAGCGTTAATCGGAATTACTGGGCGTAAAGCGCGCGTAGGCGGTTTGTTAAGTCAGCTGTGAAAGCCCTGGGCTCAACCTGGGAACTGCAGTTGATACTGGCCGACTAGAGTACGAGAGAGGGAGGTAGAATTCCACGTGTAGCGGTGAAATGCGTAGATATGTGGAGGAATACCGGTGGCGAAGGCGGCCTCCTGGCTCGATACTGACGCTGAGGTGCGAAAGCGTGGGGAGCAAACAGG,12319,Bacteria,Proteobacteria,Gammaproteobacteria,Cellvibrionales,Halieaceae,Halioglobus,NA,NA
TACGTATGTGGCAAGCGTTACTCGGAATCACTGGGCGTAAAGCGTACGTAGGCGGACATATAAGTCAGAAGTGAAATTTCAGGGCTCAACCCTGAACCTGCTTTTGAAACTGTATGTCTTGAGTATCAGAGGGGTAGATGGAATTCTTGGTGTAGCGGTGGAATGCGTAGATATCAAGAAGAACACCAGAGGCGAAGGCGGTCTACTGGCTGAATACTGACGCTGATGTACGAAAGCGTGGGGAGCGAACAGG,16022,Bacteria,Fibrobacterota,Chitinivibrionia,Chitinivibrionales,Chitinivibrionaceae,possible genus 03,NA,NA
TACGGAGGGTGCAAGCGTTAATCGGAATTACTGGGCGTAAAGCGCGCGTAGGCGGCTTGTTAAGCCAGATGTGAAAGCCCCGGGCTTAACCTGGGAACTGCATTTGGAACTGGCAGGCTAGAGTACAGAAGAGGGTGGTGGAATTTCCTGTGTAGCGGTGAAATGCGTAGATATAGGAAGGAACATCAGTGGCGAAGGCGGCCACCTGGTCTGATACTGACGCTGAGGTGCGAAAGCGTGGGGAGCAAACAGG, 9500,Bacteria,Proteobacteria,Gammaproteobacteria,Oceanospirillales,Oceanospirillaceae,Oceanospirillum,Oceanospirillum,beijerinckii
TACGGAGGGTGCAAACGTTGTTCGGAATTATTGGGCGTAAAGAGCATGTAGGCGGTTGTTTAAGTCTGATGTGAAAGCCCTGGGCTCAACCCAGGAAGTGCATTGGATACTGGGCAACTTGAGTACGGGAGAGGAAAGTGGAATTTCGAGTGTAGGGGTGAAATCCGTAGATATTCGAAGGAACACCAGTGGCGAAGGCGGCTTTCTGGACCGATACTGACGCTGAGATGCGAAAGCGTGGGGAGCAAACAGG, 8927,Bacteria,Desulfobacterota,Desulfuromonadia,Sva1033,NA,NA,NA,NA
TACGGAGGATCCGAGCGTTATCCGGAATCATTGGGTTTAAAGGGTCCGTAGGCGGGCAATTAAGTCAGTGGTGAAAGTCTTCCGCTCAACGGGAGAACTGCCATTGATACTGATTGTCTTGAGTTATTATGAAGTGGTTAGAATGAGTAGTGTAGCGGTGAAATGCATAGATATTACTCAGAATACCGATTGCGAAGGCAGATCACTAATAATACACTGACGCTGATGGACGAAAGCGTAGGTAGCGAACAGG, 6663,Bacteria,Bacteroidota,Bacteroidia,Flavobacteriales,Flavobacteriaceae,Salegentibacter,NA,NA
TACGGAGGGTGCAAGCGTTGTCCGGATTTATTGGGTTTAAAGGGTGCGTAGGCGGTGCGTTAAGTCAGTGGTGAAATCTCTCGGCTCAACCGAGAAACTGCCATTGATACTGGCGCACTTGAGTACGGACGAGGTAGGCGGAATTTATGGTGTAGCGGTGAAATGCATAGATACCATAAAGAACACCGATAGCGAAGGCAGCTTACTAGACCGTAACTGACGCTCAGGCACGAAAGCGTGGGGAGCGAACAGG,11272,Bacteria,Bacteroidota,Bacteroidia,Cytophagales,Cyclobacteriaceae,NA,NA,NA
TACGGAGGGTGCAAGCGTTAATCGGAATTACTGGGCGTAAAGCGCGCGTAGGCGGCTTGGTCAGTCAGATGTGAAAGCCCCGGGCTTAACCTGGGAATTGCATTTGATACTGCCTGGCTAGAGTGTGGTAGAGGGAAGTGGAATTCCAGGTGTAGCGGTGAAATGCGTAGATATCTGGAGGAACACCAGTGGCGAAGGCGACTTCCTGGACCAACACTGACGCTGAGGTGCGAAAGCGTGGGTAGCAAACAGG, 9472,Bacteria,Proteobacteria,Gammaproteobacteria,Chromatiales,Chromatiaceae,Candidatus Thiobios,NA,NA
TACGGAGGGTGCAAGCGTTATTCGGAATCACTGGGCGTAAAGAGCGCGTAGGCGGTTTCTAAAGTCAGATGTGAAAGCCCGGGGCTCAACCCCGGAAGTGCATTTGAAACTTAGGGACTTGAGTATGGGAGAGGGAAGTGGAATTCCTGGTGTAGCGGTGAAATGCGTAGATATCAGGAGGAACACCGGTGGCGAAGGCGACTTCCTGGACCAATACTGACGCTGAGGCGCGAAGGCGTGGGGAGCAAACAGG,10881,Bacteria,Desulfobacterota,Desulfobacteria,Desulfobacterales,Desulfosarcinaceae,Sva0081 sediment group,NA,NA
TACGGAGGGTGCGAGCGTTGTTCGGAATTACTGGGCGTAAAGGGCGCGTAGGCGGCCTGATAAGTCAGATGTGAAAGTCCACGGCTCAACCGTGGAAGTGCATTTGAAACTGTCAGGCTTGAGTATCGGAGGGGAGTGTGGAATTCCCGGTGTAGAGGTGAAATTCGTAGAGATCGGGAGGAACACCGGTGGCGAAGGCGACACTCTGGACGAATACTGACGCTGAGGCGCGAAAGCGTGGGGAGCAAACAGG,12754,Bacteria,Desulfobacterota,Desulfobulbia,Desulfobulbales,Desulfobulbaceae,NA,NA,NA
TACGGAGGGTGCAAGCGTTGTTCGGAATTACTGGGCGTAAAGGGCGCGCAGGCGGTTTGATTAGTCAGATGTGAAAGCCCACGGCTCAACCGTGGAAGTGCATTTGAAACTGTCAGACTTGAGTATCAGAGGGGAAAGTGGAATTCCTGGTGTAGAGGTGAAATTCGTAGATATCAGGAGGAATACCGGTGGCGAAGGCGACTTTCTGGCTGAATACTGACGCTGAGGCGCGAAAGCGTGGGGAGCAAACAGG,11623,Bacteria,Desulfobacterota,Desulfobulbia,Desulfobulbales,Desulfobulbaceae,Desulfobulbus,NA,NA
TACGGAGGGAGCTAGCGTTGTTCGGAATTACTGGGCGTAAAGCGCGCGTAGGCGGCTTGGTAAGTAGAGGGTGAAATCCCAGAGCTCAACTCTGGAACTGCCCCCTAAACTGCTGAGCTAGAATCCTGGAGAGGTGAGTGGAATTCCTAGTGTAGAGGTGAAATTCGTAGATATTAGGAAGAACACCAGTGGCGAAGGCGACTCACTGGACAGGTATTGACGCTGAGGTGCGAAAGCGTGGGGAGCGAACAGG, 7282,Bacteria,Proteobacteria,Alphaproteobacteria,Kordiimonadales,Kordiimonadaceae,Kordiimonas,NA,NA
ACGTGTCAGCCGCGGTAATACGTAGGGGGCGAACGTTGTTCGGAATCACTGGGCGTAAAGGGTGCGCAGGCTGCTCATCAAGTCAGTTGTGAAATTTCGTGGCTCAACCACGAAGCTGCTGCTGATACTGTTGGGCTAGAGTCATAGATAGAGGTAGCGGGAATTCCTGGTGTAGGAGTGAAATCTGTAGATATCAGGAGGAACACCAAGGGTGAAGACAAGCTACTGGGTAATGACTGACGCTGAGGCACGAAAGCTAGGGGAGCAAATGGG,  389,Bacteria,Spirochaetota,Spirochaetia,Spirochaetales,Spirochaetaceae,NA,NA,NA
TACGGAGGGTGCAAGCGTTACTCGGAATCACTGGGCGTAAAGAGCGTGTAGGCGGATTATTAAGTCAGAAGTGAAATCCTATGGCTCAACCATAGAACTGCTTTTGAAACTGGTAATCTAGAGTATGGGAGAGGTAGATGGAATTTCTGGTGTAGGGGTAAAATCCGTAGAGATCAGAAGGAATACCGATTGCGAAGGCGATCTACTGGAACATTACTGACGCTGAGACGCGAAAGCGTGGGGAGCAAACAGG,10117,Bacteria,Campilobacterota,Campylobacteria,Campylobacterales,Arcobacteraceae,Halarcobacter,NA,NA
TACGGAGGGTGCAAGCGTTATCCGGAATCATTGGGTTTAAAGGGTCCGCAGGCGGGCTTATAAGTCAGTGGTGAAATCTCTCGGCTCAACCGAGAAACTGCCATTGATACTGTAGGTCTTGAATTCGGTCGAAGTGGGCGGAATGAGTAGTGTAGCGGTGAAATGCATAGATATTACTCAGAACACCGATAGCGAAGGCAGCTCACTAGGCCTGGATTGACGCTGAGGGACGAAAGCGTGGGGAGCGAACAGG,10464,Bacteria,Bacteroidota,Bacteroidia,Flavobacteriales,Crocinitomicaceae,Lishizhenia,Lishizhenia,tianjinensis
CACGTAGGCACCAAGCGTTATCCGGATTTATTGGGCGTAAAGAGCTCGTAGGCGGTTCAGTCAGTCGGGTGTGAAAACTTGAGGCTTAACCTCAAGAGGTCACTCGATACTACTGTGACTAGAGTGCGGTAGGGGAGCGGGGAATTCCTGGTGTAGCGGTGAAATGCGCAGATATCAGGAGGAACACCAGTGGCGAAGGCGCCGCTCTGGGCCGTAACTGACGCTGAGGAGCGAAAGCATGGGTAGCAAACAGG,  912,Bacteria,Actinobacteriota,Acidimicrobiia,Microtrichales,Ilumatobacteraceae,Ilumatobacter,Ilumatobacter,nonamiensis
TACGGAGGGTGCGAGCGTTAATCGGAATTACTGGGCGTAAAGCGTACGCAGGCGGTTTGTTAAGCGAGATGTGAAAGCCCCGGGCTTAACCTGGGAACTGCATTTCGAACTGGCAGACTAGAGTGTGATAGAGGGTGGTAGAATTTCAGGTGTAGCGGTGAAATGCGTAGAGATCTGAAGGAATACCGATGGCGAAGGCAGCCACCTGGGTCAACACTGACGCTCATGTACGAAAGCGTGGGGAGCAAACAGG,12449,Bacteria,Proteobacteria,Gammaproteobacteria,Alteromonadales,Pseudoalteromonadaceae,Pseudoalteromonas,Pseudoalteromonas,piscicida
TACGAAGGGGGCTAACGTTGTTCGGATTTACTGGGCGTAAAGCGCACGTAGGCGGATTAGCAAGTTAGGGGTGAAATCCCGGAGCTCAACTCCGGAACTGCCTTTAAAACTGCTAGTCTAGAGATCGGGAGAGGTGTATGGAACTCCTAGTGTAGAGGTGGAATTCGTAGATATTAGGAAGAACACCAGTGGCGAAGGCGATACACTGGCCCGATACTGACGCTGAGGTGCGAAAGCGTGGGGAGCAAACAGG, 4724,Bacteria,Proteobacteria,Alphaproteobacteria,Rhizobiales,Devosiaceae,Maritalea,Maritalea,porphyrae
TACGGAGGGTCCGAGCGTTATCCGGAATCATTGGGTTTAAAGGGTCCGTAGGCGGGCCGGTAAGTCAGAGGTGAAATCCCGTCGCTCAACGATGGAACTGCCTTTGATACTGTCGGTCTTGAGTCATGGTGAAGTTGCCGGAATATGTAGTGTAGCGGTGAAATGCATAGATATTACATAGAACACCGATTGCGAAGGCAGGTGGCTAACCATGGACTGACGCTGATGGACGAAAGCGTGGGGAGCGAACAGG, 8725,Bacteria,Bacteroidota,Bacteroidia,Flavobacteriales,Flavobacteriaceae,NA,NA,NA
GACGGAGGATGCAAGTGTTATCCGGAATTACTGGGCGTAAAGCGTCTGTAGGTGGTTTGGTAAGTCAACTGTTAAATCTTGAGGCTCAACTTCAAAACAGCAGTCGAAACTATCAGACTAGAGTATAGTAGGGGTAAAGGGAATTTCCAGTGGAGCGGTGAAATGCGTAGATATTGGAAAGAACACCGATGGCGAAGGCACTTTACTGGGCTATTACTAACACTCAGAGACGAAAGCTAGGGTAGCAAATGGG, 2010,Bacteria,Cyanobacteria,Cyanobacteriia,Chloroplast,NA,NA,NA,NA
TACGGAGGGTGCGAGCGTTAATCGGAATTACTGGGCGTAAAGCGCATGCAGGTGGTTCGTTAAGTCAGATGTGAAAGCCCGGGGCTCAACCTCGGAATAGCATTTGAAACTGGCGGACTAGAGTACTGTAGAGGGGGGTAGAATTTCAGGTGTAGCGGTGAAATGCGTAGAGATCTGAAGGAATACCGGTGGCGAAGGCGGCCCCCTGGACAGATACTGACACTCAGATGCGAAAGCGTGGGGAGCAAACAGG,12131,Bacteria,Proteobacteria,Gammaproteobacteria,Vibrionales,Vibrionaceae,Vibrio,Vibrio,NA
TACGAAGGGAACTAGCGTTGTTCGGATTTACTGGGCGTAAAGAGCATGTAGGCGGATTGGACAGTTGAGGGTGAAATCCCAGAGCTCAACTCTGGAACTGCCTTCAATACTTCCAGTCTAGAGTCCGTAAGGGGGTGGTGGAATTCCGAGTGTAGAGGTGAAATTCGTAGATATTCGGAGGAACACCAGTGGCGAAGGCGACCACCTGGTACGGTACTGACGCTGAGATGCGAAAGCGTGGGGAGCAAACAGG, 4485,Bacteria,Proteobacteria,Alphaproteobacteria,Rhodospirillales,Terasakiellaceae,Terasakiella,NA,NA
TACGGAGGGTGCGAGCGTTAATCGGAATTACTGGGCGTAAAGCGCATGCAGGTGGTTTGTTAAGTCAGATGTGAAAGCCCTGGGCTCAACCCGGGAAGGTCATTTGAAACTGGCAAGCTAGAGTACTGTAGAGGGGGGTAGAATTTCAGGTGTAGCGGTGAAATGCGTAGAGATCTGAAGGAATACCGGTGGCGAAGGCGGCCCCCTGGACAGATACTGACACTCAGATGCGAAAGCGTGGGGAGCAAACAGG,12183,Bacteria,Proteobacteria,Gammaproteobacteria,Vibrionales,Vibrionaceae,Vibrio,NA,NA
TACGAAGGGGGCTAGCGTTGTTCGGATTTACTGGGCGTAAAGCGCTCGTAGGCGGATCTTTAAGTCAGAGGTGAAATCCCGGAGCTCAACTTCGGAACTGCCTTTGATACTGGGGATCTCGAGTCCGGGAGAGGTGAGTGGAACTGCGAGTGTAGAGGTGAAATTCGTAGATATTCGCAAGAACACCAGTGGCGAAGGCGGCTCACTGGCCCGGTACTGACGCTGAGGAGCGAAAGCGTGGGGAGCAAACAGG, 5088,Bacteria,Proteobacteria,Alphaproteobacteria,Rhizobiales,Beijerinckiaceae,alphaI cluster,NA,NA
GACAGAGGATGCAAGCGTTATCCGGATTAATTGGGCGTAAAGCGTCTGTAGGTGGTTTATCAAGTCTTTTGTCAAATATCAGGGCCTAACCCTGGGCAGGCAGAGGAAACTAGTAGACTAGAGTTCGGTAGGGGCAGAGGGAATTCCCGGTGGAGCGGTGAAATGCGTAGAGATCGGGAGGAACACCAAAGGCGAAGGCACTCTGCTGGGCCGCAACTGACACTGAGAGACGAAAGCGAGGGTAGCAAATGGG, 1110,Bacteria,Cyanobacteria,Cyanobacteriia,Chloroplast,NA,NA,NA,NA
TACGAAGGGGGCTAGCGTTGTTCGGAATCACTGGGCGTAAAGCGCGCGTAGGCGGACTTTTAAGTCAGGGGTGAAATCCCGGGGCTCAACCTCGGAACTGCCTTTGATACTGGAAGTCTTGAGTTCGAGAGAGGTGAGTGGAATACCGAGTGTAGAGGTGAAATTCGTAGATATTCGGTGGAACACCAGTGGCGAAGGCGGCTCACTGGCTCGATACTGACGCTGAGGTGCGAAAGCGTGGGGAGCAAACAGG, 4872,Bacteria,Proteobacteria,Alphaproteobacteria,Rhizobiales,Rhizobiaceae,Cohaesibacter,Cohaesibacter,gelatinilyticus
TACGTAGGGGGCAAGCGTTACTCGGATTTACTGGGCGTAAAGCGAATGTAGGCGGTTGATTAAGTCAGTGGTGAAATCCCTCAGCTCAACTGAGGAACTGCCATTGATACTGGTTAACTAGAGGACAGGAGAGGAAAGTGGAATTCCCGGTGTAGCGGTGGAATGCGTAGATATCGGGAGGAACACCGGAGGCGAAGGCGGCTTTCTGGACTGGTCCTGACGCTCAGATTCGAAAGCTAGGGTAGCAAACAGG,14298,Bacteria,Acidobacteriota,Aminicenantia,Aminicenantales,NA,NA,NA,NA
TACGGAGGGTGCAAGCGTTAATCGGAATAACTGGGCGTAAAGCGCACGCAGGCGGTTTGTTAAGCCAGATGTGAAAGCCCCGGGCTCAACCCGGGAACTGCATTTGGAACTGGCAGACTAGAGTCTTGGAGAGGGGGGTAGAATTTCCGGTGTAGCGGTGAAATGCGTAGAGATCGGAAGGAATACCAGTGGCGAAGGCGGCCCCCTGGCCAAAGACTGACGCTCAGGTGCGAAAGCGTGGGGAGCAAACAGG, 9093,Bacteria,Proteobacteria,Gammaproteobacteria,Aeromonadales,Aeromonadaceae,Oceanimonas,Oceanimonas,NA
TACGGAGGATTCGAGCGTTATCCGGATTTATTGGGTTTAAAGGGTCCGTAGGCGGGCGATTAAGTCAGTGGTGAAATCTCACAGCTCAACTGTGAAACTGCCATTGATACTGGTTGTCTTGAATTTAGTTGAGGTGGGCGGAATACGTTATGTAGCGGTGAAATGCATAGATATAACGTAGAACACCGATTGCGAAGGCAGCTCACTAAGCTACTATTGACGCTGATGGACGAAAGCGTGGGGAGCGAACAGG, 7059,Bacteria,Bacteroidota,Bacteroidia,Bacteroidales,Marinifilaceae,Marinifilum,Marinifilum,flexuosum
TACGAAGGGTGCGAGCGTTGTTCGGAATTACTGGGCGTAAAGGGCGTGTAGGCGGATTGGCAAGATAGAGGTGAAAGGCCTGGGCTCAACCTGGGAACTGCCTTTATAACTTCCAGTCTAGAGATCGAGAGAGGATAGCGGAATTCCTAGTGTAGAGGTGAAATTCGTAGATATTAGGAAGAACACCAGTGGCGAAGGCGGCTATCTGGCTCGATACTGACGCTGAGGCGCGAAAGCGTGGGGAGCAAACAGG, 5408,Bacteria,Proteobacteria,Alphaproteobacteria,Kiloniellales,Kiloniellaceae,Kiloniella,Kiloniella,NA
TACGGAGGGTGCAAGCGTTGTTCGGAATTACTGGGCGTAAAGCGCGCGTAGGCGGCGTGTTAAGTCAGATGTGAAAGCCCATGGCTCAACCATGGATGTGCATTTGAAACTGGCATGCTTGAGTACTGGAGGGGGTAGTGGAATTCCCGGTGTAGAGGTGAAATTCGTAGATATCGGGAGGAATACCGGTGGCGAAGGCGACTGCCTGGCCAGATACTGACGCTGAGGTGCGAAAGCGTGGGGAGCAAACAGG,11438,Bacteria,Desulfobacterota,Desulfobulbia,Desulfobulbales,Desulfocapsaceae,NA,NA,NA
TACGGAGGGTGCGAGCGTTGTTCGGAATCACTGGGCGTAAAGCGCGTGTAGGCGGCAGGTTAAGTCTGGTGTGAAAGCCCGGGGCTCACCCCCGGAAGTGCGCTGGAAACTGGCCAGCTAGAGTATGGGAGAGGGAAGCGGAATTCCTGGTGTAGCGGTGAAATGCGTAGATATCAGGAGGAACACCGGCGGCGAAGGCGGCTTCCTGGACCAATACTGACGCTGAGACGCGAAAGCGTGGGGAGCAAACAGG,12695,Bacteria,Desulfobacterota,NA,NA,NA,NA,NA,NA
TACGTAGGGGCCAAACGTTGTCCGGATTTATTGGGCGTAAAGGGCTCGTAGGCGGTTCAACAAGTCGATCGTGAAAGCCCGGGGCTCAACCCCGGGACGCCGGTCGAAACTGTTGTGACTAGGGTCCGGTAGAGGTGAGTGGAATTCTCGGTGTAGCGGTGGAATGCGCAGATATCGAGAGGAACACCAGTAGCGAAGGCGGCTCACTGGGCCGGTACCGACGCTGAGGAGCGAAAGCATGGGGAGCAAACAGG,14266,Bacteria,Actinobacteriota,Acidimicrobiia,Actinomarinales,NA,NA,NA,NA
TACGGAGGGTGCAAGCGTTAATCGGAATTACTGGGCGTAAAGCGCGCGTAGGTGGTTCAGTCAGTCAGATGTGAAAGCCCCGGGCTCAACCTGGGAACTGCACCTGATACTGCTGAACTAGAGTACGGTAGAGGGTAGTGGAATTTCCTGTGTAGCGGTGAAATGCGTAGATATAGGAAGGAACACCAGTGGCGAAGGCGACTGCCTGGACTGATACTGACACTGAGGTGCGAAAGCGTGGGGAGCAAACAGG, 9795,Bacteria,Proteobacteria,Gammaproteobacteria,Oceanospirillales,Nitrincolaceae,Marinobacterium,NA,NA
TACGGAGGGTGCAAGCGTTATTCGGAATCACTGGGCGTAAAGGACGCGTAGGCGGGTTGCCAAGTCTGATGTGAAATCCTATGGCTTAACCATAGAACTGCATTGGAAACTGGTAACCTAGAGTATGGGAGGGGGAGATGGAATTAGTGGTGTAGGGGTAAAATCCGTAGATATCACTAGGAATACCGAAAGCGAAGGCGATCTCCTGGAACATTACTGACGCTAAGGCGTGAAAGCGTGGGGAGCAAACGGG,10896,Bacteria,Campilobacterota,Campylobacteria,Campylobacterales,Sulfurimonadaceae,Sulfurimonas,NA,NA
TACGGAGGGTGCGAGCGTTAATCGGAATTACTGGGCGTAAAGCGCATGCAGGTGGTTCATTAAGTCAGATGTGAAAGCCCGGGGCTCAACCTCGGAACTGCATTTGAAACTGGTGAACTAGAGTACTGTAGAGGGGGGTAGAATTTCAGGTGTAGCGGTGAAATGCGTAGAGATCTGAAGGAATACCAGTGGCGAAGGCGGCCCCCTGGACAGATACTGACACTCAGATGCGAAAGCGTGGGGAGCAAACAGG,12125,Bacteria,Proteobacteria,Gammaproteobacteria,Vibrionales,Vibrionaceae,Vibrio,Vibrio,NA
TACGTATGGTGCAAGCGTTATCCGGAATCACTGGGCGTAAAGGGTACGTAGGCGGTTTTGCAAGTCAGAAGTGAAAGGCTACGGCTCAACCGTAGTAAGCTTTTGAAACTGCAAGACTAGAGTTCAGGAGAGGTAAGTGGAATTCCTAGTGTAGAGGTGAAATTCGTAGATATTAGGAGGAACACCAGTGGCGAAGGCGACTTACTGGACTGATACTGACGCTGAGGTACGAAAGCGTGGGGAGCGAACAGG,15894,Bacteria,Firmicutes,Clostridia,Peptostreptococcales-Tissierellales,Fusibacteraceae,Fusibacter,NA,NA
TACGGAGGGTGCGAGCGTTAATCGGAATTACTGGGCGTAAAGCGTGCGTAGGCGGATTGTTAAGCAAGATGTGAAAGCCCCGGGCTCAACCTGGGAACTGCATTTTGAACTGGCTATCTAGAGTATTGTAGAGGGTGGTGGAATTTCCAGTGTAGCGGTGAAATGCGTAGAGATTGGAAGGAACATCAGTGGCGAAGGCGGCCGCCTGGACAAATACTGACGCTGAGGCACGAAAGCGTGGGGAGCAAACAGG,12481,Bacteria,Proteobacteria,Gammaproteobacteria,Alteromonadales,Colwelliaceae,Thalassotalea,NA,NA
TACGGAGGGTGCAAGCGTTAATCGGAATTACTGGGCGTAAAGCGCGCGTAGGCGGTTAGTTAAGCTGGATGTGAAAGCCCAGGGCTCAACCTTGGAACTGCATTCAGAACTGGCTAGCTAGAGTACGAGAGAGGGTAGTGGAATTTCCTGTGTAGCGGTGAAATGCGTAGATATAGGAAGGAACATCAGTGGCGAAGGCGACTGCCTGGCTCGATACTGACGCTGAGGTGCGAAAGCGTGGGGAGCAAACAGG, 9577,Bacteria,Proteobacteria,Gammaproteobacteria,Cellvibrionales,Microbulbiferaceae,Microbulbifer,Microbulbifer,gwangyangensis
TACGGAGGGTGCGAGCGTTAATCGGAATTACTGGGCGTAAAGCGCGCGTAGGCGGTTGAGTAAGTCAAATGTGAAATCCCCGGGCTTAACCTGGGAACTGCATTCGATACTGCTTAACTAGAGTATGGTAGAGGGAAGTGGAATTCCGGGTGTAGCGGTGAAATGCGTAGATATCCGGAGGAACACCAGTGGCGAAGGCGACTTCCTGGGCCAATACTGACGCTGAGGTGCGAAAGCGTGGGGAGCAAACAGG,12265,Bacteria,Proteobacteria,Gammaproteobacteria,Steroidobacterales,Woeseiaceae,Woeseia,NA,NA
TACGGAGGGTGCGAGCGTTAATCGGAATTACTGGGCGTAAAGCGTGCGTAGGCGGTTGATTAAGCGAGATGTGAAATCCCGGGGCTTAACCTCGGAACTGCATTTCGAACTGGTCAACTAGAGTACTGTAGAGGGTGGTGGAATTTCCAGTGTAGCGGTGAAATGCGTAGAGATTGGAAGGAACATCAGTGGCGAAGGCGGCCACCTGGACAGATACTGACGCTGAGGCACGAAAGCGTGGGGAGCAAACAGG,12500,Bacteria,Proteobacteria,Gammaproteobacteria,Alteromonadales,Colwelliaceae,Thalassotalea,Thalassotalea,fusca
TACGGAGGATCCAAGCGTTATCCGGAATCATTGGGTTTAAAGGGTCCGTAGGCGGTTTTTTAAGTCAGAGGTGAAATCCTGCAGCTCAACTGTAGCATTGCCTTTGATACTGAAAGACTTGAGTTATTGTGAAGTAGTTAGAATGTGTAGTGTAGCGGTGAAATGCATAGATATTACACAGAATACCGATTGCGAAAGCAGATTACTAATAATATACTGACGCTCAGGGACGAAAGCGTGGGTAGCGAACAGG, 6484,Bacteria,Bacteroidota,Bacteroidia,Flavobacteriales,Flavobacteriaceae,NS5 marine group,NA,NA
TACGGGGGATGCAAGCGTTATCCGGAATCACTGGGCGTAAAGCGTCTGTAGGTGGCTTTGCAAGTCTAATGTTAAAGACTAGAGCCCAACTCTAGAACAGCATTGGAAACTGCTCGGCTTGAGTATGGTAGGGGTAAAGGGAATTCCCAGTGTAGCGGTGAAATGCGTAGATATTGGGAAGAACACCAGTGGCGAAGGCGCTTTACTGGGCCATAACTGACACTGAGAGACGAAAGCTAAGGTAGCGAATAGG,13227,Bacteria,Cyanobacteria,Cyanobacteriia,Chloroplast,NA,NA,NA,NA
TACGGAGGGTGCAAGCGTTAATCGGAATTACTGGGCGTAAAGCGCGCGTAGGCGGTTTGGTCAGTTGGATGTGAAAGCCCAGGGCTTAACCTTGGAACTGCATTCAATACTGCCAGGCTAGAGTACGGTAGAGGGGGGTAGAATTCCACGTGTAGCGGTGAAATGCGTAGAGATGTGGAGGAATACCAGTGGCGAAGGCGGCCCCCTGGATCGATACTGACGCTGAGGTGCGAAAGCGTGGGGAGCAAACAGG, 9660,Bacteria,Proteobacteria,Gammaproteobacteria,Oceanospirillales,Pseudohongiellaceae,Pseudohongiella,NA,NA
TACGGAGGGTGCAAGCGTTACTCGGAATCACTGGGCGTAAAGAGCGTGTAGGCGGGTTAATAAGTCAGATGTGAAAGCCAATGGCTCAACCATTGAACTGCATTTGAAACTGTTGACCTAGAATATGGGAGAGGTAGATGGAATTTCTGGTGTAGGGGTAAAATCCGTAGAGATCAGAAGGAATACCGATTGCGAAGGCGATCTACTGGAACATTATTGACGCTGAGACGCGAAAGCGTGGGGAGCAAACAGG,10132,Bacteria,Campilobacterota,Campylobacteria,Campylobacterales,Arcobacteraceae,Halarcobacter,NA,NA
TACGGAGGGTGCGAGCGTTAATCGGAATTACTGGGCGTAAAGCGCATGCAGGTGGTTCGTTAAGTCAGATGTGAAAGCCCGGGGCTCAACCTCGGAACTGCATTTGAAACTGGCGGACTAGAGTACTGTAGAGGGGGGTAGAATTTCAGGTGTAGCGGTGAAATGCGTAGAGATCTGAAGGAATACCAGTGGCGAAGGCGGCCCCCTGGACAGATACTGACACTCAGATGCGAAAGCGTGGGGAGCAAACAGG,12129,Bacteria,Proteobacteria,Gammaproteobacteria,Vibrionales,Vibrionaceae,Vibrio,Vibrio,NA
TACAGAGGGTGCAAGCGTTAATCGGAATTACTGGGCGTAAAGCGCGCGTAGGCGGCTTGGTCAGTCGGATGTGAAAGCCCCGGGCTTAACCTGGGAATTGCATTCGATACTGCCAGGCTAGAATGTAGTAGAGGGAAGTGGAATTCCAGGTGTAGCGGTGAAATGCGTAGATATCTGGAGGAACATCAGTGGCGAAGGCGACTTCCTGGACTAACATTGACGCTGAGGTGCGAAAGCGTGGGGAGCAAACAGG, 2932,Bacteria,Proteobacteria,Gammaproteobacteria,B2M28,NA,NA,NA,NA
TACGGAGGGGGCTAGCGTTATTCGGAATTATTGGGCGTAAAGGGCGCGTAGGCGGCTTGGTAGGTCAAAGGTGAAATCCCTCAGCTCAACTGAGGAACTGCCTTTGAAACCACCTCGCTCGAGGCTGGGAGGGGGTAGCGGAATTCCCGGTGTAGCGGTGAAATGCGTAGATATCGGGAGGAACACCGGTGGCGAAGGCGGCTACCTGGACCAGTTCTGACGCTGAGGCGCGAAAGTGTGGGGAGCAAACAGG, 7869,Bacteria,Acidobacteriota,Thermoanaerobaculia,Thermoanaerobaculales,Thermoanaerobaculaceae,Subgroup 10,NA,NA
TACGAAGGGGGCTAGCGTTGCTCGGAATTACTGGGCGTAAAGGGCGCGTAGGCGGATCGTTAAGTCAGAGGTGAAATCCCAGGGCTCAACCCTGGAACTGCCTTTGATACTGGCGATCTTGAGTATGAGAGAGGTATGTGGAACTCCGAGTGTAGAGGTGAAATTCGTAGATATTCGGAAGAACACCAGTGGCGAAGGCGACATACTGGCTCATTACTGACGCTGAGGCGCGAAAGCGTGGGGAGCAAACAGG, 4787,Bacteria,Proteobacteria,Alphaproteobacteria,Caulobacterales,Caulobacteraceae,Brevundimonas,Brevundimonas,NA
TCAGGAAAGGTCATTTGTAAGTTAAAAAGCGTTTGAATTTTAACTCCCACCTTCCCCAAAATAAATTCTTTAAAAAAAAACAGAAATACAAAAACAAACTAATTTATGGAATGATGTATGTCTGAACTATATGGAAATAAATTCACGAACCAATAATTGGATAGACGATTTTTGGCTATTCAGCCAAAAAATGATGAAATATATGAAATGGTTTGATTGATATACAGTTGAGATATTTTGTCATTTTTATAAAAAGCGAGATAAACTTACGATAATTAGCGTTTTCCTTCTTTTCTCTATCATAGATTTGGTTCTTCTTTTTCTTGTAGATGCAGTAACCTACGACAGCGCCAATA,16194,Bacteria,Proteobacteria,Alphaproteobacteria,Rickettsiales,Mitochondria,NA,NA,NA
TACGGAGGGTGCGAGCGTTAATCGGAATTACTGGGCGTAAAGCGCATGCAGGTGGTGAGTTAAGTCAGATGTGAAAGCCCGGGGCTCAACCTCGGAATTGCATTTGAAACTGGCTCACTAGAGTACTGTAGAGGGGGGTAGAATTTCAGGTGTAGCGGTGAAATGCGTAGAGATCTGAAGGAATACCAGTGGCGAAGGCGGCCCCCTGGACAGATACTGACACTCAGATGCGAAAGCGTGGGGAGCAAACAGG,12111,Bacteria,Proteobacteria,Gammaproteobacteria,Vibrionales,Vibrionaceae,Vibrio,Vibrio,NA
TACGAAGGGGGCTAGCGTTGTTCGGAATCACTGGGCGTAAAGCGCACGTAGGCGGATTGATAAGTTAGGGGTGAAATCCCAGGGCTCAACCCTGGAACTGCCTTTGATACTGTCAGTCTTGAGTCCGAGAGAGGTGAGTGGAACTCCGAGTGTAGAGGTGAAATTCGTAGATATTCGGAAGAACACCAGTGGCGAAGGCGGCTCACTGGCTCGGTACTGACGCTGAGGTGCGAAAGCGTGGGGAGCAAACAGG, 4851,Bacteria,Proteobacteria,Alphaproteobacteria,Rhizobiales,Stappiaceae,Labrenzia,Labrenzia,marina
TACGGAGGGTGCAAGCGTTGCTCGGAATCACTGGGCGTAAAGCGTACGCAGGCGGCCTGTCAGGTCGGATGTGAAAGCCCGGGGCTCAACCCCGGAACTGCATTCGAAACCGGCAAGCTTGAGTACGGGAGAGGGAAGCGGAATTCCTGGTGTAGAGGTGAAATTCGTAGATATCAGGAGGAACACCCGTGGCGAAAGCGGCTTCCTGGCCCGATACTGACGCTCATGTACGAAAGCGTGGGGAGCAAACAGG,11015,Bacteria,Bdellovibrionota,Bdellovibrionia,Bdellovibrionales,Bdellovibrionaceae,OM27 clade,NA,NA
TACGGAGGGTGCAAGCGTTAATCGGAATTACTGGGCGTAAAGCGTACGTAGGTGGTTATTTAAGTGGAATGTGAAAGCCCTGGGCTCAACCTAGGAACTGCATGCCAAACTAAATAACTAGAGTACAGCAGAGGAGTGTGGAATTTCCTGTGTAGCGGTGAAATGCGTAGATATAGGAAGGAACATCAGTGGCGAAGGCGACACTCTGGGTTGATACTGACACTGAGGTACGAAAGCGTGGGGAGCAAACAGG, 9893,Bacteria,Proteobacteria,Gammaproteobacteria,Oceanospirillales,NA,NA,NA,NA
TACGGAGGGTGCAAGCGTTATCCGGAATCATTGGGTTTAAAGGGTCCGTAGGCGGATTAATAAGTCAGAGGTGAAATCCCACAGCTTAACTGTGGAACTGCCTTTGATACTGTTAGTCTTGAGTTATGTGGAAGTAGATAGAATGTGTAGTGTAGCGGTGAAATGCTTAGAGATTACACAGAATACCGATTGCGAAGGCAGTCTACTACGCATATACTGACGCTAATGGACGAAAGCGTGGGGAGCGAACAGG,10503,Bacteria,Bacteroidota,Bacteroidia,Flavobacteriales,Flavobacteriaceae,Lutibacter,NA,NA
GACGGAGGATGCAAGTGTTATCCGGAATCACTGGGCGTAAAGCGTCTGTAGGTGGTTTAATAAGTCAACTGTTAAATCTTGAAGCTCAACTTCGAAATCGCAGTCGAAACTATTAGACTAGAGTATAGTAGGGGTAAAGGGAATTTCCAGTGGAGCGGTGAAATGCGTAGAGATTGGAAAGAACACCGATGGCGAAGGCACTTTACTGGGCTATTACTAACACTCAGAGACGAAAGCTAGGGTAGCAAATGGG, 1887,Bacteria,Cyanobacteria,Cyanobacteriia,Chloroplast,NA,NA,NA,NA
TACGGAGGATCCGAGCGTTATCCGGATTTATTGGGTTTAAAGGGTGCGTAGGCGGCACTTTAAGTCAGGGGTGAAAGACGGCAGCTCAACTGTCGCAGTGCCCTTGATACTGAAGTGCTTGAATGCGGTTGAAGACGGCGGAATGAGACAAGTAGCGGTGAAATGCATAGATATGTCTCAGAACACCGATTGCGAAGGCAGCTGTCTAAGCCGTTATTGACGCTGATGCACGAAAGCGTGGGGATCGAACAGG, 6677,Bacteria,Bacteroidota,Bacteroidia,Sphingobacteriales,Sphingobacteriaceae,Sphingobacterium,Sphingobacterium,NA
TACGTAGGGTGCAAGCGTTAATCGGAATTACTGGGCGTAAAGCGTGCGCAGGCGGTTATGCAAGACAGAGGTGAAATCCCCGGGCTCAACCTGGGAACTGCCTTTGTGACTGCATGGCTAGAGTACGGTAGAGGGGGATGGAATTCCGCGTGTAGCAGTGAAATGCGTAGATATGCGGAGGAACACCGATGGCGAAGGCAATCCCCTGGACCTGTACTGACGCTCATGCACGAAAGCGTGGGGAGCAAACAGG,14860,Bacteria,Proteobacteria,Gammaproteobacteria,Burkholderiales,Comamonadaceae,NA,Pelomonas,NA
TACGGAGGGTGCGAGCGTTAATCGGAATTACTGGGCGTAAAGCGTACGCAGGCGGTTGGTTAAGCGAGATGTGAAATCCCCGGGCTCAACCTGGGAACTGCATTTCGAACTGGCCAACTAGAGTATGAGAGAGGGTGGTAGAATTTCAGGTGTAGCGGTGAAATGCGTAGAGATCTGAAGGAATACCGATGGCGAAGGCAGCCACCTGGTTCAATACTGACGCTCATGTACGAAAGCGTGGGGAGCAAACAGG,12430,Bacteria,Proteobacteria,Gammaproteobacteria,Alteromonadales,Pseudoalteromonadaceae,NA,NA,NA
GACGAAGGATCCAAGCGTTGTCCGGATTTACTGGGTTTAAAGGATGCGTAGGCGGACACTTAAGCCAGTGGTGAAATCCCATAGCTCAACTATGGAACTGCCATTGGAACTGTGTGTCTTGAATTCGGTTGAGGTAGATGGAATATAACATGTAGCGGTGAAATGCTTAGATATGTTATAGAACACCGATTGCGAAGGCAGTCTACTAAGCCGACATTGACGCTGAGGCATGAAAGCGTGGGGAGCGAACAGG, 1618,Bacteria,Bacteroidota,Bacteroidia,Sphingobacteriales,NS11-12 marine group,NA,NA,NA
TACGGAGGGGGCTAGCGTTGTTCGGAATTACTGGGCGTAAAGCGCGCGTAGGCGGATTGATCAGTTGGGGGTGAAATCCCGAGGCTTAACCTCGGAACTGCCCTCAATACTGTCAGTCTAGAGATCGGAAGAGGTAAGTGGAATTCCTAGTGTAGAGGTGAAATTCGTAGATATTAGGAAGAACACCAGTGGCGAAGGCGGCTTACTGGTCCGATACTGACGCTGAGGTGCGAAAGCGTGGGGAGCAAACAGG, 8068,Bacteria,Proteobacteria,Alphaproteobacteria,Parvibaculales,PS1 clade,NA,NA,NA
TACGGAAGGTCCAAGCGTTAATCGGAATTACTGGGCGTAAAGCGCACGTAGGTGGCTTGGTAAGTCGGATGTGAAAGCCCCGGGCTCAACCTGGGAACTGCATTCGATACTGCTGAGCTAGAGTACGGGAGAGGAAGGTGGAATTCCAGGTGTAGCGGTGAAATGCGTAGAGATCTGGAGGAACATCGGTGGCGAAGGCGGCCTTCTGGCCTGATACTGACACTGAGGTGCGAAAGCGTGGGGAGCAAACAGG, 6214,Bacteria,Proteobacteria,Gammaproteobacteria,NA,NA,NA,NA,NA
TACGGAGGATTCGAGCGTTATCCGGATTTATTGGGTTTAAAGGGTCCGTAGGCGGTTCTTTAAGTCAGTGGTGAAATCCCAGAGCTCAACTCTGGAACTGCCATTGAAACTGAAGAACTTGAATATGGTTGAGGTAGGCGGAATACGTTATGTAGCGGTGAAATGCATAGATATAACGTAGAACACCAATTGCGAAGGCAGCTTACTAAGCCATTATTGACGCTGATGGACGAAAGCGTGGGGAGCGAACAGG, 7079,Bacteria,Bacteroidota,Bacteroidia,Bacteroidales,Marinifilaceae,Marinifilum,NA,NA
TACGGAGGGTGCGAGCGTTAATCGGAATTACTGGGCGTAAAGCGTACGCAGGCGGTCATTTAAGTCAGATGTGAAAGCCCCGGGCTCAACCTGGGAACTGCATTTGAAACTGGATGACTAGAGTGCGACAGAGGGTGGTAGAATTTCAGGTGTAGCGGTGAAATGCGTAGAGATCTGAAGGAATACCGATGGCGAAGGCAGCCACCTGGGTCGACACTGACGCTCATGTACGAAAGCGTGGGTAGCAAACAGG,12420,Bacteria,Proteobacteria,Gammaproteobacteria,Alteromonadales,Pseudoalteromonadaceae,Psychrosphaera,NA,NA
TACGGAGGGTGCAAGCGTTAATCGGAATTACTGGGCGTAAAGCGCACGTAGGTGGTTTGGTCAGTCAGATGTGAAAGCCCCGGGCTCAACCTGGGAACTGCACCTGATACTGCCAGACTAGAGTACGGTAGAGGGTAGTGGAATTTCCGGTGTAGCGGTGAAATGCGTAGAGATCGGAAGGAACACCAGTGGCGAAGGCGACTGCCTGGACCGATACTGACACTGAGGTGCGAAAGCGTGGGTAGCAAACAGG, 9330,Bacteria,Proteobacteria,Gammaproteobacteria,Oceanospirillales,Nitrincolaceae,Marinobacterium,Marinobacterium,stanieri
TCAGGAAAGGTCATTTGTGAGTTAAAAAGCGTTTGAATTTTAACCCCCACCTTCCCCCAAATAAATTCTTTAAAAAAAACCTAGAAATACAAAAAACAAACTAATTTGAACAACAATGATGGAATGATGTATGTTTGAACTATATGGAAATAAATACACGAACCAATAATTGGATAGGCGATTTTTGGCGATTCAGCCAAAAAATGATGAAATATATGTAATTGCTTTGATTGATATACAGTTGATATATATTGTCATTTTTATAAAAAGCGAGATCAACTTACGATAGTTAGCGTTGTCTTTCTTCTCTTGTTTTCTTGTAGAATCTGATGTAGTAACATACGACAGCGCCAATA,16196,Bacteria,Proteobacteria,Alphaproteobacteria,Rickettsiales,Mitochondria,NA,NA,NA
TACGGAGGGTGCAAGCGTTAATCGGAATTACTGGGCGTAAAGCGCGCGTAGGTGGTTTAGTCAGTCAGATGTGAAAGCCCCGGGCTCAACCTGGGAACTGCACCTGATACTGCTAAACTAGAGTACGGTAGAGGGCAGTGGAATTTCCTGTGTAGCGGTGAAATGCGTAGATATAGGAAGGAACACCAGTGGCGAAGGCGACTGCCTGGACTGATACTGACACTGAGGTGCGAAAGCGTGGGGAGCAAACAGG, 9807,Bacteria,Proteobacteria,Gammaproteobacteria,Oceanospirillales,Nitrincolaceae,Marinobacterium,NA,NA
TACGGAGGGTGCGAGCGTTAATCGGAATTACTGGGCGTAAAGCGCATGCAGGCGGTCTGTTAAGCAAGATGTGAAAGCCCGGGGCTTAACCTCGGAACTGCATTTTGAACTGGCAGACTAGAGTCTTGTAGAGGGGGGTAGAATTTCAGGTGTAGCGGTGAAATGCGTAGAGATCTGAAGGAATACCGGTGGCGAAGGCGGCCCCCTGGACAAAGACTGACGCTCAGATGCGAAAGCGTGGGGAGCAAACAGG,12091,Bacteria,Proteobacteria,Gammaproteobacteria,Vibrionales,Vibrionaceae,Photobacterium,Photobacterium,jeanii
TACGGAGGGGGTTAGCGTTGTTCGGAATTACTGGGCGTAAAGCGCACGTAGGCGGATCAGAAAGTTGGGGGTGAAATCCCAGGGCTCAACCCTGGAACTGCCCTCAAAACTCCTGGTCTTGAGTTCGAGAGAGGTGAGTGGAATTCCAAGTGTAGAGGTGAAATTCGTAGATATTTGGAGGAACACCAGTGGCGAAGGCGGCTCACTGGCTCGATACTGACGCTGAGGTGCGAAAGTGTGGGGAGCAAACAGG, 8287,Bacteria,Proteobacteria,Alphaproteobacteria,Rhodobacterales,Rhodobacteraceae,Roseobacter,NA,NA
TACGTAGGGGCCAAGCGTTGTCCGGATTTATTGGGCGTAAAGGGCTCGTAGGCGGTTTGACAAGTCGGTCGTGAAAACCCGGGGCTCAACCCCGGGACGCCGGTCGAAACTGTCATGACTAGGGTCCGGTAGAGGTGAGTGGAATTCTCAGTGTAGCGGTGAAATGCGCAGATATTGAGAGGAACACCAGTAGCGAAGGCGGCTCACTGGGCCGGTACCGACGCTGAGGAGCGAAAGCGTGGGGAGCAAACAGG,14278,Bacteria,Actinobacteriota,Acidimicrobiia,Actinomarinales,NA,NA,NA,NA
TACGGAGGGTGCGAGCGTTAATCGGAATTACTGGGCGTAAAGCGAGCGTAGGCGGTGACGTAAGTTGGATGTGAAAAACCGGGGCTTAACCTCGGCCGTGCATTCAAAACTGCGTGACTAGAGTCTTGTAGAGGGGGGTAGAATTTCAGGTGTAGCGGTGAAATGCGTAGAGATCTGAAGGAATACCAGTGGCGAAGGCGGCCCCCTGGACAAAGACTGACGCTGAGGTTCGAAAGCGTGGGTAGCGAACAGG,12021,Bacteria,Proteobacteria,Gammaproteobacteria,Alteromonadales,Alteromonadaceae,NA,NA,NA
TACGGAGGGTGCAAGCGTTATCCGGATTTATTGGGTTTAAAGGGTCCGTAGGCGGATGATTAAGTCAGTGGTGAAAGCCCACAGCTCAACTGTGGAACTGCCATTGATACTGATCATCTTGAGTACATTTGAAGTTGGCGGAATAGGTCATGTAGCGGTGAAATGCTTAGATATGACCTAGAACACCGATTGCGAAGGCAGCCAACTAAGCTGTAACTGACGCTGAGGGACGAAAGCGTGGGGAGCGAACAGG,10745,Bacteria,Bacteroidota,Bacteroidia,Flavobacteriales,NS9 marine group,NA,NA,NA
TACGGAGGATGCAAGCGTTATCCGGATTCATTGGGTTTAAAGGGTGCGCAGGCGGAACTTTAAGTCAGTGGTGAAATCTTGCCGCTTAACGGTAAAATTGCCATTGATACTGAAGTTCTTGAATATGGTTGAGGTAGGCGGAATGTGTTGTGTAGCGGTGAAATGCATAGATATGACACAGAACGCCGATTGCGAAGGCAGCTTACTAAGCCATTATTGACGCTGAGGCACGAAAGCGTGGGGAGCGAACAGG, 6762,Bacteria,Bacteroidota,Bacteroidia,Bacteroidales,Prolixibacteraceae,Draconibacterium,NA,NA
TACGGAGGGTCCGAGCGTTATCCGGAATTATTGGGTTTAAAGGGTCCGCAGGCGGGCAATTAAGTCAGGGGTGAAATGGTGCGGCTCAACCGTAGCACTGCCCTTGATACTGGTTGTCTTGAGTCATAGTGAAGTGGCCGGAATATGTAGTGTAGCGGTGAAATGCATAGATATTACATAGAACACCGATTGCGAAGGCAGGTCACTAACTATCGACTGACGCTGATGGACGAAAGCGTGGGGAGCGAACGGG, 8752,Bacteria,Bacteroidota,Bacteroidia,Flavobacteriales,Flavobacteriaceae,Eudoraea,Eudoraea,adriatica
TACGTAGGTGGCGAGCGTTATTCGGAATCACTGGGCGTAAAGGGTCCGTAGGGGGTGAGGTCAGTCTGATGTGAAAGCCGGGGGCTCAACTCCCGAAGTGCATTGGATACTGCCTCACTAGAGTGCGTGAGAGGTAAGCGGAATTCGTGGTGTAGCGGTGGAATGCGTAGATATCACGAGGAAGGCCGAAGGCGTAAGCAGCTTACTGGCACGCAACTGACCCTGAGGGACGAAAGCTAGGGGAGCGAAAAGG,15731,Bacteria,Verrucomicrobiota,Lentisphaeria,Lentisphaerales,Lentisphaeraceae,Lentisphaera,NA,NA
TACGGAGGATCCAAGCGTTATCCGGAATCATTGGGTTTAAAGGGTCCGTAGGTGGAAGGTTAAGTCAGAGGTGAAATCCTGCAGCTCAACTGTAGAATTGCCTTTGATACTGGCTTTCTTGAATTATTGTGAAGTAGCTAGAATATGTAGTGTAGCGGTGAAATGCATAGATATTACATAGAATACCGATTGCGAAGGCAGGTTACTAACAATATATTGACACTGATGGACGAAAGCGTGGGTAGCGAACGGG, 6502,Bacteria,Bacteroidota,Bacteroidia,Flavobacteriales,Flavobacteriaceae,Aestuariivivens,NA,NA
TACGGAGGGTGCGAGCGTTAATCGGAATTACTGGGCGTAAAGCGCATGCAGGTGGTTAGTTAAGTCAGATGTGAAAGCCCGGGGCTCAACCTCGGAATTGCATTTGAAACTGGCTGACTAGAGTACTGTAGAGGGGGGTAGAATTTCAGGTGTAGCGGTGAAATGCGTAGAGATCTGAAGGAATACCGGTGGCGAAGGCGGCCCCCTGGACAGATACTGACACTCAGATGCGAAAGCGTGGGGAGCAAACAGG,12122,Bacteria,Proteobacteria,Gammaproteobacteria,Vibrionales,Vibrionaceae,Vibrio,Vibrio,NA
TACGGAGGGTCCGAGCGTTATCCGGAATCATTGGGTTTAAAGGGTCCGTAGGCGGGTTTATAAGTCAGTGGTGAAAGTTTGCGGCTCAACCGTAAAATTGCCATTGATACTGTAGACCTTGAATTAGTGTGAAGTGGTTAGAATGTGTAGTGTAGCGGTGAAATGCATAGATATTACACAGAATACCAATTGCGAAGGCAGATCACTAACACTATATTGACGCTGAGGGACGAAAGCGTGGGGAGCGAACAGG, 8742,Bacteria,Bacteroidota,Bacteroidia,Flavobacteriales,Flavobacteriaceae,Ulvibacter,NA,NA
TACGGAGGGTGCAAGCGTTATCCGGAATCATTGGGTTTAAAGGGTCCGCAGGCGGTCAATTAAGTCAGAGGTGAAATCCCATCGCTTAACGATGGAACTGCCTTTGATACTGGTTGACTTGAGTTATACGGAAGTAGATAGAATGTGTAGTGTAGCGGTGAAATGCATAGATATTACACAGAATACCGATTGCGAAGGCAGTCTACTACGTATATACTGACGCTCATGGACGAAAGCGTGGGGAGCGAACGGG,10479,Bacteria,Bacteroidota,Bacteroidia,Flavobacteriales,Flavobacteriaceae,Tenacibaculum,NA,NA
TACGGAGGATGCAAGCGTTATCCGGATTTATTGGGTTTAAAGGGTACGTAGGCGGAAAATTAAGTCAGTAGTGAAATCCTGCAGCTTAACTGTAGAACTGTTATTGATACTGGTTTTCTTGAATATAGTTGAGGTAGGCGGAATGTGTAATGTAGCGGTGAAATGCTTAGATATTACACAGAACACCGATTGCGAAGGCAGCTTACTAAGCTATGATTGACGCTGAGGTACGAAAGCGTGGGGAGCGAACAGG, 6880,Bacteria,Bacteroidota,Bacteroidia,Bacteroidales,Bacteroidetes BD2-2,NA,NA,NA
TACGGAGGGTGCAAGCGTTAATCGGAATTACTGGGCGTAAAGCGTGCGTAGGCGGTTTGTTTAGTCAGATGTGAAAGCCCCGGGCTTAACCTGGGAACTGCATTTGAAACTGGCAGACTAGAGTATGGTAGAGGGGGGTAGAATTCATAGTGTAGCGGTGAAATGCGTAGATATTATGAGGAATACCAGTGGCGAAGGCGGCCCCCTGGACCAATACTGACGCTGAGGTACGAAAGCGTGGGTAGCGAACAGG, 9964,Bacteria,Proteobacteria,Gammaproteobacteria,Thiotrichales,Thiotrichaceae,NA,NA,NA
TACGGAGGATGCAAGCGTTATCCGGATTCATTGGGTTTAAAGGGTGCGCAGGCGGGCTTGTAAGTCAGTGGTGAAATACTGCCGCTCAACGGTAGAACTGCCATTGATACTGCAAGTCTTGAATATGGTTGAGGTAGGCGGAATGTGTCGTGTAGCGGTGAAATGCATAGATATGACACAGAACGCCAATTGCGAAGGCAGCTTACTAAGCCATTATTGACGCTGAGGCACGAAAGCGTGGGGAGCGAACAGG, 6780,Bacteria,Bacteroidota,Bacteroidia,Bacteroidales,Prolixibacteraceae,Draconibacterium,NA,NA
TACGAAGGTCCCGAGCGTTGTTCGGAATCACTGGGCGTAAAGGGAGCGTAGGCGGCATGGTAAGTCAGATGTGAAATCCCGGGGCTCAACCCCGGAACTGCATCCGATACTGCCTTGCTAGAGTAATGGAGGGGTAACTGGAATTCTCGGTGTAGCAGTGAAATGCGTAGATATCGAGAGGAAGACCAACGGCGAAGGCAGGTTACTGGACATTTACTGACGCTGAGGCTCGAAGGCCAGGGGAGCGAAAGGG, 5587,Bacteria,Verrucomicrobiota,Verrucomicrobiae,Verrucomicrobiales,Rubritaleaceae,Rubritalea,Rubritalea,NA
TACGAGGGGTGCAAGCGTTAATCGGAATTACTGGGCGTAAAGCGTGCGTAGGCGGTTTGTTAAGCAAGATGTGAAAGCCCCGGGCTCAACCTGGGAACTGCATTTTGAACTGGCAAACTAGAGTACTGTAGAGGGTGGTGGAATTTCCAGTGTAGCGGTGAAATGCGTAGAGATTGGAAGGAACATCAGTGGCGAAGGCGGCCACCTGGACAGATACTGACGCTGAGGCACGAAAGCGTGGGGAGCAAACAGG, 6068,Bacteria,Proteobacteria,Gammaproteobacteria,Alteromonadales,Colwelliaceae,Colwellia,NA,NA
TACGGAGGGAGCAAACGTTGTTCGGATTTACTGGGTGTAAAGGGTGCGTAGGCGGCCCTGTGTGTCAGAGGTGAAATCCCACGGCTCAACCGTGGAATTGCCTTTGAAACTGCAGGGCTTGAGTCCGAGAGGGGAAGGTGGAATTCCTGGTGTAACGGTGAAATGTGCAGATATCAGGAAGAACACCCGTGGCGAAGGCGGCCTTCTGGCTCGGAACTGACGCTGAGGCACGAAAGCTAGGGTATCGAACGGG, 7096,Bacteria,Latescibacterota,NA,NA,NA,NA,NA,NA
TACGGAGGGTGCAAGCGTTAATCGGAATTACTGGGCGTAAAGCGCGCGTAGGCGGAATGATAAGTCTCATGTGAAAGCCCAGGGCTCAACCTTGGAACTGCATGGGATACTGTTATTCTAGAATACAGTAGAGGGAGGTGGAATTTCAGGTGTAGCGGTGAAATGCGTAGAGATCTGAAGGAACATCAGTGGCGAAGGCGGCCTCCTGGACTGATATTGACGCTGAGGTGCGAAAGCGTGGGGAGCAAACAGG, 9353,Bacteria,Proteobacteria,Gammaproteobacteria,Oceanospirillales,Kangiellaceae,Aliikangiella,NA,NA
TACGGAGGGTGCGAGCGTTAATCGGAATTACTGGGCGTAAAGCGCATGCAGGTGGTTCATTAAGTCAGATGTGAAAGCCCGGGGCTCAACCTCGGAACCGCATTTGAAACTGGTGAACTAGAGTGCTGTAGAGGGGGGTAGAATTTCAGGTGTAGCGGTGAAATGCGTAGAGATCTGAAGGAATACCAGTGGCGAAGGCGGCCCCCTGGACAGACACTGACACTCAGATGCGAAAGCGTGGGGAGCAAACAGG,12124,Bacteria,Proteobacteria,Gammaproteobacteria,Vibrionales,Vibrionaceae,Aliivibrio,Aliivibrio,NA
TACGAAGGGAACTAGCGTTGTTCGGATTTACTGGGCGTAAAGAGCATGTAGGCGGATTGGTCAGTTGGGGGTGAAATCCCGGAGCTCAACTCCGGAACTGCCTCCAATACTGCCAGTCTAGAGTCCGTAAGGGGGTGGTGGAATTCCGAGTGTAGAGGTGAAATTCGTAGATATTCGGAGGAACACCAGTGGCGAAGGCGACCACCTGGTACGGTACTGACGCTGAGATGCGAAAGCGTGGGGAGCAAACAGG, 4497,Bacteria,Proteobacteria,Alphaproteobacteria,Rhodospirillales,Terasakiellaceae,Terasakiella,NA,NA
