TACATAGGGTGCAAGCGTTATCCGGAATTATTGGGCGTAAAGCGTTCGTAGGCGGTTTATTAAGTCTGAAGTTAAAGCTCGGTGCTCAACACCGACCCGCTTTGGATACTGATAGACTAGAGTTATATAGAGGTTAGCGGAACTCCATGTGAAGCGGTGGAATGCGTAGATATATGGAAGAACACCAATGGCGAAGGCAGCTAACTGGATATACACTGACGCTGAGGAACGAAAGCGTGGGGAGCAAACAGG, 3945,Bacteria,Firmicutes,Bacilli,Mycoplasmatales,Mycoplasmataceae,Mycoplasma,NA,NA
TTCCAGCTCCAATAGCGTATATTAAAGTTGCTGCAGTTAAAAAGCTCGTAGCTGGATCTCGGGTCCAGGCTGGCGGTCCACCTCGTTGTGGTTACTGCCTGTTCTGACCCAACCTCTCGGTTGTAAACCCTTGGTGCTCTTGATTGAGTTGCTTCGGGTGGCCGAAACTTTTACTTTGAAAAAATTAGAGTGTTCAAAGCAGGCGATTCGCCTGCACAATGGTGCATGGAATAATGGAATAGGACCTCGGTTCTATTTTGTTGGTTTTCGGAACACGAGGTAATGATTAAGAGGGACTGACGGGGGCATTCGTATGGCGGGGTTAGAGGTGAAATTCTTGGATCCTCGCCAGACGGCCTACAGCGAAAGCATTTGCCAAGCATGTTTTCATTAGTCAAGAACGAAAGTCAGAGGTTCGAAGACG,16272,Eukaryota,NA,NA,NA,NA,NA,NA,NA
GACGGAGGATGCAAGTGTTATCCGGAATCACTGGGCGTAAAGCGTCTGTAGGTGGTTTAATAAGTCAACTGTTAAATCTTGAGGCTCAACTTCAAAATCGCAGTCGAAACTATTAGACTAGAGTATAGTAGAGGTAAAGGGAATTTCCAGTGGAGCGGTGAAATGCGTAGATATTGGAAAGAACACCGATGGCGAAAGCACTTTACTGGGCTATTACTAACACTCAGAGACGAAAGCTAGGGTAGCAAATGGG, 1916,Bacteria,Cyanobacteria,Cyanobacteriia,Chloroplast,NA,NA,NA,NA
TACGGAGGGTGCGAGCGTTAATCGGAATTACTGGGCGTAAAGCGCATGCAGGTGGTTTGTTAAGTCAGATGTGAAAGCCCGGGGCTCAACCTCGGAATTGCATTTGAAACTGGCAGACTAGAGTACTGTAGAGGGGGGTAGAATTTCAGGTGTAGCGGTGAAATGCGTAGAGATCTGAAGGAATACCGGTGGCGAAGGCGGCCCCCTGGACAGATACTGACACTCAGATGCGAAAGCGTGGGGAGCAAACAGG,12176,Bacteria,Proteobacteria,Gammaproteobacteria,Vibrionales,Vibrionaceae,Vibrio,Vibrio,NA
TACATAGGGTGCAAGCGTTATCCGGAATTATTGGGCGTAAAGCGTTCGTAGGCGGTTTATTAAGTCTTAAGTTAAAGCCCGGGGCTCAACCCCGGCACGCTTAGGATACTGATAGACTAGAGTTATAGAGAGATTAGCGGAACTCCATGTGAAGCGGTGGAATGCGTAGATATATGGAAGAACACCAATGGCGAAGGCAGCTAATTGGCTATACACTGACGCTGAGGAACGAAAGCGTGGGGAGCAAACAGG, 3969,Bacteria,Firmicutes,Bacilli,Mycoplasmatales,Mycoplasmataceae,Mycoplasma,NA,NA
TACATAGGGTGCAAGCGTTATCCGGAATTATTGGGCGTAAAGCGTTCGTAGGCGGTTTATTAAGTCTGAAGTTAAAGCCTGGGGCTCAACCCCAGTCCGCTTTGGATACTGGTAGACTAGAGTTATAGAGAGGTTAGTGGAACTCCATGTGAAGCGGTGGAATGCGTAGATATATGGAAGAACACCAATGGCGAAGGCAACTAACTGGCTATATACTGACGCTGAGGAACGAAAGCGTGGGGAGCAAACAGG, 3930,Bacteria,Firmicutes,Bacilli,Mycoplasmatales,Mycoplasmataceae,Mycoplasma,NA,NA
TACGTAAGGAGCGAGCGTTGTTCGGAATTATTGGGCGTAAAGTGCGTGCAGGCGGTTTGCCAAGTCTGATGTGAAAGCATACAGCTCAACTGTATTGTTGCGTTGGAAACTGGTGAACTAGAATTCGAGAGAGGAAATTGGAATTCCTGGTGTAGGGGTGAAATCTGTTGATATCAGGAAGAACACCTGAGGCGAAAGCGAATTTCTGGCTCTGAATTGACGCTGAAGCGCGAAAGCGTAGGGAGCAAACAGG,13804,Bacteria,Spirochaetota,Spirochaetia,Spirochaetales,Spirochaetaceae,NA,NA,NA
TTCCAGCTCCAATAGCGTATACTAATATTGTTGCAGTTAAAAAGCTCGTAGTTGAAACTATGGAGGTTTACCTCTTTCGTTTTCAGAAACGAATTTTACTATGATTAAATTAGAGCGTTTCAGGCAGGCTTTTCGCTTGAATACATTAGCATGGAATAATAAAATATGATTTGATATATTAAGGTGTATATTAGATAATGATTAATAGGAGCAGTTGGGGGCATTCGTATTTAATAGTCAGAGGTTAAATTCTTGGATTTATTAAAGACGAACTAAAGCGAAAGCATTTGTCAAGGATGTTTTCATTAATCAAGAACGAAAGTTAGGGGATCAAAGATG,16240,Eukaryota,NA,NA,NA,NA,NA,NA,NA
TACATAGGGTGCAAGCGTTATCCGGAATTATTGGGCGTAAAGCGTTCGTAGGTGGTTAAGTAAGTCTGAAGTTAAAGCCCGGGGCTCAACCCCGGCCCGCTTTGGAAACTACTTAACTAGAATTATGAAGAGGTTAGCGGAACTCCATGTGAAGCGGTGGAATGCGTAGATATATGGAAGAACACCAATGGCGAAGGCAGCTAACTGGGAATAAATTGACACTGAGGGACGAAAGCGTGGGGAGCAAACAGG, 3991,Bacteria,Firmicutes,Bacilli,Mycoplasmatales,Mycoplasmataceae,Mycoplasma,NA,NA
TACGGAGGGTGCAAGCGTTACTCGGAATCACTGGGCGTAAAGAGCGTGTAGGCGGATAAGTAAGTCAGAAGTGAAATCCAATAGCTTAACTATTGAACTGCTTTTGAAACTACTTATCTAGAATATGGGAGAGGTAGATGGAATTTCTGGTGTAGGGGTAAAATCCGTAGAGATCAGAAGGAATACCGATTGCGAAGGCGATCTACTGGAACATTATTGACGCTGAGACGCGAAAGCGTGGGGAGCAAACAGG,10109,Bacteria,Campilobacterota,Campylobacteria,Campylobacterales,Arcobacteraceae,Pseudarcobacter,NA,NA
TACGAAGGGGGCTAGCGTTGTTCGGAATTACTGGGCGTAAAGCGCACGTAGGCGGATCGTTAAGTGAGGGGTGAAATCCCAGGGCTCAACCCTGGAACTGCCTTTCATACTGGCGATCTTGAGTTCGAGAGAGGTGAGTGGAATTCCGAGTGTAGAGGTGAAATTCGTAGATATTCGGAGGAACACCAGTGGCGAAGGCGGCTCACTGGCTCGATACTGACGCTGAGGTGCGAAAGCGTGGGGAGCAAACAGG, 4935,Bacteria,Proteobacteria,Alphaproteobacteria,Rhizobiales,Rhizobiaceae,Hoeflea,Hoeflea,NA
TACGTATGTCGCAAGCGTTATCCGGAATTATTGGGCGTAAAGCGAGTCTAGGCGGCTTGTTAAGTCAGATGTGAAAATGCGGGGCTCAACTCCGTATTGCGTTTGAGACTGGCAGGCTAGAGTACTGGAGAGGTGGGCGGAACTACAAGTGTAGAGGTGAAATTCGTAGATATTTGTAGGAATGCCGATAGTGAAGACAGCTCACTGGACAGATACTGACGCTAAAGCTCGAAAGCGTGGGGAGCGAACAGG,15949,Bacteria,Fusobacteriota,Fusobacteriia,Fusobacteriales,Fusobacteriaceae,Psychrilyobacter,NA,NA
TACGTAGGGGGCGAACGTTGTTCGGAATCACTGGGCGTAAAGGGTGCGCAGGCTGCTCATCAAGTCAGTTGTGAAATTTCGTGGCTCAACCACGAAGCTGCTGCTGATACTGTTGGGCTAGAGTCATAGATAGAGGTAGCAGGAATTCCTGGTGTAGGAGTGAAATCTGTAGATATCAGGAGGAACACCAAGGGTGAAGACAAGCTACTGGGTAATGACTGACGCTGAGGCACGAAAGCTAGGGGAGCAAATGGG,14555,Bacteria,Spirochaetota,Spirochaetia,Spirochaetales,Spirochaetaceae,NA,NA,NA
TACATAGGGTGCAAGCGTTATCCGGAATTATTGGGCGTAAAGCGTTCGTAGGCGGTTTATTAAGTCTTAAGTCAAAGCCCGGGGCTCAACCCCGGCCCGCTTAGGATACTGATAGACTAGAGTTATAGAGAGATTAGCGGAACTCCATGTGAAGCGGTGGAATGCGTAGATATATGGAAGAACACCAATGGCGAAGGCAGCTAATTGGCTATACACTGACGCTGAGGAACGAAAGCGTGGGGAGCAAACAGG, 3964,Bacteria,Firmicutes,Bacilli,Mycoplasmatales,Mycoplasmataceae,Mycoplasma,NA,NA
TACGGAGGGTGCAAGCGTTGTTCGGAATTACTGGGCGTAAAGGGCGCGCAGGCGGCATGTCAAGTCAGATGTGAAAGCCCACGGCTTAACCGTGGAAGTGCATTTGAAACTGTCATGCTTGAGTATCAGAGGGGAAAGTGGAATTCCTGGTGTAGAGGTGAAATTCGTAGATATCAGGAGGAATACCGGTGGCGAAGGCGACTTTCTGGCTGAATACTGACGCTGAGGCGCGAAAGCGTGGGGAGCAAACAGG,11609,Bacteria,Desulfobacterota,Desulfobulbia,Desulfobulbales,Desulfobulbaceae,NA,NA,NA
TACGGAGGGTGCGAGCGTTAATCGGAATTACTGGGCGTAAAGCGCGCGTAGGTGGCTTGATAAGCCGGTTGTGAAAGCCCCGGGCTCAACCTGGGAACGGCATCCGGAACTGTCAAGCTAGAGTGCAGGAGAGGAAGGTAGAATTCCCGGTGTAGCGGTGAAATGCGTAGAGATCGGGAGGAATACCAGTGGCGAAGGCGGCCTTCTGGACTGACACTGACACTGAGGTGCGAAAGCGTGGGTAGCAAACAGG,12381,Bacteria,Proteobacteria,Gammaproteobacteria,Oceanospirillales,Halomonadaceae,Halomonas,Halomonas,NA
TACGGAGGGTGCAAGCGTTAATCGGAATTACTGGGCGTAAAGCGCATGCAGGTGGTTTGTTAAGTCAGATGTGAAAGCCCTGGGCTCAACCTAGGAATCGCATTTGAAACTGACAAGCTAGAGTACTGTAGAGGGGGGTAGAATTTCAGGTGTAGCGGTGAAATGCGTAGAGATCTGAAGGAATACCGGTGGCGAAGGCGGCCCCCTGGACAGATACTGACACTCAGATGCGAAAGCGTGGGGAGCAAACAGG, 9340,Bacteria,Proteobacteria,Gammaproteobacteria,Vibrionales,Vibrionaceae,Vibrio,Vibrio,NA
TACGGGGGGTGCAAGCGTTATTCGGAATCATTGGGCGTAAAGAGCGCGTAGGCGGTCTTCTATGTCAGGTGTGAAAGCCCGGGGCTCAACCCCGGAAGTGCATTTGAAACTGGGAGACTTGAGTATGGGAGAGGGAAGTGGAATTCCTGGTGTAGCGGTGAAATGCGTAGATATCAGGAGGAACACCGGTGGCGAAGGCGACTTCCTGGACCAATACTGACGCTGAGGCGCGAAGGCGTGGGGAGCAAACAGG,13580,Bacteria,Desulfobacterota,Desulfobacteria,Desulfobacterales,Desulfosarcinaceae,Sva0081 sediment group,NA,NA
GACGGAGGATGCAAGTGTTATCCGGAATTACTGGGCGTAAAGCGTCTGTAGGTGGTTTAGTAAGTCAACTGTTAAATCTTGAGGCTCAACTTCAAATCAGCAGTCGAAACTATTAGACTAGAGTATAGTAGAGGTAAAGGGAATTTCCAGTGGAGCGGTGAAATGCGTAGATATTGGAAAGAACACCGATGGCGAAGGCACTTTACTGGGCTATTACTAACACTCAGAGACGAAAGCTAGGGTAGCAAATGGG, 2008,Bacteria,Cyanobacteria,Cyanobacteriia,Chloroplast,NA,NA,NA,NA
TACGTATGGGGCAAACGTTGTTCGGATTCACTGGGCGTAAAGAGTACGTAGGCTGTCGAGACAGTCAATGATCAAATCCCGTAGCTTAACTACGTGGTCGTTGTTGATACTTCTCGACTAGAGTTTTATAGAGGTAGCAGGAATTCCTGGTGTAGGGGTGAAATCTGTTGATATCAGGAGGAACACCAAAGGCGAAGGCAAGCTACTGGGTAAAAACTGACGCTGAGGTACGAAAGCCAGGGGAGCAAATGGG,15841,Bacteria,Spirochaetota,Spirochaetia,Spirochaetales,Spirochaetaceae,NA,NA,NA
TACGGAGGGTGCGAGCGTTAATCGGAATTACTGGGCGTAAAGCGCATGCAGGTGGTTTGTTAAGTCAGATGTGAAAGCCCGGGGCTCAACCTCGGAATAGCATTTGAAACTGGCAAGCTAGAGTACTGTAGAGGGGGGTAGAATTTCAGGTGTAGCGGTGAAATGCGTAGAGATCTGAAGGAATACCGGTGGCGAAGGCGGCCCCCTGGACAGATACTGACACTCAGATGCGAAAGCGTGGGGAGCAAACAGG,12154,Bacteria,Proteobacteria,Gammaproteobacteria,Vibrionales,Vibrionaceae,Vibrio,Vibrio,NA
TACGTAGGGGGCGAACGTTGTTCGGAATCACTGGGCGTAAAGGGTGCGCAGGCTGCTCATCAAGTCAGTTGTGAAATTTCGTGGCTCAACCACGAAGCTGTTGCTGATACTGTTGGGCTAGAGTCATAGATAGAGGTAGCGGGAATTCCTGGTGTAGGAGTGAAATCTGTAGATATCAGGAGGAACACCAAGGGTGAAGACAAGCTACTGGGTAATGACTGACGCTGAGGCACGAAAGCTAGGGGAGCAAATGGG,14610,Bacteria,Spirochaetota,Spirochaetia,Spirochaetales,Spirochaetaceae,NA,NA,NA
TACGGAGGATCCAAGCGTTATCCGGAATCATTGGGTTTAAAGGGTCCGTAGGCGGCCTTATAAGTCAGTGGTGAAATCTCCTAGCTCAACTAGGAAACTGCCATTGATACTGTAGGGCTTGAATTTTTGTGAAGTAACTAGAATATGTAGTGTAGCGGTGAAATGCTTAGATATTACATGGAATACCAATTGCGAAGGCAGGTTACTAACAAACGATTGACGCTGATGGACGAAAGCGTGGGGAGCGAACAGG, 6436,Bacteria,Bacteroidota,Bacteroidia,Flavobacteriales,Flavobacteriaceae,Flavobacterium,NA,NA
TACGGAGGGTGCAAGCGTTACTCGGAATCACTGGGCGTAAAGCGCGCGCAGGCGGTTTGATAAGTTGGATGTGAAAGCCTACGGCTCAACCGTAGAACTGCATCCAAAACTGTCAAACTAGAGTCTGGGAGGGGAAGATGGAATTAGTTGTGTAGGGGTAAAATCCGTAGAGATAACTAGGAATACCAAAAGCGAAGGCAATCTTCTGGAACAGTACTGACGCTGAGGCGCGAAAGCGTGGGGAGCAAACAGG,10182,Bacteria,Campilobacterota,Campylobacteria,Campylobacterales,Sulfurovaceae,Sulfurovum,NA,NA
TACGTAAGGGGCAAGCGTTATTCGGATTTACTGGGCGTAAAGGGTGTGTAGGTGGATTAAGAAGTTAGGTATGAAAGTTTTAAGCTTAACTTGAAAATGTTATCTAAAACCATTAATCTTGAGTTTAGAAGGGGAAGACGGAATTTCTAGTGTAAGGGTGGAATCTACAGATATTAGAAAGAACACCGATGGCGAAGGCAGTCTTCTGGTCTAACACTGACACTAAAACACGAAAGCTAGGGGAGCAAACAGG,13833,Bacteria,NA,NA,NA,NA,NA,NA,NA
TACGTAAGTCACGAGCGTTAATCGGATTTATTGGGCGTAAAGGGTCCGCAGGGGGTTTGCTAAGTCTGATGTGAAAGCCAACGGCTCAACCGTTGAACTGCATTGGAAACTGGTGAACTGGAGTATCGGAGAGGAAAGTGGAATTCCTGGTGTAGCGGTGGAATGCTTAGATATCAGGAGGAACATCAATGGCGAAGGCAGCTTTCTGGACGATTACTGACCCTCATGGACGAAAGCGTGGGTAGCAAACAGG,13881,Bacteria,Verrucomicrobiota,Lentisphaeria,P.palmC41,NA,NA,NA,NA
TACGGAGGGTGCAAGCGTTAATCGGAATTACTGGGCGTAAAGCGAGTGTAGGCGGCTTCGTAAGTCGGATGTGAAAGCCCCGGGCTTAACCTGGGAATTGCATTCGATACTGCGCGGCTAGAGTCTGATAGAGGGAAGTGGAATTCCAGGTGTAGCGGTGAAATGCGTAGATATCTGGAGGAACACCAGTGGCGAAGGCGGCTTCCTGGATCAAGACTGACGCTGAGGCTCGAAAGCGTGGGGAGCAAACAGG, 9206,Bacteria,Proteobacteria,Gammaproteobacteria,Gammaproteobacteria Incertae Sedis,Unknown Family,NA,NA,NA
TACGGGGGGGGCGAGCGTTGTTCGGATTCATTGGGCGTAAAGGGTATGTAGGTGGTTTGGCAAGTTAGGAGTGAAATCCCAGATCTTAAATCTGGAACTGCTCCTAAAACTACCAGACTTGAGTTAAAGAGAGGATAGTAGAATTCCTAGTGTAGAGGTGAAATTCGTAGATATTAGGAGGAATGCCAGAGGCGAAGGCGACTGTCTGGATTTATACTGACACTGAAATACGAAAGTGTGGGGAGCAAACAGG,13480,Bacteria,Proteobacteria,Alphaproteobacteria,NA,NA,NA,NA,NA
TACGTAGGGGGCAAGCGTTATCCGGAATCATTGGGCGTAAAGCGTGCGTAGGCGGCTTGGAAGGTCAGAGGTGAAAGGCATGGGCTCAACCCATGTAAGCCTTTGAAACCGACAGGCTTGAGATCAGGAGGGGAAAGTGGAATTTCTAGTGTAGCGGTGGAATGCGTAGATATTAGAAGGAACACCAGTGGCGAAGGCGACTTTCTGGACTGATACTGACGCTGAGGCACGAAAGCGTGGGGAGCGAACAGG,14355,Bacteria,Firmicutes,Clostridia,Peptostreptococcales-Tissierellales,Guggenheimella,NA,NA,NA
TACGGAGGGCGCAAGCGTTACTCGGAATCACTGGGCGTAAAGAGCGTGTAGGCGGGTTGATAAGTTTGAAGTGAAATCCAATGGCTCAACCATTGAACTGCTTTGAAAACTGTTAACCTAGAATATGGGAGAGGTAGATGGAATTTCTGGTGTAGGGGTAAAATCCGTAGAGATCAGAAGGAATACCGATTGCGAAGGCGATCTACTGGAACATTATTGACGCTGAGACGCGAAAGCGTGGGGAGCAAACAGG, 7395,Bacteria,Campilobacterota,Campylobacteria,Campylobacterales,Arcobacteraceae,Poseidonibacter,NA,NA
TACGGAGGGTGCAAGCGTTGTTCGGAATTATTGGGCGTAAAGAGCATGTAGGCGGACTGTTAAGTCTGGTGTGAAAGCCCGGGGCTCAACCCCGGAAGTGCATTGGATACTGGCAGTCTTGAGTATGGGAGAGGAAAGTGGAATTCCGAGTGTAGGAGTGAAATCCGTAGATATTCGGAGGAACACCAGTGGCGAAGGCGGCTTTCTGGACCAATACTGACGCTGAGATGCGAAAGCGTGGGGAGCAAACAGG,11681,Bacteria,Desulfobacterota,Desulfuromonadia,Geopsychrobacteraceae,Pelobacter,NA,NA,NA
GACGGAGGATGCAAGTGTTATCCGGAATTACTGGGCGTAAAGCGTCTGTAGGTGGTTTAGTAAGTCAACTGTTAAATCTTGAGGCTCAACTTCAAATCAGCAGTCGAAACTATTAGACTAGAGTATAGTAGGGGTAAAGGGAATTTCCAGTGGAGCGGTGAAATGCGTAGATATTGGAAAGAACACCGATGGCGAAGGCACTTTACTGGGCTATTACTAACACTCAGAGACGAAAGCTAGGGTAGCAAATGGG, 2009,Bacteria,Cyanobacteria,Cyanobacteriia,Chloroplast,NA,NA,NA,NA
TACGAAGGGTGCAAGCGTTAATCGGAATTACTGGGCGTAAAGCGCGCGTAGGTGGTTCGTTAAGTTGGATGTGAAAGCCCCGGGCTCAACCTGGGAACTGCATCCAAAACTGGCGAGCTAGAGTATGGCAGAGGGTGGTGGAATTTCCTGTGTAGCGGTGAAATGCGTAGATATAGGAAGGAACACCAGTGGCGAAGGCGACCACCTGGGCTAATACTGACACTGAGGTGCGAAAGCGTGGGGAGCAAACAGG, 5132,Bacteria,Proteobacteria,Gammaproteobacteria,Pseudomonadales,Pseudomonadaceae,Pseudomonas,Pseudomonas,NA
TACAGAGGGTGCAAGCGTTAATCGGAATTACTGGGCGTAAAGCGCGCGTAGGTGGTTCAGTAAGATGGGTGTGAAATCCCCGGGCTCAACCTGGGAACTGCTTTCATAACTGCTGAACTAGAGTACGGTAGAGGGTAGTGGAATTTCCTGTGTAGCGGTGAAATGCGTAGATATAGGAAGGAACACCAGTGGCGAAGGCGACTACCTGGACTGATACTGACACTGAGGTGCGAAAGCGTGGGGAGCAAACAGG, 2988,Bacteria,Proteobacteria,Gammaproteobacteria,Pseudomonadales,Pseudomonadaceae,Pseudomonas,Pseudomonas,NA
TACGTAGGGAGCTAGCGTTGTTCGGAATCACTGGGCGTAAAGGGAGCGTAGGCGGAAGAGTAAGTTAGGAGTGAAATGTACGGGCTCAACCCGTGATCTGCTTTTAATACTGCTTTTCTTGAGTATGGGAGAGGAAGGTAGAATTCCAGGTGTAGCGGTGGAATGCGTAGATATCTGGAAGAATACCAGTTGCGAAGGCGGCCTTCTGGCCCAATACTGACGCTGATGCTCGAAAGCTAGGGGAGCGAACAGG,14222,Bacteria,Fibrobacterota,Fibrobacteria,Fibrobacterales,TG3,NA,NA,NA
TACGGAGGGTCCAAGCGTTAATCGGAATTACTGGGCGTAAAGCGTGCGCAGGCGGTTTGTTAAGCGAGATGTGAAAGCCCCGGGCTCAACCTGGGAATTGCATTTCGAACTGGCAAACTAGAGTCTTGTAGAGGGGGGTAGAATTCCAGGTGTAGCGGTGAAATGCGTAGAGATCTGGAGGAATACCGGTGGCGAAGGCGGCCCCCTGGACAAAGACTGACGCTCAGGCACGAAAGCGTGGGGAGCAAACAGG, 8536,Bacteria,Proteobacteria,Gammaproteobacteria,Alteromonadales,Shewanellaceae,Shewanella,Shewanella,NA
TACGTATGTTGCAAGCGTTACTCGGAATCACTGGGCGTAAAGAGTTCGTAGGCGGACTAATAAGTCAGAGGTGAAATTTTGGGGCTCAACCCCGAAACTGCCTTTGAAACTGTTTGTCTTGAGTATGTGAGAGGAAGATGGAATTCCTGGTGTAGCGGTGGAATGCGTAGATATCAGGAAGAACACCGATGGCGAAGGCAATCTTCTGGCACAATACTGACGCTGAGGAACGAAAGCGTGGGGAGCGAACAGG,16041,Bacteria,Fibrobacterota,Chitinivibrionia,Chitinivibrionales,Chitinivibrionaceae,possible genus 03,NA,NA
TACGGAGGGGACTAGCGTTGTTCGGAATTACTGGGCGTAAAGAGCTCGTAGGCTGATAAGCAAGTTAGAGGTGAAATCCTTGGGCTTAACCCGAGAACTGCCTTTAAAACTGCTTGTCTAGAGACCGGAAGAGGTAAGGGGAATACCTAGTGTAGAGGTGAAATTCGTAGATATTAGGTGGAACACCAGTGGCGAAGGCGCCTTACTGGTCCGGTACTGACGCTGAGGAGCGAAAGCGTGGGGAGCAAACAGG, 7437,Bacteria,Proteobacteria,Alphaproteobacteria,Kordiimonadales,NA,NA,NA,NA
TACGGAGGGTGCAAGCGTTGTTCGGAATTACTGGGCGTAAAGAGCGTGTAGGCGGCCAAGTCAGTCAGATGTGAAAGCCCGTGGCTTAACTGCGGAAGTGCATCTGATACTGCTTGGCTTGAGTCTCGGAGAGGGGTGTGGAATTCCCGGTGTAGAGGTGAAATTCGTAGATATCGGGAGGAACACCAGTGGCGAAGGCGACACCCTGGACGATGACTGACGCTGAGACGCGAAAGCGTGGGGAGCAAACAGG,11400,Bacteria,Desulfobacterota,Desulfarculia,Desulfarculales,Desulfarculaceae,Dethiosulfatarculus,NA,NA
TACGGAGGGAGCTAGCGTTGTTCGGAATTACTGGGCGTAAAGCGCACGTAGGCGGCTTTTCAAGTCAGGGGTGAAATCCCGGGGCTCAACCCCGGAACTGCCCTTGAAACTGGATGGCTAGAATACTGGAGAGGTGAGTGGAATTCCGAGTGTAGAGGTGAAATTCGTAGATATTCGGAAGAACACCAGTGGCGAAGGCGACTCACTGGACAGTTATTGACGCTGAGGTGCGAAAGCGTGGGGAGCAAACAGG, 7205,Bacteria,Proteobacteria,Alphaproteobacteria,Sphingomonadales,Sphingomonadaceae,Erythrobacter,Erythrobacter,NA
GACGGAGGATGCAAGTGTTATCCGGAATCACTGGGCGTAAAGCGTCTGTAGGTGGTTTAATAAGTCAACTGTTAAATCTTGAGGCTCAACTTCAAAATCGCAGTCGAAACTATTAGACTAGAGTATAGTAGGGGTAAAGGGAATTTCCAGTGGAGCGGTGAAATGCGTAGAGATTGGAAAGAACACCGATGGCGAAGGCACTTTACTGGGCTATTACTGACACTCAGAGACGAAAGCTAGGGTAGCAAATGGG, 1923,Bacteria,Cyanobacteria,Cyanobacteriia,Chloroplast,NA,NA,NA,NA
AACCAGCACCTCAAGTGGTCAGGATGATTATTGGGCCTAAAGCATCCGTAGCCGGCTCTGTAAGTTTTCGGTTAAATCTGTACGCTTAACGTACAGGCTGCCGGGAATACTGCAGAGCTAGGGAGTGGGAGAGGTAGACGGTACTCGGTAGGAAGGGGTAAAATCCTTTGATCTATTGATGACCACCTGTGGCGAAGGCGGTCTACCAGAACACGTCCGACGGTGAGGGATGAAAGCTGGGGGAGCAAACCGG,   13,Archaea,Crenarchaeota,Nitrososphaeria,Nitrosopumilales,Nitrosopumilaceae,Candidatus Nitrosopumilus,NA,NA
TACATAGGTCACAAGCGTTATCCGGAATTATTGGGCGTAAAGCGTTCGCAGGTTATTTAATAAGTCTAAAGTTAAAAGCTAGAGCTCAACTTTAGTTCGCTTTAGAAACTGTTAAATTAGAGTTATAGAGAGGTCAATGGAACTCCTAGTGTAGCGGTGGAATGCGTAGATATTAGGAAGAACACCAGTGGCGAAGGCGATTGACTGGCTATATACTGACACTCATGAACGAAAGCGTGGGGAGCAAATAGG, 4037,Bacteria,Firmicutes,Bacilli,Mycoplasmatales,Mycoplasmataceae,Mycoplasma,NA,NA
TACGGAGGGGGTTAGCGTTGTTCGGAATTACTGGGCGTAAAGCGCGCGTAGGCGGATTAGTCAGTCAGGGGTGAAATCCCGGGGCTCAACCCCGGAACTGCCTTTGATACTGCTAGTCTTGAGTTCGAGAGAGGTGAGTGGAATTCCGAGTGTAGAGGTGAAATTCGTAGATATTCGGAGGAACACCAGTGGCGAAGGCGGCTCACTGGCTCGATACTGACGCTGAGGTGCGAAAGTGTGGGGAGCAAACAGG, 8423,Bacteria,Proteobacteria,Alphaproteobacteria,Rhodobacterales,Rhodobacteraceae,NA,Lutimaribacter,marinistellae
TACGGAGGGGGCGAGCGTTATTCGGAATTATTGGGCGTAAAGGGCGCGTAGGCGGTCTCTTAAGTCAGTGGTGAAATCCCTCGGCTCAACCGAGGAACTGCCTCTGAAACTGAGAGACTTGAGACCGGGAGAGGGTGGTGGAATTCCCAGTGTAGCGGTGAAATGCGTAGATATTGGGAGGAACACCGGTGGCGAAGGCGGCCACCTGGACCGGTTCTGACGCTGAGGCGCGAAAGTGTGGGGAGCAAACAGG, 7763,Bacteria,Acidobacteriota,Thermoanaerobaculia,Thermoanaerobaculales,Thermoanaerobaculaceae,Subgroup 10,NA,NA
TACGGAGGGTGCGAGCGTTAATCGGAATTACTGGGCGTAAAGCGTACGTAGGTGGTTGTTTAAGTGGGATGTGAAATCCCCGGGCTTAACCTGGGAACTGCATACCAAACTGAACGACTGGAGTCTAGTAGAGGGGTGTGGAATTTCCTGTGTAGCGGTGAAATGCGTAGATATAGGAAGGAACACCAGTGGCGAAGGCGACACCCTGGACTAAGACTGACACTGAGGTACGAAAGCGTGGGGAGCAAACAGG,12465,Bacteria,Proteobacteria,Gammaproteobacteria,Oceanospirillales,NA,NA,NA,NA
TACGGAGGGCGCAAGCGTTACTCGGAATCACTGGGCGTAAAGAGCGTGTAGGCGGGTTAATAAGTCAGAAGTGAAATCCTGTGGCTCAACCATAGAACTGCTTTTGAAACTGTTAACCTAGAATATGGGAGAGGTAGATGGAATTTCTGGTGTAGGGGTAAAATCCGTAGAGATCAGAAGGAATACCGATTGCGAAGGCGATCTACTGGAACATTATTGACGCTGAGACGCGAAAGCGTGGGGAGCAAACAGG, 7379,Bacteria,Campilobacterota,Campylobacteria,Campylobacterales,Arcobacteraceae,Malaciobacter,NA,NA
TACGGGGGGTGCAAGCGTTATTCGGAATTACTGGGCGTAAAGAGCGCGTAGGCGGTCTTTTAAGTCAGGTGTGAAAGCCCGGGGCTCAACCCCGGAAGTGCACTTGAAACTATTAGACTTGAGTATGGGAGAGGGAAGTGGAATTCCTGGTGTAGCGGTGAAATGCGTAGATATCAGGAGGAACATCGGTGGCGAAGGCGACTTCCTGGACCAATACTGACGCTGAGGCGCGAAGGCGTGGGGAGCAAACAGG,13624,Bacteria,Desulfobacterota,Desulfobacteria,Desulfobacterales,Desulfosarcinaceae,Sva0081 sediment group,NA,NA
GACGGAGGATGCAAGTGTTATCCGGAATCACTGGGCGTAAAGCGTCTGTAGGTGGTCAAATAAGTCAACTGTTAAATCTTGAGGCTCAACCTCAAAATCGCAGTCGAAACTATTAGACTAGAGTATAGTAGGGGTAAAGGGAATTTCCAGTGGAGCGGTGAAATGCGTAGAGATTGGAAAGAACACCGATGGCGAAGGCACTTTACTGGGCTATTACTAACACTCAGAGACGAAAGCTAGGGTAGCAAATGGG, 1844,Bacteria,Cyanobacteria,Cyanobacteriia,Chloroplast,NA,NA,NA,NA
TACGGAGGGGGCAAGCGTTGTTCGGAGTCACTGGGCGTAAAGCGCACGTAGGTGGCGTGGTAAGTCTGGAGTTAAAGGCTACGGCTCAACCGTAGTACGGCTTCAGAAACTATCATGCTAGAGTATCAGAGAGGAATGCGGAATTCCCGGTGTAGCGGTGAAATGCGTAGATATCGGGAGGAACACCAGTTGCGAAGGCGGCATTCTGGCTGATTACTGACACTGAGGTGCGAAAGCGTGGGTAGCAAACAGG, 7659,Bacteria,Deferribacterota,Deferribacteres,Deferribacterales,Deferribacteraceae,Denitrovibrio,NA,NA
GACGGAGGATGCAAGTGTTATCCGGAATCACTGGGCGTAAAGCGTCTGTAGGTGGTCCAATAAGTCAACTGTTAAATCTTGAGGCTCAACCTCAAAACCGCAGTCGAAACTATTAGACTAGAGTATAGTAGGGGTAAAGGGAATTTCCAGTGGAGCGGTGAAATGCGTAGAGATTGGAAAGAACACCGATGGCGAAGGCACTTTACTGGGCTATTACTAACACTCAGAGACGAAAGCTAGGGTAGCAAATGGG, 1857,Bacteria,Cyanobacteria,Cyanobacteriia,Chloroplast,NA,NA,NA,NA
TACGGAGGGTGCGAGCGTTGTTCGGAATTACTGGGCGTAAAGGGCGCGTAGGCGGCCTGATAAGTCAGATGTGAAAGTCCACGGCTCAACCGTGGAAGTGCATTTGAAACTGTCAGGCTTGAGTATCGGAGGGGAGTGTGGAATTCCCGGTGTAGAGGTGAAATTCGTAGAGATCGGGAGGAACACCGGTGGCGAAGGCGACACTCTGGACGAATACTGACGCTGAGGCGCGAAAGCGTGGGGAGCAAACAGG,12754,Bacteria,Desulfobacterota,Desulfobulbia,Desulfobulbales,Desulfobulbaceae,NA,NA,NA
TACGGAGGGTGCGAGCGTTAATCGGAATTACTGGGCGTAAAGCGCGCGTAGGTGGTTTGTTAAGTCAGATGTGAAAGCCCCGGGCTCAACCTGGGAACTGCATTTGATACTGGCAGGCTAGAGTATGGTAGAGGGAAGTGGAATTCCGGGTGTAGCGGTGAAATGCGTAGATATCCGGAAGAACACCAGTGGCGAAGGCGGCTTCCTGGACCAATACTGACGCTGAGGTGCGAAAGCGTGGGGAGCAAACAGG,12404,Bacteria,Proteobacteria,Gammaproteobacteria,Chromatiales,Sedimenticolaceae,NA,NA,NA
TACGGAGGGTGCAAGCGTTGTTCGGAATTACTGGGCGTAAAGCGCGCGTAGGCGGCTATATAAGTCAGATGTGAAAGCCCGCGGCTCAACCGTGGAAGTGCATTTGAAACTGTATAGCTTGAGTACTGGAGGGGGTAGTGGAATTCCCGGTGTAGAGGTGAAATTCGTAGATATCGGGAGGAATACCGGTGGCGAAGGCGACTACCTGGCCAGATACTGACGCTGAGGTGCGAAAGCGTGGGGAGCAAACAGG,11441,Bacteria,Desulfobacterota,Desulfobulbia,Desulfobulbales,Desulfocapsaceae,NA,NA,NA
TACGGGGGGTGCTAGCGTTAATCGGAATTACTGGGCGTAAAGAGTTTGTAGGCGGTTTGATAAGTCAGATGTGAAAGACCTAAGCTCAACTTAGGAAGTGCATATGATACTATCTAACTAGAGTTTAACAGAGGATTAAGGAATTTTCGGTGTAGCGGTGAAATGCGTAGATATCGAAAGGAACATCAATGGCGAAGGCAATAATCTGGGATTAGACTGACGCTGAGAAACGAAAGCTTGGGTAGCAAACAGG,13763,Bacteria,Proteobacteria,Gammaproteobacteria,NA,NA,NA,NA,NA
ACGTGTCAGCCGCGGTAATACGTAGGGGGCGAACGTTGTTCGGAATCACTGGGCGTAAAGGGTGCGCAGGCTGCTCATCAAGTCAGTTGTGAAATTTCGTGGCTCAACCACGAAGCTGCTGCTGATACTGTTGGGCTAGAGTCATAGATAGAGGTAGCGGGAATTCCTGGTGTAGGAGTGAAATCTGTAGATATCAGGAGGAACACCAAGGGTGAAGACAAGCTACTGGGTAATGACTGACGCTGAGGCACGAAAGCTAGGGGAGCAAATGGG,  389,Bacteria,Spirochaetota,Spirochaetia,Spirochaetales,Spirochaetaceae,NA,NA,NA
TACTCGCGGTCCAAGTCGCAGCCATTTTTATTGGGTCTAAAACATCCGTAGCTTGCTTCTTAAGTTCCTTGTGAAATTCTATATCTCAAATATAGAGCGGGCAAGGAGTACTGGGAAGCTAGAGACCGGAAGACGTAACGAGTACGTTCAAAGTAGTGGTAAAATATGTTAATCTTGGACGGACTAACAACAGCGAAGGCACGTTACGAGGACGGTTCTGACAGTAAGGGATGAAGGCTAGGGGCGCAAAACGG,16102,Archaea,Nanoarchaeota,Nanoarchaeia,Woesearchaeales,SCGC AAA011-D5,NA,NA,NA
TACGTAGGTCTCAAGCGTTATCCGGAATTATTGGGCGTAAAGGGTCCGTAGACGGTTTATTAAGTCTGATGTGAAAGCCACCGGCTCAACCGGTGAAACGCATTAGATACTGGTAAACTAGAGTATGTTAGAGGATAGTGGAATTCCATGTGTAGCGGTGAAATGCGTAGATATATGGAGGAACACCAGTGGCGAAGGCGGCTATCTGGGACATTACTGACGTTGAGGGACGAAAGCGTGGGGAGCGAACAGG,15464,Bacteria,Firmicutes,Bacilli,Mycoplasmatales,Mycoplasmataceae,NA,NA,NA
TACGTAGGGTGCAAGCGTTAATCGGAATTACTGGGCGTAAAGCGTGCGCAGGCGGTTCGGAAAGAAGGATGTGAAATCCCAGGGCTTAACCTTGGAACTGCATTTTTAACTACCGAGCTAGAGTGTGTCAGAGGGAGGTGGAATTCCGCGTGTAGCAGTGAAATGCGTAGAGATGCGGAGGAACACCGATGGCGAAGGCAGCCTCCTGGGATAACACTGACGCTCAGGCACGAAAGCGTGGGGAGCAAACAGG,14884,Bacteria,Proteobacteria,Gammaproteobacteria,Burkholderiales,Alcaligenaceae,NA,NA,NA
TACGAAGGGAACTAGCGTTGTTCGGATTTACTGGGCGTAAAGAGCATGTAGGCGGATTGGACAGTTGAGGGTGAAATCCCAGAGCTCAACTCTGGAACTGCCTTCAATACTTCCAGTCTAGAGTCCGTAAGGGGGTGGTGGAATTCCGAGTGTAGAGGTGAAATTCGTAGATATTCGGAGGAACACCAGTGGCGAAGGCGACCACCTGGTACGGTACTGACGCTGAGATGCGAAAGCGTGGGGAGCAAACAGG, 4485,Bacteria,Proteobacteria,Alphaproteobacteria,Rhodospirillales,Terasakiellaceae,Terasakiella,NA,NA
TACGGAGGGTGCAAGCGTTAATCGGAATTACTGGGCGTAAAGGGTACGTAGGCGGTTGTATAAGTTGGATGTGAAAGCCCCGGGCTTAACCTGGGAACTGCATTCAAAACTGTACGGCTAGAGTGTATAAGAGGTTAGCGGAATTCCAGGTGTAGCAGTGAAATGCGTAGATATCTGGAGGAACATCAGTGGCGAAGGCGGCTAACTGGTATAACACTGACGCTGAGGTACGAAAGCGTGGGTAGCGAACGGG,10012,Bacteria,Proteobacteria,Gammaproteobacteria,Gammaproteobacteria Incertae Sedis,Unknown Family,Marinicella,NA,NA
TACGGAGGGGGCAAGCGTTGTTCGGAGTCACTGGGCGTAAAGAGCTCGTAGGTGGCATGGTAAGTCTGGAGTTAAAGGCATCAGCTCAACTGGTGTAAGGCTTCCGAAACTATCATGCTAGAGTGCCAGAGAGGTATGCGGAATTCCCTGTGTAGCGGTGAAATGCGTAGATATAGGGAGGAACACCAGTTGCGAAGGCGGCATACTGGCTGGTAACTGACACTGAGGAGCGAAAGCGTGGGTAGCAAACAGG, 7651,Bacteria,Deferribacterota,Deferribacteres,Deferribacterales,Deferribacteraceae,Geovibrio,NA,NA
TACGGAGGGAGCTAGCGTTGTTCGGAATTACTGGGCGTAAAGCGCGCGTAGGCGGCTTTTCAAGTCAGGGGTGAAATCCCGGAGCTCAACTCCGGAACTGCCCTTGAAACTGGATGGCTAGAATACTGGAGAGGTGAGTGGAATTCCGAGTGTAGAGGTGAAATTCGTAGATATTCGGAAGAACACCAGTGGCGAAGGCGACTCACTGGACAGTTATTGACGCTGAGGTGCGAAAGCGTGGGGAGCAAACAGG, 7302,Bacteria,Proteobacteria,Alphaproteobacteria,Sphingomonadales,Sphingomonadaceae,Erythrobacter,NA,NA
TACGGAGGGTGCGAGCGTTAATCGGAATTACTGGGCGTAAAGCGCATGCAGGTGGTTTGTTAAGTCAGATGTGAAAGCCCTGGGCTCAACCCGGGAAGGTCATTTGAAACTGGCAAGCTAGAGTACTGTAGAGGGGGGTAGAATTTCAGGTGTAGCGGTGAAATGCGTAGAGATCTGAAGGAATACCGGTGGCGAAGGCGGCCCCCTGGACAGATACTGACACTCAGATGCGAAAGCGTGGGGAGCAAACAGG,12183,Bacteria,Proteobacteria,Gammaproteobacteria,Vibrionales,Vibrionaceae,Vibrio,NA,NA
TACGGAGGGTGCAAGCGTTAATCGGAATTACTGGGCGTAAAGCGCGCGTAGGCGGTTTGTTAAGCTGGATGTGAAAGCCCCGGGCTCAACCTGGGAACTGCATTCAGAACTGGCAGGCTAGAGTATTGGAGAGGTGAGTGGAATTTCCCGTGTAGCAGTGAAATGCGTAGATATGGGAAGGAACACCAGTGGCGAAGGCGACTCACTGGCCAAATACTGACGCTGAGGTGCGAAAGCGTGGGGAGCAAACGGG, 9678,Bacteria,Proteobacteria,Gammaproteobacteria,Cellvibrionales,Cellvibrionaceae,Umboniibacter,Umboniibacter,caenipelagi
TACGGAGGGTGCAAGCGTTGTTCGGAATTACTGGGCGTAAAGCGCGTGTAGGCGGCCCGATCAGTCGGATGTGAAATCCCTCGGCTCAACTGAGGAACTGCATCCGATACTGCCGGGCTTGAGTCTTGGAGGGGGAAGTGGAATTCCCGGTGTAGAGGTGAAATTCGTAGATATCGGGAGGAACACCAGTGGCGAAGGCGACTTCCTGGACAAAGACTGACGCTGAGACGCGAAAGCGTGGGGAGCAAACAGG,11559,Bacteria,Desulfobacterota,Desulfarculia,Desulfarculales,Desulfarculaceae,NA,NA,NA
TACGAAGGGGGCAAGCGTTGTTCGGAATTACTGGGCGTAAAGAGTACGTAGGCGGTTAGATTAGTTAGGTGTGAAATCCCGGAGCTCAACTTCGGAGTTGCACTTAATACTGTTTAACTAGAATTCAAGAGGGGAGAGTGGAATTTCCAGTGTAGGGGTGATATCCGTAGATATTGGAAGGAACATCAGAGGCGAAGGCGACTCTCTGGCTTGATATTGACGCTGAGGTACGAAAGCGTGGGTAGCAAACAGG, 4657,Bacteria,Proteobacteria,Alphaproteobacteria,NA,NA,NA,NA,NA
TACGGAGGGGGCTAGCGTTGTTCGGAATTACTGGGCGTAAAGGGCGTGTAGGCGGCGAATTTAGTTAGGCGTGAAAGCCCCGGGCTCAACCTGGGAACTGCGCTTAATACTGATTTGCTAGAGTCCGGGAGAGGCTAGTGGAATATCCAGTGTAGAGGTGAAATTCGTAGATATTGGATGGAACACCGATGGCGAAGGCAGCTAGCTGGACCGGTACTGACGCTGAGGCGCGAAAGCGTGGGGAGCAAACAGG, 8200,Bacteria,Proteobacteria,Alphaproteobacteria,Puniceispirillales,NA,NA,NA,NA
GACGTAGGGGGCGAGCGTTGTCCGGATTTATTGGGCGTAAAGGGCTCGTAGGTGGTTGCGTAAGTCGGATGTGAAAACTCAGGGCTTAACTCTGAGACGCCATCCGATACTGCGCTGACTTGAGTCCGGTAGAGGAGTGTGGAATTCCTAGTGTAGCGGTGAAATGCGCAGATATTAGGAGGAACACCTATTGCGAAGGCAGCACTCTGGGCCGGTACTGACACTGAGGAGCGAAAGCGTGGGTAGCAAACAGG, 2378,Bacteria,Actinobacteriota,Acidimicrobiia,Microtrichales,Microtrichaceae,NA,NA,NA
GACGGAGGATGCAAGTGTTATCCGGAATCACTGGGCGTAAAGCGTCTGTAGGTGGTTAAATAAGTCAACTGTTAAATCTTGAGGCTCAACCTCGAAATCGCAGTCGAAACTATTTGACTAGAGTATAGTAGGGGTAAAGGGAATTTCCAGTGGAGCGGTGAAATGCGTAGAGATTGGAAAGAACACCGATGGCGAAGGCACTTTACTGGGCTATTACTGACACTCAGAGACGAAAGCTAGGGTAGCAAATGGG, 1867,Bacteria,Cyanobacteria,Cyanobacteriia,Chloroplast,NA,NA,NA,NA
TACGGAGGGTGCGAGCGTTAATCGGAATTACTGGGCGTAAAGCGCACGTAGGCGGTTGTGTGAGTCTGCTGTGAAAGCCCCGGGCTCAACCTGGGAATAGCAGTGGGGACTGCACGACTCGAGTGCGAGAGAGGGTGGCGGAATTCCGGGTGTAGCGGTGAAATGCGTAGAGATCCGGAGGAACACCGATGGCGAAGGCAGCCACCTGGCTCGACACTGACGCTGAGGAGCGAAAGCGTGGGGAGCAAACAGG,12064,Bacteria,Proteobacteria,Gammaproteobacteria,NA,NA,NA,NA,NA
TACGTAGGAGGCAAGCGTTGTTCGGATTTATTGGGCGTAAAGGGCACGCAGGCGGTTATGCAAGTGTGGATTTAAATTGTTGAGCTCAACTCAATAATGGTCTGCAAACTACATGACTAGAGTGTCGAAGAGGAGACTGGAATTCCACGTGTAGGGGTGAAATCTGTAGATATGTGGAAGAATACCTATGGCGAAGGCAAGTCTCTGGTCGATAACTGACGCTGAGGTGCGAAAGTGTGGGGAGCGAACAGG,14026,Bacteria,Spirochaetota,Spirochaetia,Spirochaetales,Spirochaetaceae,GWE2-31-10,NA,NA
TACGGAGGGTGCAAGCGTTAATCGGAATTACTGGGCGTAAAGCGCGCGTAGGTGGTTCAGTCAGTCAGATGTGAAAGCCCCGGGCTCAACCTGGGAACTGCACCTGATACTGCTGAACTAGAGTACGGTAGAGGGTAGTGGAATTTCCTGTGTAGCGGTGAAATGCGTAGATATAGGAAGGAACACCAGTGGCGAAGGCGACTGCCTGGACTGATACTGACACTGAGGTGCGAAAGCGTGGGGAGCAAACAGG, 9795,Bacteria,Proteobacteria,Gammaproteobacteria,Oceanospirillales,Nitrincolaceae,Marinobacterium,NA,NA
TACGGAGGATCCAAGCGTTATCCGGAATCATTGGGTTTAAAGGGTCCGTAGGCGGCAATGTAAGTCAGTGGTGAAAGTTTTCGGCTCAACCGGAAAATTGCCATTGATACTGTATTGCTTGAATTATTGTGAAGTGGTTAGAATATGTAGTGTAGCGGTGAAATGCATAGATATTACATAGAATACCGATTGCGAAGGCAGATCACTAACAATTAATTGACGCTAAGGGACGAAAGCGTGGGTAGCGAACAGG, 6420,Bacteria,Bacteroidota,Bacteroidia,Flavobacteriales,Flavobacteriaceae,Aquimarina,NA,NA
TACGGAGGGTCCGAGCGTTATCCGGATTTATTGGGTTTAAAGGGTGCGTAGGCGGGATATCAAGTCAGCGGTGAAATCTTCTAGCTCAACTAGAAAACTGCCGTTGAAACTGATATTCTTGAGTGTAAACGAGGTAAGCGGAATGTGTCATGTAGCGGTGAAATGCTTAGAGATGACACAGAACACCAATTGCGAAGGCAGCTTACTAGGATACAACTGACGCTGAGGCACGAAAGCGTGGGTATCGAACAGG, 8765,Bacteria,Bacteroidota,Bacteroidia,Bacteroidales,Paludibacteraceae,NA,NA,NA
TACGGAGGGGGCTAGCGTTGTTCGGAATTACTGGGCGTAAAGCGCACGTAGGCGGACTGGAAAGTTGGGGGTGAAATCCCGGGGCTCAACCTCGGAACTGCCTCCAAAACTATCAGTCTGGAGTTCGAGAGAGGTGAGTGGAATACCGAGTGTAGAGGTGAAATTCGTAGATATTCGGTGGAACACCAGTGGCGAAGGCGGCTCACTGGCTCGATACTGACGCTGAGGTGCGAAAGCGTGGGGAGCAAACAGG, 7949,Bacteria,Proteobacteria,Alphaproteobacteria,Rhodobacterales,Rhodobacteraceae,Paracoccus,Paracoccus,NA
TACGGAGGGGGTTAGCGTTGTTCGGAATTACTGGGCGTAAAGCGTACGTAGGCGGATTAGAAAGTTAGGGGTGAAATCCCAGGGCTCAACCCTGGAACTGCCTCTAAAACTACTAGTCTAGAGTTCGAGAGAGGTGAGTGGAACTCCGAGTGTAGAGGTGAAATTCGTAGATATTCGGAAGAACACCAGTGGCGAAGGCGGCTCACTGGCTCGATACTGACGCTGAGGTACGAAAGTGTGGGGAGCAAACAGG, 8474,Bacteria,Proteobacteria,Alphaproteobacteria,Rhodobacterales,Rhodobacteraceae,Roseovarius,Roseovarius,aestuarii
TACGGAGGGTGCGAGCGTTAATCGGAATTACTGGGCGTAAAGCGTGCGTAGGCGGATTGTTAAGCAAGATGTGAAAGCCCCGGGCTCAACCTGGGAACTGCATTTTGAACTGGCTATCTAGAGTATTGTAGAGGGTGGTGGAATTTCCAGTGTAGCGGTGAAATGCGTAGAGATTGGAAGGAACATCAGTGGCGAAGGCGGCCGCCTGGACAAATACTGACGCTGAGGCACGAAAGCGTGGGGAGCAAACAGG,12481,Bacteria,Proteobacteria,Gammaproteobacteria,Alteromonadales,Colwelliaceae,Thalassotalea,NA,NA
TACGGAGGGTGCAAGCGTTAATCGGAATTACTGGGCGTAAAGCGTGCGCAGGCGGTCTGTTAAGCGAGATGTGAAAGCCCCGGGCTCAACCTGGGAACTGCATTTCGAACTGGCAGACTAGAGTCTTGTAGAGGGGGGTAGAATTCCAGGTGTAGCGGTGAAATGCGTAGAGATCTGGAGGAATACCGGTGGCGAAGGCGGCCCCCTGGACAAAGACTGACGCTCAGGCACGAAAGCGTGGGGAGCAAACAGG, 9897,Bacteria,Proteobacteria,Gammaproteobacteria,Alteromonadales,Shewanellaceae,Shewanella,Shewanella,NA
TACGGAGGGTCCGAGCGTTAATCGGAATTACTGGGCGTAAAGCGCGCGTAGGCGGCTAAGTCAGTCAGATGTGAAAGCCCCGGGCTTAACCTGGGAATTGCACCTGATACTGCTTAGCTAGAGTACAGAAGAGGGTGGTGGAATTTCCTGTGTAGCGGTGAAATGCGTAGATATAGGAAGGAACATCAGTGGCGAAGGCGGCCACCTGGACTGATACTGACGCTGAGGTGCGAAAGCGTGGGGAGCAAACAGG, 8668,Bacteria,Proteobacteria,Gammaproteobacteria,Oceanospirillales,Nitrincolaceae,Neptunomonas,NA,NA
TACGGAGGATCCGAGCGTTATCCGGATTTATTGGGTTTAAAGGGTGCGTAGGCGGCTCATTAAGTCAGGGGTGAAAGACGGCAGCTCAACTGTCGCAGTGCCTTTGATACTGATGAGCTTGAATGTGGTTGAAGATGGCGGAATGAGACAAGTAGCGGTGAAATGCATAGATATGTCTCAGAACTCCGATTGCGAAGGCAGCTGTCTAAGTCATTATTGACGCTGATGCACGAAAGCGTGGGGATCGAACAGG, 6680,Bacteria,Bacteroidota,Bacteroidia,Sphingobacteriales,Sphingobacteriaceae,Sphingobacterium,Sphingobacterium,alimentarium
TACGGAGGGTGCAAGCGTTATCCGGAATCATTGGGTTTAAAGGGTCCGTAGGCGGGCGATTAAGTCAGAGGTGAAATCCCACAGCTTAACTGTGGAACTGCCTTTGATACTGGTTGTCTTGAGTTATAGTGAAGTAGATAGAATATGTAGTGTAGCGGTGAAATGCATAGATATTACATAGAATACCGATTGCGAAGGCAGTCTACTAACTGTATACTGACGCTAATGGACGAAAGCGTGGGGAGCGAACAGG,10512,Bacteria,Bacteroidota,Bacteroidia,Flavobacteriales,Flavobacteriaceae,Actibacter,NA,NA
TACGGAGGATCCAAGCGTTATCCGGAATCATTGGGTTTAAAGGGTCCGTAGGCGGTTTTTTAAGTCAGAGGTGAAATCCTGCAGCTCAACTGTAGCATTGCCTTTGATACTGAAAGACTTGAGTTATTGTGAAGTAGTTAGAATGTGTAGTGTAGCGGTGAAATGCATAGATATTACACAGAATACCGATTGCGAAAGCAGATTACTAATAATATACTGACGCTCAGGGACGAAAGCGTGGGTAGCGAACAGG, 6484,Bacteria,Bacteroidota,Bacteroidia,Flavobacteriales,Flavobacteriaceae,NS5 marine group,NA,NA
TACGGAGGGTCCGAGCGTTAATCGGAATTACTGGGCGTAAAGCGCGCGTAGGCGGTTTGATAAGCGAGATGTGAAAGCCCAGGGCTCAACCTTGGAACTGCATTTCGAACTGTCAGGCTAGAATACAGCAGAGGATAGTGGAATTTCAGGTGTAGCGGTGAAATGCGTAGAGATCTGAAGGAACATCAGTGGCGAAGGCGACTGTCTGGGCTGATATTGACGCTGAGGTGCGAAAGCGTGGGGAGCAAACGGG, 8682,Bacteria,Proteobacteria,Gammaproteobacteria,Cellvibrionales,Cellvibrionaceae,NA,NA,NA
TACGAGGGGGGCAAGCGTTATTCGGAATTATTGGGCGTAAAGGGCTCGTAGGCGGCATGGTCAGTGGAAAGTGAAAGCCCTCGGCTCAACCGAGGAATAGCTTCCCATACTGCCAAGCTAGAGGACAGGAGAGGAGAGTGGAATACCCGGTGTAGCGGTGAAATGCGTAGAGATCGGGTGGAACACCAGTGGCGAAGGCGACTCTCTGGACTGTTTCTGACGCTAAGGAGCGAAAGTGTGGGTAGCAAACAGG, 5971,Bacteria,Acidobacteriota,Holophagae,Acanthopleuribacterales,Acanthopleuribacteraceae,Acanthopleuribacter,NA,NA
TACGGAGGGTGCAAGCGTTACTCGGAATCACTGGGCGTAAAGAGCGTGTAGGCGGGTTAATAAGTCAGATGTGAAAGCCAATGGCTCAACCATTGAACTGCATTTGAAACTGTTGACCTAGAATATGGGAGAGGTAGATGGAATTTCTGGTGTAGGGGTAAAATCCGTAGAGATCAGAAGGAATACCGATTGCGAAGGCGATCTACTGGAACATTATTGACGCTGAGACGCGAAAGCGTGGGGAGCAAACAGG,10132,Bacteria,Campilobacterota,Campylobacteria,Campylobacterales,Arcobacteraceae,Halarcobacter,NA,NA
TACGGAGGGGGCTAGCGTTGTTCGGAATTACTGGGCGTAAAGCGCGCGTAGGCGGATTGTTAAGTCGGGGGTGAAATCCCGGGGCTCAACCCCGGAACTGCCCTCGATACTGGCAGTCTTGAGTTCGAGAGAGGTGAGTGGAATTCCGAGTGTAGAGGTGAAATTCGTAGATATTCGGAGGAACACCAGTGGCGAAGGCGGCTCACTGGCTCGATACTGACGCTGAGGTGCGAAAGCGTGGGGAGCAAACAGG, 8080,Bacteria,Proteobacteria,Alphaproteobacteria,Rhodobacterales,Rhodobacteraceae,NA,NA,NA
TACGAAGGGACCTAGCGTAATTCGGAATTACTGGGCGTAAAGCGCGCGTAGGCGGTTAAGTAAGTTAATTGTGAAAGCCCAAAGCTCAACTTTGGAATTGCAATTAAAACTACTTAGCTAGAGTTTATCAGAGGAAAGCGGAATACATAGTGTAGAGGTGAAATTCGTAGATATTATGTAGAACACCAGTTGCGAAGGCGGCTTTCTGGGATAACACTGACGCTGAGGTGCGAAAGTATGGGTAGCGAAGAGG, 4503,Bacteria,Proteobacteria,Alphaproteobacteria,SAR11 clade,Clade III,NA,NA,NA
TACGTAGGGGGCAAGCGTTATCCGGAATCACTGGGCGTAAAGGGTGCGTAGGCGGTTTTACAAGTCAGGAGTGAAAGGCTATGGCTCAACCATAGTAAGCTCTTGAAACTGTATAACTTGAGTGCAGGAGAGGAAAGTGGAATTCCTAGTGTAGCGGTGAAATGCGTAGATATTAGGAGGAACACCAGTGGCGAAGGCGACTTTCTGGACTGTAACTGACGCTGAGGCACGAAAGCGTGGGGAGCGAACAGG,14334,Bacteria,Firmicutes,Clostridia,Peptostreptococcales-Tissierellales,Fusibacteraceae,Fusibacter,NA,NA
GACGGAGGTGGCAAACGTTGCTCGGAATCACTGGGCTTAAAGGGCGTGTAGGCGGCCGATCAAGTCGGATGTGAAATCTCTCGGCTCAACCGAGAAACTGCATTCGATACTGGTCAGCTAGAGTGCGAGAGGGGTGAGTGGAACTCCAGGTGTAGCGGTGAAATGCGTAGATATCTGGAGGAACGCCGGTGGCGAAAGCGACTCACTGGCTCGCAACTGACGCTGAGGCGCGAAAGCTAGGGGAGCGAACGGG, 2289,Bacteria,Planctomycetota,vadinHA49,NA,NA,NA,NA,NA
TACGGAGGGTCCAAGCGTTATCCGGATTTATTGGGTTTAAAGGGTGCGCAGGCGGACCTATTAGTCAGTGGTGAAATCCCGGGGCTCAACTCCGGAACTGCCATTGATACTGTAGGTCTTGAGTTTGGTTGAAGTGGGCGGAATGTAGCATGTAGCGGTGAAATGCATAGATATGCTACAGAACACCGATCGCGAAGGCAGCTCACTAAACCAATACTGACGCTCAGGCACGAAAGCGTGGGTAGCGAACAGG, 8614,Bacteria,Bacteroidota,Bacteroidia,Bacteroidetes VC2.1 Bac22,NA,NA,NA,NA
TACGGAGGGGGTTAGCGTTGTTCGGAATTACTGGGCGTAAAGCGCGCGTAGGCGGATTGGAAAGTTGGGGGTGAAATCCCGGGGCTCAACCCCGGAACGGCCTCCAAAACTCCCAGTCTTGAGTTCGAGAGAGGTGAGTGGAATTCCGAGTGTAGAGGTGAAATTCGTAGATATTCGGAGGAACACCAGTGGCGAAGGCGGCTCACTGGCTCGATACTGACGCTGAGGTGCGAAAGTGTGGGGAGCAAACAGG, 8442,Bacteria,Proteobacteria,Alphaproteobacteria,Rhodobacterales,Rhodobacteraceae,Aestuariicoccus,Leisingera,daeponensis
TACGGAGGGGGTTAGCGTTGTTCGGAATTACTGGGCGTAAAGCGCGCGTAGGCGGACTATTAAGTCAGGGGTGAAATCCCGGGGCTCAACCCCGGAACTGCCTTTGATACTGGTAGTCTAGAGTTCGAGAGAGGTGAGTGGAACTCCGAGTGTAGAGGTGAAATTCGTAGATATTCGGAAGAACACCAGTGGCGAAGGCGGCTCACTGGCTCGATACTGACGCTGAGGTGCGAAAGTGTGGGGAGCAAACAGG, 8364,Bacteria,Proteobacteria,Alphaproteobacteria,Rhodobacterales,Rhodobacteraceae,WDS1C4,NA,NA
TACGGAGGGTGCAAGCGTTAATCGGAATTACTGGGCGTAAAGCGCGCGTAGGTTGTTTGTTAAGCGAGATGTGAAAGCCCCGGGCTTAACCTGGGAACTGCATTTCGAACTGGCAGACTAGAGTACGGTAGAGGGTAGTGGAATTTCAGGTGTAGCGGTGAAATGCGTAGAGATCTGAAGGAACATCAGTGGCGAAGGCGACTACCTGGACTGATACTGACACTGAGGTGCGAAAGCGTGGGGAGCAAACAGG, 9846,Bacteria,Proteobacteria,Gammaproteobacteria,Oceanospirillales,Saccharospirillaceae,Thalassolituus,NA,NA
TACGTAGGGGCCAAACGTTGTCCGGATTTATTGGGCGTAAAGGGCTCGTAGGCGGTTCAACAAGTCGGTCGTGAAAACCCGGGGCTCAACCCCGGGACGCCGGTCGAAACTGTTGTGACTAGGGTCCGGTAGAGGTGAGTGGAATTCTCGGTGTAGCGGTGGAATGCGCAGATATCGAGAGGAACACCAGTAGCGAAGGCGGCTCACTGGGCCGGTACCGACGCTGAGGAGCGAAAGCATGGGGAGCAAACAGG,14267,Bacteria,Actinobacteriota,Acidimicrobiia,Actinomarinales,NA,NA,NA,NA
GACGGAGGATGCAAGTGTTATCCGGAATCACTGGGCGTAAAGCGTCTGTAGGTGGTTTAATAAGTCAACTGTTAAATCTTGAGGCCCAACCTCAAAATCGCAGTCGAAACTATTAGACTAGAGTATAGTAGGGGTAAAGGGAATTTCCAGTGGAGCGGTGAAATGCGTAGAGATTGGAAAGAACACCGATGGCGAAGGCACTTTACTGGGCTATTACTAACACTCAGAGACGAAAGCTAGGGTAGCAAATGGG, 1890,Bacteria,Cyanobacteria,Cyanobacteriia,Chloroplast,NA,NA,NA,NA
TACGGAGGGTGCGAGCGTTAATCGGAATTACTGGGCGTAAAGCGCATGCAGGTGGTTTGTTAAGTCAGATGTGAAAGCCCGGGGCTCAACCTCGGAATTGCATTTGAAACTGGCAGGCTAGAGTACTGTAGAGGGGGGTAGAATTTCAGGTGTAGCGGTGAAATGCGTAGAGATCTGAAGGAATACCAGTGGCGAAGGCGGCCCCCTGGACAGATACTGACACTCAGATGCGAAAGCGTGGGGAGCAAACAGG,12179,Bacteria,Proteobacteria,Gammaproteobacteria,Vibrionales,Vibrionaceae,Vibrio,NA,NA
GACGGAGGATGCAAGTGTTATCCGGAATCACTGGGCGTAAAGCGTCTGTAGGTGGTTTAATAAGTCAACTGTTAAATCTTGAAGCTCAACTTCGAAATCGCAGTCGAAACTATTAGACTAGAGTATAGTAGGGGTAAAGGGAATTTCCAGTGGAGCGGTGAAATGCGTAGAGATTGGAAAGAACACCGATGGCGAAGGCACTTTACTGGGCTATTACTAACACTCAGAGACGAAAGCTAGGGTAGCAAATGGG, 1887,Bacteria,Cyanobacteria,Cyanobacteriia,Chloroplast,NA,NA,NA,NA
TACGGAGGGTGCAAGCGTTAATCGGAATTACTGGGCGTAAAGCGCGCGTAGGCGGTTTGTTAAGTCGGATGTGAAAGCCCTGGGCTCAACCTGGGAACTGCATTCGATACTGGCCGACTAGAGTACGAGAGAGGGAGGTAGAATTCCACGTGTAGCGGTGAAATGCGTAGATATGTGGAGGAATACCGGTGGCGAAGGCGGCCTCCTGGCTCGATACTGACGCTGAGGTGCGAAAGCGTGGGGAGCAAACAGG, 9716,Bacteria,Proteobacteria,Gammaproteobacteria,Cellvibrionales,Halieaceae,Halioglobus,NA,NA
TACGGAGGGTGCGAGCGTTAATCGGAATTACTGGGCGTAAAGCGTACGCAGGCGGTTGGTTAAGCGAGATGTGAAATCCCCGGGCTCAACCTGGGAACTGCATTTCGAACTGGCCAACTAGAGTATGAGAGAGGGTGGTAGAATTTCAGGTGTAGCGGTGAAATGCGTAGAGATCTGAAGGAATACCGATGGCGAAGGCAGCCACCTGGTTCAATACTGACGCTCATGTACGAAAGCGTGGGGAGCAAACAGG,12430,Bacteria,Proteobacteria,Gammaproteobacteria,Alteromonadales,Pseudoalteromonadaceae,NA,NA,NA
TACGGAAGGTCCAAGCGTTAATCGGAATTACTGGGCGTAAAGCGCACGTAGGTGGCTTGGTAAGTCGGATGTGAAAGCCCCGGGCTCAACCTGGGAACTGCATTCGATACTGCTGAGCTAGAGTACGGGAGAGGAAGGTGGAATTCCAGGTGTAGCGGTGAAATGCGTAGAGATCTGGAGGAACATCGGTGGCGAAGGCGGCCTTCTGGCCTGATACTGACACTGAGGTGCGAAAGCGTGGGGAGCAAACAGG, 6214,Bacteria,Proteobacteria,Gammaproteobacteria,NA,NA,NA,NA,NA
TACGGAGGGGACTAGCGTTGTTCGGAATTACTGGGCGTAAAGCGCGCGTAGGCGGACTATTAAGTCAGGGGTGAAATCCCGGGGCTCAACCCCGGAACTGCCTTTGATACTGGTAGTCTTGAGTTCGAGAGAGGTGAGTGGAATTCCGAGTGTAGAGGTGAAATTCGTAGATATTCGGAGGAACACCAGTGGCGAAGGCGGCTCACTGGCTCGATACTGACGCTGAGGTGCGAAAGCGTGGGGAGCAAACAGG, 7466,Bacteria,Proteobacteria,Alphaproteobacteria,Rhodobacterales,Rhodobacteraceae,Actibacterium,NA,NA
TACGAAGGGGGCTAGCGTTGTTCGGATTTACTGGGCGTAAAGCGCACGTAGGCGGATCGTTAAGTGAGGGGTGAAATCCCAGGGCTCAACCCTGGAACTGCCTCTCATACTGGCGATCTGGAGTTCGAGAGAGGTGAGTGGAATTCCGAGTGTAGAGGTGAAATTCGTAGATATTCGGAGGAACACCAGTGGCGAAGGCGGCTCACTGGCTCGATACTGACGCTGAGGTGCGAAAGCGTGGGGAGCAAACAGG, 5066,Bacteria,Proteobacteria,Alphaproteobacteria,Rhizobiales,Rhizobiaceae,Hoeflea,NA,NA
TACGGAGGGTGCGAGCGTTAATCGGAATTACTGGGCGTAAAGGGTTCGTAGGCGGTTATATAAGTCAGATGTGAAAGACCCGGGCTTAACCTTGGAATGGCATTTGAAACTGTGTAACTAGAGTAAGGTAGAGGAGTGGGGAATTTCCGGTGTAGCGGTGAAATGCGTAGAGATCGGAAGGAACACCAGTGGCGAAGGCGACACTCTGGGCCATTACTGACGCTGAGGGACGAAAGCGTGGGGATCAAACAGG,12598,Bacteria,Proteobacteria,Gammaproteobacteria,Francisellales,Francisellaceae,NA,NA,NA
TACAGAGGGTGCGAGCGTTAATCGGAATTACTGGGCGTAAAGCGCGCGTAGGCGGTTTGTTAAGTCGGATGTGAAAGCCCCGGGCTCAACCTGGGAACTGCATTCGATACTGGCAGGCTAGAGTATGGTAGAGGGAAGTGGAATTCCGGGTGTAGCGGTGAAATGCGTAGATATCCGGAGGAACATCAGTGGCGAAGGCGGCTTCCTGGACCAATACTGACGCTGAGGTGCGAAAGCGTGGGGAGCAAACAGG, 3337,Bacteria,Proteobacteria,Gammaproteobacteria,Ectothiorhodospirales,Ectothiorhodospiraceae,Thiogranum,NA,NA
TACGGAGGGAGCGAGCGTTAATCGGAATTACTGGGCGTAAAGCGCGCGTAGGCGGCTTTGTAAGTCGGATGTGAAAGCCCAGGGCTTAACCCTGGAATTGCATTCGATACTGCATAGCTAGAGTATGGTAGAGGGAAGTGGAATTTCCGGTGTAGCGGTGAAATGCGTAGATATCGGAAGGAACACCAGTGGCGAAGGCGACTTCCTGGGCCAATACTGACGCTGAGGTGCGAAAGCGTGGGGAGCAAACAGG, 7119,Bacteria,Proteobacteria,Gammaproteobacteria,Steroidobacterales,Woeseiaceae,Woeseia,NA,NA
TACGGAGGGGGCTAGCGTTGTTCGGAATTACTGGGCGTAAAGCGCGCGTAGGCGGGCTGTTAAGTCGGGGGTGAAATCCCGGGGCTCAACCCCGGAACTGCCTCCGATACTGGCAGCCTAGAGATCGAGAGAGGCGAGTGGAATTGCGAGTGTAGAGGTGAAATTCGTAGATATTCGCAGGAACACCAGTGGCGAAGGCGGCTCGCTGGCTCGATACTGACGCTGAGGCGCGAAAGCGTGGGGAGCAAACAGG, 8137,Bacteria,Proteobacteria,Alphaproteobacteria,Rhodobacterales,Rhodobacteraceae,Limibaculum,NA,NA
TACGGAGGGTGCAAGCGTTAATCGGAATTACTGGGCGTAAAGCGCGCGTAGGTGGTTTAGTCAGTCAGATGTGAAAGCCCCGGGCTCAACCTGGGAACTGCACCTGATACTGCTAAACTAGAGTACGGTAGAGGGCAGTGGAATTTCCTGTGTAGCGGTGAAATGCGTAGATATAGGAAGGAACACCAGTGGCGAAGGCGACTGCCTGGACTGATACTGACACTGAGGTGCGAAAGCGTGGGGAGCAAACAGG, 9807,Bacteria,Proteobacteria,Gammaproteobacteria,Oceanospirillales,Nitrincolaceae,Marinobacterium,NA,NA
TACGGAGGGAGCTAGCGTTGTTCGGAATTACTGGGCGTAAAGCGCGCGTAGGCGGCGATCCAAGTCAGGGGTGAAATCCCGGGGCTCAACCCCGGAACTGCCCTTGAAACTAGGTTGCTAGAATACTGGAGAGGTGAGTGGAATTCCGAGTGTAGAGGTGAAATTCGTAGATATTCGGAAGAACACCAGTGGCGAAGGCGACTCACTGGACAGTTATTGACGCTGAGGTGCGAAAGCGTGGGGAGCAAACAGG, 7235,Bacteria,Proteobacteria,Alphaproteobacteria,Sphingomonadales,Sphingomonadaceae,Erythrobacter,Erythrobacter,NA
TACGGGGGGAGCGAGCGTTGTCCGGAATCATTGGGCGTAAAGGGCGCGTAGGCGGAACGGTCAGTCAGATGTGAAATGTCCCGGCTTAACCGGGGAGTTGCATTTGAAACTGCCGTTCTTGAGTGTCGTAGGGGATGATGGAATTCCTGGTGTAGCGGTGAAATGCGTAGAGATCAGGAAGAACACCGGTGGCGAAGGCGGTCATCTGGGCGAATACTGACGCTGAGGCGCGAAAGTGTGGGTAGCAAACAGG,13333,Bacteria,Calditrichota,Calditrichia,Calditrichales,Calditrichaceae,Caldithrix,NA,NA
GACGGAGGATGCAAGTGTTATCCGGAATCACTGGGCGTAAAGCGTCTGTAGGTGGTTTGATAAGTCAACTGTTAAATCTTGAAGCTTAACTTCAAAATCGCAGTCGAAACTATTAGACTAGAGTATAGTAGGGGTAAAGGGAATTTCCAGTGGAGCGGTGAAATGCGTAGAGATTGGAAAGAACACCGATGGCGAAGGCACTTTACTGGGCTATTACTGACACTCAGAGACGAAAGCTAGGGTAGCAAATGGG, 1982,Bacteria,Cyanobacteria,Cyanobacteriia,Chloroplast,NA,NA,NA,NA
CACGGGGGGCGCAAGCGTTATTCGGAATTATTGGGCGTAAAGGGCGCGTAGGCGGTCTTGTCGGTCAGGTGTGAAAGCCCGGGGCTCAACCCTGGAAGTGCACTTGAAACAGCAAGACTTGAGTACGGGAGAGGAAAGCGGAATTCCTGGTGTAGAGGTGAAATTCGTAGATATCAGGAGGAACACCGATGGCGAAGGCAGCTTTCTGGACCGATACTGACGCTGAGGCGCGAAGGCGTGGGTAGCGAACGGG,  736,Bacteria,Desulfobacterota,Desulfobacteria,Desulfobacterales,Desulfobacteraceae,Desulfobacter,NA,NA
TACGGAGGGTGCGAGCGTTAATCGGAATTACTGGGCGTAAAGCGAGCGTAGGCGGTGACGTAAGTTGGATGTGAAAAACCGGGGCTTAACCTCGGCCGTGCATTCAAAACTGCGTGACTAGAGTCTTGTAGAGGGGGGTAGAATTTCAGGTGTAGCGGTGAAATGCGTAGAGATCTGAAGGAATACCAGTGGCGAAGGCGGCCCCCTGGACAAAGACTGACGCTGAGGTTCGAAAGCGTGGGTAGCGAACAGG,12021,Bacteria,Proteobacteria,Gammaproteobacteria,Alteromonadales,Alteromonadaceae,NA,NA,NA
TACGGAGGATGCAAGCGTTATCCGGATTCATTGGGTTTAAAGGGTGCGCAGGCGGAACTTTAAGTCAGTGGTGAAATCTTGCCGCTTAACGGTAAAATTGCCATTGATACTGAAGTTCTTGAATATGGTTGAGGTAGGCGGAATGTGTTGTGTAGCGGTGAAATGCATAGATATGACACAGAACGCCGATTGCGAAGGCAGCTTACTAAGCCATTATTGACGCTGAGGCACGAAAGCGTGGGGAGCGAACAGG, 6762,Bacteria,Bacteroidota,Bacteroidia,Bacteroidales,Prolixibacteraceae,Draconibacterium,NA,NA
TACGTAGGTGGCGAGCGTTATTCGGAATCACTGGGCGTAAAGGGTCCGTAGGGGGTGAGGTCAGTCTGATGTGAAAGCCGGGGGCTCAACTCCCGAAGTGCATTGGATACTGCCTCACTAGAGTGCGTGAGAGGTAAGCGGAATTCGTGGTGTAGCGGTGGAATGCGTAGATATCACGAGGAAGGCCGAAGGCGTAAGCAGCTTACTGGCACGCAACTGACCCTGAGGGACGAAAGCTAGGGGAGCGAAAAGG,15731,Bacteria,Verrucomicrobiota,Lentisphaeria,Lentisphaerales,Lentisphaeraceae,Lentisphaera,NA,NA
TACGGGAGGTGCGAGCGTTAATCGGAATCACTGGGCGTAAAGCGCACGTAGGCGGCGCGGTCAGTCAGATGTGAAAGCCCTCGGCTCAACCGAGGAATTGCATTTGAAACTACCGTGCTTGAGTACTGGAGAGGCAGGCGGAATTCCAGGTGTAGGAGTGAAATCCGTAGATATCTGGAGGAACACCGGTGGCGAAGGCGGCCTGCTGGACAGATACTGACGCTGAGGTGCGAAAGCGTGGGGAGCAAACAGG,13111,Bacteria,Desulfobacterota,Desulfovibrionia,Desulfovibrionales,Desulfovibrionaceae,Desulfovibrio,NA,NA
TACGAATGGAGCGAGCGTTGTTCGGAATCACTGGGCTTAAAGCGTGCGTAGGCGGATTTGCAAGTCAGGAGTGAAATCCCAGGGCTCAACCCTGGAACTGCTCTTGAAACTGCAAGTCTAGAATCCGATAGAGGTCAGGAGAATTCCTAGTGTAGAGGTGAAATTCGCAGATATTAGGAGGAATACCAGTGGCGTAGGCGCCTGACTGGGTCGGTATTGACGCTGAGGTACGAAAGCGTGGGGAGCAAACAGG, 5756,Bacteria,Proteobacteria,Alphaproteobacteria,Micavibrionales,Micavibrionaceae,NA,NA,NA
TACGGAGGGGGCTAGCGTTATTCGGAATTACTGGGCGTAAAGCGCACGTAGGCGGACTGGAAAGTCAGAGGTGAAATCCCAGGGCTCAACCTTGGAACTGCCTTTGAAACTCCCAGTCTTGAGGTCGAGAGAGGTGAGTGGAATTCCGAGTGTAGAGGTGAAATTCGTAGATATTCGGAGGAACACCAGTGGCGAAGGCGGCTCACTGGCTCGATACTGACGCTGAGGTGCGAAAGCGTGGGGAGCAAACAGG, 7842,Bacteria,Proteobacteria,Alphaproteobacteria,Rhodobacterales,Rhodobacteraceae,Rhodobacter,Gemmobacter,tilapiae
TACGGAGGGTGCAAGCGTTAATCGGAATTACTGGGCGTAAAGCGTGCGTAGGCGGCCTGTTAAGTTGGATGTGAAAGCCCCGGGCTCAACCTGGGAACTGCATCCAAAACTGACAGGCTTGAGTGCGGAAGAGGAGTGTGGAATTTCCTGTGTAGCGGTGAAATGCGTAGATATAGGAAGGAACACCAGTGGCGAAGGCGACACTCTGGTCTGACACTGACGCTGAGGTACGAAAGCGTGGGGAGCAAACAGG, 9923,Bacteria,Proteobacteria,Gammaproteobacteria,Oceanospirillales,Endozoicomonadaceae,Endozoicomonas,NA,NA
TACGGAGGGTGCAAGCGTTAATCGGAATTACTGGGCGTAAAGCGCGCGTAGGCGGATAATTAAGTCAGATGTGAAAGCCCTGGGCTCAACCTGGGAACTGCATTTGATACTGGTTATCTAGAGTACAGTAGAGGGGGGTGGAATTCCAGGTGTAGCGGTGAAATGCGTAGATATCTGGAGGAACATCAGTGGCGAAGGCGACCCCCTGGACTGATACTGACGCTGAGGTGCGAAAGCGTGGGTAGCGAACAGG, 9362,Bacteria,Proteobacteria,Gammaproteobacteria,Oceanospirillales,Kangiellaceae,Kangiella,NA,NA
TACATAGGGGTCAAGCGTTGTCCGGATTTATTGGGCGTAAAGAGCTCGTAGGCGGTTCAACAAGTCGGTCGTAAAAGTTTAGGGCTCAACCCTAAAATGTCGATCGATACTGTTGTGACTAGGATACGGTAGAGGTGAATGGAATTCCGAGTGTAGCGGTGAAATGCGTAGATATTCGGAGGAACACCAATTGCGAAGGCAGTTCACTGGACCGTGATCGACGCTGAGGAGCGAAAGCTAGGGGAGCAAACAGG, 3867,Bacteria,Actinobacteriota,Acidimicrobiia,Actinomarinales,Actinomarinaceae,Candidatus Actinomarina,NA,NA
TACGGAGGGGGCAAGCGTTATTCGGATTTACTGGGCGTAAAGCGCACGTAGGCGGCAATGTAAGTCACAGGTGAAAGCCCTCGGCTCAACCGAGGAATTGCCTGCGAAACTGCGTTGCTTGAGTCCGGGAGGGGGGAGCGGAATTCCCAGTGTAGCGGTGAAATGCGTAGATACTGGGAGGAACACCGGTGGCGAAGGCGGCTCCCTGGACCGGTACTGACGCTGAGGTGCGAAAGCGTGGGTAGCAAACAGG, 7555,Bacteria,Acidobacteriota,Thermoanaerobaculia,Thermoanaerobaculales,Thermoanaerobaculaceae,Subgroup 23,NA,NA
TACGGAGGGTCCGAGCGTTAATCGGAATTACTGGGCGTAAAGCGCGCGTAGGTGGATTGGTCAGTCAGATGTGAAAGCCCAGGGCTCAACCTTGGAACTGCACCTGATACTGCCAATCTAGAATACGGTAGAGGGTAGTGGAATTTCCTGTGTAGCGGTGAAATGCGTAGATATAGGAAGGAACACCAGTGGCGAAGGCGACTACCTGGACCGATATTGACACTGAGGTGCGAAAGCGTGGGGAGCAAACAGG, 8688,Bacteria,Proteobacteria,Gammaproteobacteria,Oceanospirillales,Nitrincolaceae,Neptuniibacter,NA,NA
TACGGAGGGTGCGAGCGTTAATCGGAATTACTGGGCGTAAAGCGTGCGCAGGCGGTTTGTTAAGCGAGATGTGAAAGCCCCGGGCTCAACCTGGGAACTGCATTTTGAACTGGCAAACTAGAGTCTTGTAGAGGGGGGTAGAATTCCAGGTGTAGCGGTGAAATGCGTAGAGATCTGGAGGAATACCGGTGGCGAAGGCGGCCCCCTGGACAAAGACTGACGCTCATGCACGAAAGCGTGGGGAGCAAACAGG,12468,Bacteria,Proteobacteria,Gammaproteobacteria,Alteromonadales,Shewanellaceae,Shewanella,Shewanella,corallii
TACGTAGGGCGCAAGCGTTGTCCGGAATTATTGGGCGTAAAGAGCTCGTAGGCGGTTTGTCGCGTCTGCTGTGAAAGCCCGGGGCTTAACCCCGGGTGTGCAGTGGGTACGGGCAGACTTGAGTGCAGTAGGGGAGACTGGAACTCCTGGTGTAGCGGTGAAATGCGCAGATATCAGGAAGAACACCGATGGCGAAGGCAGGTCTCTGGGCTGTTACTGACGCTGAGGAGCGAAAGCATGGGGAGCGAACAGG,14238,Bacteria,Actinobacteriota,Actinobacteria,Micrococcales,Micrococcaceae,Kocuria,Kocuria,NA
TACGGAGGGTGCAAGCGTTATCCGGAATCATTGGGTTTAAAGGGTCCGCAGGCGGTCAATTAAGTCAGAGGTGAAATCCCATCGCTTAACGATGGAACTGCCTTTGATACTGGTTGACTTGAGTTATACGGAAGTAGATAGAATGTGTAGTGTAGCGGTGAAATGCATAGATATTACACAGAATACCGATTGCGAAGGCAGTCTACTACGTATATACTGACGCTCATGGACGAAAGCGTGGGGAGCGAACGGG,10479,Bacteria,Bacteroidota,Bacteroidia,Flavobacteriales,Flavobacteriaceae,Tenacibaculum,NA,NA
TACGAAGGGTGCAAGCGTTGTTCGGATTTACTGGGCGTAAAGCGCGCGCAGGCGGATTGGTAAGTCAGATGTGAAATCTCGGGGCTCAACCCCGAAACTGCGTCTGAAACTATCAATCTAGAATCTCGGAGAGGGAAGGGGAATTTCACATGTAGGGGTAAAATCCGTAGAGATGTGAAGGAACACCAGAGGCGAAGGCGCCTTCCTGGACGAGTATTGACGCTGAGGCGCGAAAGCGTGGGGAGCAAACAGG, 5283,Bacteria,Bdellovibrionota,Bdellovibrionia,Bacteriovoracales,Bacteriovoracaceae,Peredibacter,NA,NA
TACGGAGGTCCCAAGCGTTGTTCGGATTCACTGGGCGTAAAGGGTGCGTAGGCGGTCGGGAAAGTTTGATGTGAAAGCTCCGGGCTCAACCTGGAAAATGCATTGAAAACTATCCGACTAGAGGATTGTAAGGGAGACTGGAATTCTCGGTGTAGCAGTGAAATGCGTAGATATCGAGAGGAACACCAGTGGCGAAGGCGAGTCTCTGGACAATTCCTGACGCTGAGGCACGAAAGCTAGGGGAGCAAACAGG,12875,Bacteria,Verrucomicrobiota,Verrucomicrobiae,Pedosphaerales,Pedosphaeraceae,NA,NA,NA
TACGGAGGATGCAAGCGTTATCCGGATTCATTGGGTTTAAAGGGTGCGCAGGCGGGCTTGTAAGTCAGTGGTGAAATACTGCCGCTCAACGGTAGAACTGCCATTGATACTGCAAGTCTTGAATATGGTTGAGGTAGGCGGAATGTGTCGTGTAGCGGTGAAATGCATAGATATGACACAGAACGCCAATTGCGAAGGCAGCTTACTAAGCCATTATTGACGCTGAGGCACGAAAGCGTGGGGAGCGAACAGG, 6780,Bacteria,Bacteroidota,Bacteroidia,Bacteroidales,Prolixibacteraceae,Draconibacterium,NA,NA
TACGGAGGGTGCAAGCGTTAATCGGAATTACTGGGCGTAAAGCGCACGTAGGCGGTTTGTTAAGTCGGATGTGAAAGCCCCGGGCTCAACCTGGGAACTGCATTCGATACTGACAAACTAGAGTATAGAAGAGGCAAGTGGAATTCCGGGTGTAGCGGTGAAATGCGTAGATATCCGGAGGAACATCAGTGGCGAAGGCGACTTGCTGGTCTAATACTGACGCTGAGGTGCGAAAGCGTGGGGAGCAAACGGG, 9306,Bacteria,Proteobacteria,Gammaproteobacteria,BD7-8,NA,NA,NA,NA
TACGAAGGTCCCGAGCGTTGTTCGGATTTACTGGGCGTAAAGAGTCTGTAGGCGGTAAAGTAAGTCAGGTGTGAAATCCCGGGGCTCAACCCCGGAACTGCACCCGATACTGCTTTACTAGAGTATTGGAGGGGAATCTGGAATTCTCGGTGTAGCAGTGAAATGCGTAGATATCGAGAGGAACACTAGTGGCGAAGGCGAGATTCTGGACAATTACTGACGCTGAGAGACGAAGGCCAGGGTAGCGAAAAGG, 5610,Bacteria,Verrucomicrobiota,Verrucomicrobiae,Verrucomicrobiales,DEV007,NA,NA,NA
TACGGAGGGTGCAAGCGTTAATCGGAATTACTGGGCGTAAAGCGTACGTAGGTGGCTCATTAAGTCGGATGTGAAAGCCCCGGGCTCAACCTGGGAATTGCATACGATACTGGTGAGCTAGAGTCTGACAGAGGTTGGCGGAATTTCCGGTGTAGCGGTGAAATGCGTAGATATCGGAAGGAACATCAGTGGCGAAGGCGGCTGACTGGGTCAAGACTGACACTGAGGTACGAAAGCGTGGGGAGCAAACAGG, 9892,Bacteria,Proteobacteria,Gammaproteobacteria,Gammaproteobacteria Incertae Sedis,Unknown Family,NA,NA,NA
TACGTATGTGGCAAGCGTTACTCGGAATCACTGGGCGTAAAGCGTACGTAGGCGGACATATAAGTCAGAAGTGAAATTTCGGGGCTCAACCTCGAACCTGCTTTTGAAACTGTATGTCTTGAGTATCAGAGGGGTAGATGGAATTCTTGGTGTAGCGGTGGAATGCGTAGATATCAAGAAGAACACCAGAGGCGAAGGCGGTCTACTGGCTGAATACTGACGCTGATGTACGAAAGCGTGGGGAGCGAACAGG,16023,Bacteria,Fibrobacterota,Chitinivibrionia,Chitinivibrionales,Chitinivibrionaceae,possible genus 03,NA,NA
TACGGAGGGGGCAAGCGTTATTCGGAATTATTGGGCGTAAAGGGCACGTAGGTGGCCCGGCAAGTCTTAGGTGAAATCCCTCGGCTCAACCGAGGAACTGCCTTGGATACTGCCGAGCTTGAGGCCGGGAGGGGGTAGCGGAATTCCCAGTGTAGCGGTGAAATGCGTAGATATTGGGAGGAACACCGGTGGCGAAGGCGGCTACCTGGACCGGTTCTGACACTGAGGTGCGAAAGCGTGGGGAGCAAACAGG, 7530,Bacteria,Acidobacteriota,Thermoanaerobaculia,Thermoanaerobaculales,Thermoanaerobaculaceae,Subgroup 10,NA,NA
CACGAACCGTCCGAACGTTATTCGGAATCACTGGGCTTAAAGGGTGCGTAGGCGGTGCGGTAAGTTGGGTGTGAAATCCCTCGGCTCAACCGAGGAACTGCGCTCAATACTGCCGTACTTGAGGGAGACAGAGGTAAGCGGAACTGATGGTGGAGCGGTGAAATGCGTTGATATCATCAGGAACACCAGTAGCGAAGGCGGCTTACTGGGTCTCTTCTGACGCTGAGGCACGAAAGCTAGGGTAGCGAACGGG,  582,Bacteria,Planctomycetota,Planctomycetes,Pirellulales,Pirellulaceae,Pir4 lineage,NA,NA
TACGGAGGGTGCAAGCGTTGTTCGGAATTACTGGGCGTAAAGCGCGCGTAGGCGGCGTGTTAAGTCAGATGTGAAAGCCCATGGCTCAACCATGGATGTGCATTTGAAACTGGCATGCTTGAGTACTGGAGGGGGTAGTGGAATTCCCGGTGTAGAGGTGAAATTCGTAGATATCGGGAGGAATACCGGTGGCGAAGGCGACTACCTGGCCAGATACTGACGCTGAGGTGCGAAAGCGTGGGGAGCAAACAGG,11437,Bacteria,Desulfobacterota,Desulfobulbia,Desulfobulbales,Desulfocapsaceae,Desulfopila,NA,NA
TACGAAGGGAACTAGCGTTGTTCGGATTTACTGGGCGTAAAGAGCATGTAGGCGGATTGGTCAGTTGGGGGTGAAATCCCGGAGCTCAACTCCGGAACTGCCTCCAATACTGCCAGTCTAGAGTCCGTAAGGGGGTGGTGGAATTCCGAGTGTAGAGGTGAAATTCGTAGATATTCGGAGGAACACCAGTGGCGAAGGCGACCACCTGGTACGGTACTGACGCTGAGATGCGAAAGCGTGGGGAGCAAACAGG, 4497,Bacteria,Proteobacteria,Alphaproteobacteria,Rhodospirillales,Terasakiellaceae,Terasakiella,NA,NA
TACGGAGGGGGCTAGCGTTGTTCGGAATTACTGGGCGTAAAGCGCGCGTAGGCGGACTTTCAAGTCAGGGGTGAAATCCCGAGGCTCAACCTCGGAACTGCCTTTGATACTGTAAGTCTTGAGTCCGAGAGAGGTGAGTGGAATTCCTAGTGTAGAGGTGAAATTCGTAGATATTAGGAAGAACACCAGTGGCGAAGGCGGCTCACTGGCTCGGTACTGACGCTGAGGTGCGAAAGCGTGGGGAGCAAACAGG, 8044,Bacteria,Proteobacteria,Alphaproteobacteria,Rhizobiales,Methyloligellaceae,Methyloceanibacter,Methyloceanibacter,methanicus
TACGGAGGGTGCAAGCGTTAATCGGAATTACTGGGCGTAAAGCGCTCGCAGGCGGTTTGTTAAGTCGGATGTGAAAGCCCCGGGCTCAACCTGGGAACTGCATTCGATACTGGCAAACTAGAGTATGGTAGAGGCAAGTGGAATTCCGGGTGTAGCGGTGAAATGCGTAGATATCCGGAGGAACATCAGTGGCGAAGGCGACTTGCTGGACTAATACTGACGCTCAGGAGCGAAAGCGTGGGGAGCAAACGGG, 9848,Bacteria,Proteobacteria,Gammaproteobacteria,BD7-8,NA,NA,NA,NA
TACGGAGGGGGCAAGCGTTATTCGGAATTACTGGGCGTAAAGGGCGCGTAGGCGGCCAGGTCAGTGAGAAGTGAAAGCCCCGAGCTCAACTTGGGAACGGCTTCTCATACTGCTTGGCTTGAGGATGGGAGAGGGAAGTGGAATTCCAGGTGTAGCGGTGAAATGCGTAGATATCTGGAGGAACACCGGTGGCGAAGGCGACTTCCTGGACCATTACTGACGCTGAGGCGCGAAAGCGTGGGGAGCAAACAGG, 7501,Bacteria,Acidobacteriota,Holophagae,Acanthopleuribacterales,Acanthopleuribacteraceae,Acanthopleuribacter,NA,NA
TACGGAGGGTGCGAGCGTTAATCGGAATTACTGGGCGTAAAGCGCGCGTAGGTGGATTGGTCAGTCAGATGTGAAAGCCCCGGGCTCAACCTGGGAACTGCACCTGATACTGCTAGTCTAGAGTACGGTAGAGGGTAGTGGAATTTCCTGTGTAGCGGTGAAATGCGTAGATATAGGAAGGAACACCAGTGGCGAAGGCGACTACCTGGACCGATACTGACACTGAGGTGCGAAAGCGTGGGGAGCAAACAGG,12369,Bacteria,Proteobacteria,Gammaproteobacteria,Oceanospirillales,Nitrincolaceae,Neptuniibacter,NA,NA
TACGGAGGAGGCAAGCGTTATCCGGATTTATTGGGCGTAAAGCGTCCGCAGGTGGCAGTTCAAGTCTGCTGTCAAAGACAGTGGCTCAACCACTGAAAGGCAGTAGATACTGAACAGCTAGAGTGCGGTAGGGGCAGAGGGAATTCCAGGTGTAGCGGTGAAATGCGTAGATTTCTGGAAGAACATCGGTGGCGAAAGCGCTCTGCTAGGCCGCAACTGACACTCAGGGACGAAAGCTAGGGGAGCGAATGGG, 6396,Bacteria,Cyanobacteria,Cyanobacteriia,Cyanobacteriales,Oscillatoriaceae,NA,NA,NA
TACGGAGGGTGCAAGCGTTAATCGGAATTACTGGGCGTAAAGCGCGCGTAGGCGGTTTGTTAAGTCGGATGTGAAAGCCCTGGGCTCAACCTGGGAACTGCATTCGATACTGGCCGACTAGAGTACGAGAGAGGGAGGTAGAATTCCATGTGTAGCGGTGAAATGCGTAGATATGTGGAGGAATACCGGTGGCGAAGGCGGCCTCCTGGCTCGATACTGACGCTGAGGTGCGAAAGCGTGGGGAGCAAACAGG, 9718,Bacteria,Proteobacteria,Gammaproteobacteria,Cellvibrionales,Halieaceae,Halioglobus,NA,NA
AACGGGAGGGGCAAGCGTTATTCAAAATGATTAGGCGTAAAGGGTCCGTAGGCCGTATTTTAAATTATATTTCAAAAATTAACTGTATGTTAATATAAATATAAATAAAACTATACTAGAGTTTTTTTCAGAAAAGCAGAATTTTATAATTAAAGATAAAATTTAGAAATCTATAAAGGAATACTTACAGCGAAAGCAGCTTTTTAGTAAAAAACTGACGTTGAGGGACGAAAGTTTAGGTAGCAAATAGG,   71,Bacteria,Proteobacteria,Alphaproteobacteria,Rickettsiales,Mitochondria,NA,NA,NA
CACGTAGGATTCAAGCGTTATCCGAATTTACTGGGCGTAAAGCGCGTGTAGGCGGTTCGGTAAGTTGGACGTGAAAGCTCCTGGCTCAACTGGGAGAGGTCGTTCAAAACTTCCGGACTAGAGGACGGTAGAGGGAGGTGGAATTCCCGGTGTAGTGGTGAAATGCGTAGATATCGGGAGGAACACCAGTGGCGAAGGCGGCCTCCTGGGCCGTTCCTGACGCTCAGACGCGAAAGCTAGGGGAGCGAACGGG,  902,Bacteria,Chloroflexi,Anaerolineae,Anaerolineales,Anaerolineaceae,NA,NA,NA
TACGGAGGGTGCAAGCGTTAATCGGAATCACTGGGCGTAAAGCGCGCGTAGGCGGTCTGGTAAGTCAGATGTGAAAGCCCCGGGCTCAACCTGGGAATTGCATTTGATACTGCCTGGCTAGAGTATGGTAGAGGGGGGTGGAATTCCAGGTGTAGCGGTGAAATGCGTAGATATCTGGAGGAACACCAGTGGCGAAGGCGGCCCCCTGGACCAATACTGACGCTGAGGTGCGAAAGCGTGGGGAGCAAACAGG, 9147,Bacteria,Proteobacteria,Gammaproteobacteria,Arenicellales,Arenicellaceae,Candidatus Thiosymbion,NA,NA
TTCCAGCTCCAATAGCGTATATTAAAGTTGTTGCAGTTAAAAAGCTCGTAGTTGGATTTCTGGCAGGAGCGACCGGTCGCACACTATGTGTGTGAACTTGTGTTGTCTCTGGCCATCCTTGGGGAGATCCCGTTTGGCATTAAGTTGTCGGGCGGGGGATACCCATCGTTTACTGTGAAAAAATTAGAGTGTTTAAAGCAGGCTTATGCCGTTGAATATATTAGCATGGAATAATAAGATAGGACTTCGGAACTATTTTGTTGGTTTGCGTTACGAAGTAATGATTAATAGGGACAGTTGGGGGTATTCGTATTTCGTTGTCAGAGGTGAAATTCTTGGATTTCCGAAAGACGAACTACTGCGAAAGCATTTACCAAGGATGTTTTCATTAATCAAGAACGAAAGTTAGGGGATCGAAGATG,16305,Eukaryota,NA,NA,NA,NA,NA,NA,NA
TACGAAGGTCCCAAGCGTTGTTCGGAATCACTGGGCGTAAAGCGTGCGTAGGCGGCGGGGTAAGTCAGATGTGAAAGGCAGGGGCTCAACTCCTGGACTGCATCCGATACTGCCTTGCTCGAGTAGTGGAGGGGAGTCTGGAATTCTCGGTGTAGCAGTGAAATGCGTAGATATCGAGAGGAACACTAGTGGCGAAGGCGAGACTCTGGACACTTACTGACGCTCAGGCACGAAGGCCAGGGTAGCGAAAGGG, 5516,Bacteria,Verrucomicrobiota,Verrucomicrobiae,Verrucomicrobiales,DEV007,NA,NA,NA
