GACGGAGGATGCAAGTGTTATCCGGAATCACTGGGCGTAAAGCGTCTGTAGGTGGTTTAATAAGTCGGCTGTTAAATCTTGAGGCTTAACTTCAAAACTGCAGTCGAAACTATTAGACTAGAGTATAGTAGGGGTAAAGGGAATTTCCAGTGGAGCGGTGAAATGCGTAGATATTGGAAAGAACACCGATGGCGAAGGCACTTTACTGGGCTATTACTGACACTCAGAGACGAAAGCTAGGGTAGCAAATGGG, 1952,Bacteria,Cyanobacteria,Cyanobacteriia,Chloroplast,NA,NA,NA,NA
TACGGAGGGTGCAAGCGTTACTCGGAATCACTGGGCGTAAAGAGCGTGTAGGCGGGTTTGTAAGTTTGAAGTGAAATCCAATGGCTCAACCATTGAACTGCTTTGAAAACTGCTTACCTAGAATATGGGAGAGGTAGATGGAATTTCTGGTGTAGGGGTAAAATCCGTAGAGATCAGAAGGAATACCGATTGCGAAGGCGATCTACTGGAACATTATTGACGCTGAGACGCGAAAGCGTGGGGAGCAAACAGG,10153,Bacteria,Campilobacterota,Campylobacteria,Campylobacterales,Arcobacteraceae,Poseidonibacter,Poseidonibacter,lekithochrous
TACGTAGGGGGCAAGCGTTATCCGGAATCATTGGGCGTAAAGCGTGCGTAGGCGGCTTGAGAGGTCAGAGGTGAAAGGCATGGGCTCAACCCATGTAAGCCTTTGAAACCGGCAGGCTTGAGATCAGGAGGGGAAAGTGGAATTTCTAGTGTAGCGGTGGAATGCGTAGATATTAGAAGGAACACCAGTGGCGAAGGCGACTTTCTGGACTGATACTGACGCTGAGGCACGAAAGCGTGGGGAGCGAACAGG,14348,Bacteria,Firmicutes,Clostridia,Peptostreptococcales-Tissierellales,Guggenheimella,NA,NA,NA
TACGGAGGGTGCGAGCGTTAATCGGAATTACTGGGCGTAAAGCGTACGCAGGCGGTTTGTTAAGCGAGATGTGAAAGCCCCGGGCTCAACCTGGGAACTGCATTTCGAACTGGCAAACTAGAGTGTGATAGAGGGTGGTAGAATTTCAGGTGTAGCGGTGAAATGCGTAGAGATCTGAAGGAATACCGATGGCGAAGGCAGCCACCTGGGTCAACACTGACGCTCATGTACGAAAGCGTGGGGAGCAAACAGG,12442,Bacteria,Proteobacteria,Gammaproteobacteria,Alteromonadales,Pseudoalteromonadaceae,Pseudoalteromonas,Pseudoalteromonas,NA
TACGGAGGATCCAAGCGTTATCCGGATTTATTGGGTTTAAAGGGTGCGTAGGTGGCTGTATAAGTCAGTAGTGAAATCTCGGAGCTCAACTCCGAACGTGCTATTGAAACTGTATAGCTTGAATTCAGACGAGGCAGGCGGAATGTGTAATGTAGCGGTGAAATGCATAGATATTACACAGAACACCGATAGCGAAGGCAGCTTGCCAGACTGCGATTGACACTAATGCACGAAAGCGTGGGTAGCGAACAGG, 6644,Bacteria,Bacteroidota,Bacteroidia,Bacteroidales,Marinifilaceae,NA,NA,NA
TACGTAGGTCCCAAGCGTTATCCGGAATTATTGGGCGTAAAGGGTCCGTAGACGGTTTATTAAGTCTGATGTGAAAGCCACCGGCTCAACCGGTGAAACGCATTAGATACTGGTAAACTAGAGTATGTTAGAGGATAGTGGAATTCCATGTGTAGCGGTGAAATGCGTAGATATATGGAGGAACACCAGTGGCGAAGGCGGCTATCTGGGACATTACTGACGTTGAGGGACGAAAGCGTGGGGAGCGAACAGG,15432,Bacteria,Firmicutes,Bacilli,Mycoplasmatales,Mycoplasmataceae,NA,NA,NA
TACGGAGGATCCAAGCGTTATCCGGATTTATTGGGTTTAAAGGGTGCGTAGGTGGCTGTATAAGTCAGTAGTGAAATCTCGGAGCTCAACTCCGAACGTGCTATTGAAACTGTACAGCTTGAATTCAGACGAGGCAGGCGGAATGTGTAATGTAGCGGTGAAATGCATAGATATTACACAGAACACCGATAGCGAAGGCAGCTTGCCAGACTGCGATTGACACTAATGCACGAAAGCGTGGGTAGCGAACAGG, 6638,Bacteria,Bacteroidota,Bacteroidia,Bacteroidales,Marinifilaceae,NA,NA,NA
TACGAGGGGTGCAAGCGTTAATCGGAATTACTGGGCGTAAAGCGTACGCAGGCGGTTGATTAAGCGAGATGTGAAAGCCCCGGGCTTAACCTGGGAACTGCATTTCGAACTGGTCAACTAGAGTCTTGTAGAGGGGGGTAGAATTTCAGGTGTAGCGGTGAAATGCGTAGAGATCTGAAGGAATACCGGTGGCGAAGGCGGCCCCCTGGACAAAGACTGACGCTCAGGTACGAAAGCGTGGGGAGCAAACAGG, 6041,Bacteria,Proteobacteria,Gammaproteobacteria,Alteromonadales,Shewanellaceae,Shewanella,Shewanella,NA
TACGGAGGGTGCGAGCGTTAATCGGAATTACTGGGCGTAAAGCGCATGCAGGTGGTTTGTTAAGTCAGATGTGAAAGCCCGGGGCTCAACCTCGGAATAGCATTTGAAACTGGCAGACTAGAGTACTGTAGAGGGGGGTAGAATTTCAGGTGTAGCGGTGAAATGCGTAGAGATCTGAAGGAATACCGGTGGCGAAGGCGGCCCCCTGGACAGATACTGACACTCAGATGCGAAAGCGTGGGGAGCAAACAGG,12157,Bacteria,Proteobacteria,Gammaproteobacteria,Vibrionales,Vibrionaceae,Vibrio,NA,NA
TACGAAGGGGGCAAGCGTTGTTCGGAATTACTGGGCGTAAAGAGTACGTAGGCGGTTAGATTAGTTAGGTGTGAAATCCCGGAGCTCAACTTCGGAGTTGCACTTAATACTGTTTAACTAGAATTCAAGAGGGGAGAGTGGAATTTCCAGTGTAGGGGTGATATCCGTAGATATTGGAAGGAACATCAGAGGCGAAGGCGACTCTCTGGCTTGACATTGACGCTGAGGTACGAAAGCGTGGGTAGCAAACAGG, 4655,Bacteria,Proteobacteria,Alphaproteobacteria,NA,NA,NA,NA,NA
GACGGAGGATGCAAGTGTTATCCGGAATCACTGGGCGTAAAGCGTCTGTAGGTGGTTTAATAAGTCAACTGTTAAATCTTGAGGCTCAACTTCAAAATCGCAGTCGAAACTATTAGACTAGAGTATAGTAGGGGTAAAGGGAATTTCCAGTGGAGCGGTGAAATGCGTAGAGATTGGAAAGAACACCGATGGCGAAGGCACTTTACTGGGCTATTACTAACACTCAGAGACGAAAGCTAGGGTAGCAAATGGG, 1922,Bacteria,Cyanobacteria,Cyanobacteriia,Chloroplast,NA,NA,NA,NA
TACGGAGGGCGCAAGCGTTACTCGGAATCACTGGGCGTAAAGAGCGTGTAGGCGGGTTAATAAGTTTGAAGTGAAATCCTATGGCTCAACCATAGAACTGCTTTGAAAACTGTTAACCTAGAATATGGGAGAGGTAGATGGAATTTCTGGTGTAGGGGTAAAATCCGTAGAGATCAGAAGGAATACCGATTGCGAAGGCGATCTACTGGAACATTATTGACGCTGAGACGCGAAAGCGTGGGGAGCAAACAGG, 7389,Bacteria,Campilobacterota,Campylobacteria,Campylobacterales,Arcobacteraceae,Halarcobacter,NA,NA
TACGAAGGGGGCAAGCGTTGTTCGGAATTACTGGGCGTAAAGAGTACGTAGGCGGTTTATCTAGTTAGGTGTGAAATCCCAGAGCTCAACTTTGGAACTGCACTTAATACTGATAAACTAGAATGTAAGAGAGGGAAGTGGAATTTCTAGTGTAGGAGTGAAATCCGTAGATATTAGAAGGAACACCAGAGGCGAAGGCGACTTCCTGGCTTATAATTGACGCTGAGGTACGAAAGCGTGGGTAGCAAACAGG, 4661,Bacteria,NA,NA,NA,NA,NA,NA,NA
GACGGAGGATGCAAGTGTTATCCGGAATCACTGGGCGTAAAGCGTCTGTAGGTGGTTTAATAAGTCAACTGTTAAATCTTGAGGCTTAACTTCAAAACTGCAGTCGAAACTATTAGACTAGAGTATAGTAGGGGTAAAGGGAATTTCCAGTGGAGCGGTGAAATGCGTAGATATTGGAAAGAACACCGATGGCGAAGGCACTTTACTGGGCTATTACTAACACTCAGAGACGAAAGCTAGGGTAGCAAATGGG, 1931,Bacteria,Cyanobacteria,Cyanobacteriia,Chloroplast,NA,NA,NA,NA
TACGTATGTCGCAAGCGTTATCCGGAATTATTGGGCGTAAAGCGAGTCTAGGCGGCTTGTTAAGTCAGATGTGAAAATGCGGGGCTCAACTCCGTATTGCGTTTGAAACTGGCAGGCTAGAGTACTGGAGAGGTGGGCGGAACTACAAGTGTAGAGGTGAAATTCGTAGATATTTGTAGGAATGCCGATAGTGAAGACAGCTCACTGGACAGATACTGACGCTAAAGCTCGAAAGCGTGGGGAGCGAACAGG,15945,Bacteria,Fusobacteriota,Fusobacteriia,Fusobacteriales,Fusobacteriaceae,Psychrilyobacter,Psychrilyobacter,atlanticus
TACAGAGGGTGCAAGCGTTAATCGGAATTACTGGGCGTAAAGCGCGCGTAGGTGGTTCGTTAAGTTGGATGTGAAATCCCCGGGCTCAACCTGGGAACTGCATTCAAAACTGACGAGCTAGAGTATGGTAGAGGGTGGTGGAATTTCCTGTGTAGCGGTGAAATGCGTAGATATAGGAAGGAACACCAGTGGCGAAGGCGACCACCTGGACTGATACTGACACTGAGGTGCGAAAGCGTGGGGAGCAAACAGG, 2995,Bacteria,Proteobacteria,Gammaproteobacteria,Pseudomonadales,Pseudomonadaceae,Pseudomonas,Pseudomonas,NA
TACAGAGGGTGCAAGCGTTAATCGGAATTACTGGGCGTAAAGCGCGCGTAGGTGGTTTGTTAAGTTGGATGTGAAAGCCCCGGGCTCAACCTGGGAACTGCATCCAAAACTGGCAAGCTAGAGTATGGTAGAGGGTGGTGGAATTTCCTGTGTAGCGGTGAAATGCGTAGATATAGGAAGGAACACCAGTGGCGAAGGCGACCACCTGGACTGATACTGACACTGAGGTGCGAAAGCGTGGGGAGCAAACAGG, 3020,Bacteria,Proteobacteria,Gammaproteobacteria,Pseudomonadales,Pseudomonadaceae,Pseudomonas,Pseudomonas,NA
TACAGAGGGTGCGAGCGTTAATCGGATTTACTGGGCGTAAAGCGTGCGTAGGCGGCCATTTAAGTCAAATGTGAAATCCCCGAGCTTAACTTGGGAATTGCATTCGATACTGGATGGCTAGAGTATGGGAGAGGATGGTAGAATTCCAGGTGTAGCGGTGAAATGCGTAGAGATCTGGAGGAATACCGATGGCGAAGGCAGCCATCTGGCCTAATACTGACGCTGAGGTACGAAAGCATGGGGAGCAAACAGG, 3465,Bacteria,Proteobacteria,Gammaproteobacteria,Pseudomonadales,Moraxellaceae,Acinetobacter,Acinetobacter,NA
TACGGAGGGTGCGAGCGTTAATCGGAATTACTGGGCGTAAAGCGCATGCAGGTGGTTTGTTAAGTCAGATGTGAAAGCCCGGGGCTCAACCTCGGAACTGCATTTGAAACTGGCAAACTAGAGTACTGTAGAGGGGGGTAGAATTTCAGGTGTAGCGGTGAAATGCGTAGAGATCTGAAGGAATACCAGTGGCGAAGGCGGCCCCCTGGACAGATACTGACACTCAGATGCGAAAGCGTGGGGAGCAAACAGG,12141,Bacteria,Proteobacteria,Gammaproteobacteria,Vibrionales,Vibrionaceae,Vibrio,Vibrio,NA
TACATAGGGTGCAAGCGTTATCCGGAATTATTGGGCGTAAAGCGTGCGTAGGCGGTTTACTAAGTCTGAAGTTAAAGCCTGGGGCTCAACCCCAGCCCGCTTTGGATACTGGTAGACTAGAGTTATATAGAGGTTAGCGGAACTCCATGTGAAGCGGTGGAATGCGTAGATATATGGAAGAACACCAAGAGCGAAGGCAGCTAACTGGATATACACTGACGCTGAGGCACGAAAGCGTGGGGAGCAAACAGG, 3902,Bacteria,Firmicutes,Bacilli,Mycoplasmatales,Mycoplasmataceae,Mycoplasma,NA,NA
TACGTAGGGGGCAAGCGTTATCCGGAATTATTGGGCGTAAAGAGTACGTAGGTGGTTTTACAAGTCTTGGGTTAAAGGCTATGGCTCAACCATAGTAAGCCTAAGAAACTGTAAGACTTGAGTGCAGGAGAGGTAAGTGGAATTCCTAGTGTAGCGGTGAAATGCGTAGATATTAGGAGGAACACCAGTGGCGAAGGCGACTTACTGGACTGTAACTGACACTGAGGTACGAAAGCGTGGGGAGCAAACAGG,14378,Bacteria,Firmicutes,Clostridia,Peptostreptococcales-Tissierellales,Anaerovoracaceae,NA,NA,NA
TACGGAGGGTGTAAGCGTTATCCGGATTTATTGGGTTTAAAGGGTACGTAGGCGGTAATATAAGTCAGTGGTGAAATCCTGCAGCTCAACTGTAGAACTGCCATTGAAACTGTATTACTTGAGTATACTTGAGGTAGGCGGAATGAGTAGTGTAGCGGTGAAATGCTTAGATATTACTCAGAACACCGATTGCGAAGGCAGCTTACTAAGGTATAACTGACGCTGATGTACGAAAGCGTGGGGAGCGAACAGG,12865,Bacteria,Bacteroidota,Bacteroidia,Bacteroidales,Prolixibacteraceae,Roseimarinus,NA,NA
TACAGAGGGTGCAAGCGTTAATCGGAATTACTGGGCGTAAAGCGCGCGTAGGTGGTTTGTTAAGTTGGATGTGAAATCCCCGGGCTCAACCTGGGAACTGCATTCAAAACTGACTGACTAGAGTATGGTAGAGGGTGGTGGAATTTCCTGTGTAGCGGTGAAATGCGTAGATATAGGAAGGAACACCAGTGGCGAAGGCGACCACCTGGACTAATACTGACACTGAGGTGCGAAAGCGTGGGGAGCAAACAGG, 3033,Bacteria,Proteobacteria,Gammaproteobacteria,Pseudomonadales,Pseudomonadaceae,Pseudomonas,Pseudomonas,NA
TACGGAGGGTGCAAGCGTTAATCGGAATTACTGGGCGTAAAGCGTGCGTAGGCGGCTACTTAAGTGGGATGTGAAAGCCCCGGGCTCAACCTGGGAACTGCATCCCAAACTGGGTAGCTAGAGTACGGCAGAGGAGTGTGGAATTTCCTGTGTAGCGGTGAAATGCGTAGATATAGGAAGGAACACCAGTGGCGAAGGCGACACTCTGGGCTGATACTGACGCTGAGGTACGAAAGCGTGGGGAGCAAACAGG, 9932,Bacteria,Proteobacteria,Gammaproteobacteria,Oceanospirillales,Endozoicomonadaceae,Endozoicomonas,NA,NA
TACGGAGGATTCGAGCGTTATCCGGATTTATTGGGTTTAAAGGGTCCGTAGGCGGTACATTAAGTCAGTGGTGAAATCTCACAGCTCAACTGTGAAACTGCCATTGAAACTGAAGCACTTGAATATGGTTGAGGTAGGCGGAACACGATATGTAGCGGTGAAATGCATAGATATATCGTAGAACACCAATTGCGAAGGCAGCTTACCAAGCCAATATTGACGCTGATGGACGAAAGCGTGGGTAGCGAACAGG, 7071,Bacteria,Bacteroidota,Bacteroidia,Bacteroidales,Marinifilaceae,Marinifilum,NA,NA
TACGTAGGGTGCGAGCGTTAATCGGAATTACTGGGCGTAAAGCGTGCGCAGGCGGTTATACAAGACAGGCGTGAAATCCCCGGGCTTAACCTAGGAATGGCGCCTGTGACTGTATAACTAGAGTGTGTCAGAGGGGGGTAGAATTCCACGTGTAGCAGTGAAATGCGTAGATATGTGGAGGAATGCCAATGGCGAAGGCAGCCCCCTGGGATAACACTGACGCTCATGCACGAAAGCGTGGGGAGCAAACAGG,15199,Bacteria,Proteobacteria,Gammaproteobacteria,Burkholderiales,Burkholderiaceae,Polynucleobacter,NA,NA
TACGAGGGGTGCAAGCGTTAATCGGAATTACTGGGCGTAAAGCGTACGCAGGCGGTTTGTTAAGCGAGATGTGAAAGCCCCGGGCTCAACCTGGGAACTGCATTTCGAACTGGCAAACTAGAGTCTTGTAGAGGGGGGTAGAATTTCAGGTGTAGCGGTGAAATGCGTAGAGATCTGAAGGAATACCGGTGGCGAAGGCGGCCCCCTGGACAAAGACTGACGCTCAGGTACGAAAGCGTGGGGAGCAAACAGG, 6057,Bacteria,Proteobacteria,Gammaproteobacteria,Alteromonadales,Shewanellaceae,Shewanella,Shewanella,NA
TACAGAGGGTGCGAGCGTTAATCGGATTTACTGGGCGTAAAGCGCGCGTAGGTGGCTAATTAAGTCAAATGTGAAATCCCCGAGCTTAACTTGGGAATTGCATTCGATACTGGTTAGCTAGAGTATGGGAGAGGATGGTAGAATTCCAGGTGTAGCGGTGAAATGCGTAGAGATCTGGAGGAATACCGATGGCGAAGGCAGCCATCTGGCCTAATACTGACACTGAGGTGCGAAAGCATGGGGAGCAAACAGG, 3457,Bacteria,Proteobacteria,Gammaproteobacteria,Pseudomonadales,Moraxellaceae,Acinetobacter,Acinetobacter,NA
TACGAAAGGTGCAAACGTTGTTCGGAATCACTGGGCGTAAAGCGCACGTAGGCGGGCTTTTAAGTCGATTGTGAAATCCCAGGGCTTAACCTTGGAACTGCAGTCGAAACTGGAAGTCTTGAATATCTGAGAGGTTGGGGGAATTCCTGGTGGAGAAGTGAAATTCGTAGATATCAGGAGGAACACCGGAGGCGAAGGCGCCTGACTGGCAGAATATTGACGCTGATGTGCGAAAGCGTGGGGAGCAAACAGG, 4244,Bacteria,Bdellovibrionota,Oligoflexia,Oligoflexales,NA,NA,NA,NA
TACGGAGGGTGCAAGCGTTGTTCGGAATTACTGGGCGTAAAGCGCGCGTAGGCGGCTATGTAAGTCAGATGTGAAAGCCCGCGGCTCAACCGTGGAAGTGCATTTGAAACTGTATAGCTTGAGTACTGGAGGGGGTAGTGGAATTCCCGGTGTAGAGGTGAAATTCGTAGATATCGGGAGGAATACCGGTGGCGAAGGCGACTACCTGGCCAGATACTGACGCTGAGGTGCGAAAGCGTGGGGAGCAAACAGG,11450,Bacteria,Desulfobacterota,Desulfobulbia,Desulfobulbales,Desulfocapsaceae,NA,NA,NA
TACGGAGGGTGCAAGCGTTGTTCGGAATTACTGGGCGTAAAGGGCGCGTAGGCGGCTGGATAAGTCAGATGTGAAAGTCCATGGCTCAACTGTGGAAGTGCATTTGAAACTGTCCGGCTTGAGTATCGGAGGGGAGTGTGGAATTCCCGGTGTAGAGGTGAAATTCGTAGAGATCGGGAGGAACACCGGTGGCGAAGGCGACACTCTGGACGAATACTGACGCTGAGGCGCGAAAGCGTGGGGAGCAAACAGG,11644,Bacteria,Desulfobacterota,Desulfobulbia,Desulfobulbales,Desulfobulbaceae,NA,NA,NA
TACGGGGGATGCAAGCGTTATTCGGAATTATTGGGCGTAAAGGGCGCGCAGGCGGCCTTGTCAGTCAGATGTGAAAGCCCGGGGCTCAACCCCGGACGTGCATTTGAAACAGCAAGGCTTGAGTACGGTAGAGGAAAGGGGAATTCCTGGTGTAGAGGTGAAATTCGTAGATATCAGGAGGAACACCGGTGGCGAAGGCGCCTTTCTGGACCTGTACTGACGCTGAGGCGCGAAGGCGTGGGTAGCGAACAGG,13262,Bacteria,Desulfobacterota,Desulfobacteria,Desulfobacterales,Desulfobacteraceae,Candidatus Desulfamplus,NA,NA
CACGTAGGAGGCTAACGTTATCCGGATTTACTGGGCGTAAAGCGCGTGCAGGCTGTTCGGTAAGTTGGACGTGAAAGCTCCCGGCTCAACTGGGAGAGGTCGTTCAATACTGTTGGACTAGAGGATGGTAGAGGGAGGTGGAATTCCGGGTGTAGTGGTGAAATGCGCAGATATCCGGAGGAACACCAGTGGCGAAAGCGGCCTCCTGGACCACTCCTGACGCTCAGACGCGAAAGCTAGGGTAGCGAACGGG,  869,Bacteria,Chloroflexi,Anaerolineae,Anaerolineales,Anaerolineaceae,ADurb.Bin120,NA,NA
TACGGAGGGTGCGAGCGTTAATCGGAATTACTGGGCGTAAAGCGTGCGTAGGCGGATTGTTAAGCAAGATGTGAAAGCCCCGGGCTCAACCTGGGAACTGCATTTTGAACTGGCTATCTAGAGTATTGTAGAGGGTGGTGGAATTTCCAGTGTAGCGGTGAAATGCGTAGAGATTGGAAGGAACATCAGTGGCGAAGGCGGCCACCTGGACAAATACTGACGCTGAGGCACGAAAGCGTGGGGAGCAAACAGG,12478,Bacteria,Proteobacteria,Gammaproteobacteria,Alteromonadales,Colwelliaceae,Thalassotalea,NA,NA
TACGGAGGATCCAAGCGTTATCCGGAATTATTGGGTTTAAAGGGTGCGTAGGCGGGACACTAAGTCAGTGGTGAAAAGCTATGGCTCAACCATAGTCGTGCCATAGATACTGGTGTTCTTGAATTAAGTTGGCGTTTGCGGAATGTGTCATGTAGCGGTGAAATGCATAGATATGCCACAGAACTCCGATAGCGAAGGCAGCAAACGAAACTTTGATTGACGCTGATGCACGAAAGCGTGGGTAGCGAACAGG, 6561,Bacteria,Bacteroidota,Bacteroidia,NA,NA,NA,NA,NA
TACGAAGGGGGCTAGCGTTGCTCGGAATTACTGGGCGTAAAGGGCGCGTAGGCGGATCGTTAAGTCAGAGGTGAAATCCCAGGGCTCAACCCTGGAACTGCCTTTGATACTGGCGATCTTGAGTGTGAGAGAGGTATGTGGAACTCCGAGTGTAGAGGTGAAATTCGTAGATATTCGGAAGAACACCAGTGGCGAAGGCGACATACTGGCTCATTACTGACGCTGAGGCGCGAAAGCGTGGGGAGCAAACAGG, 4788,Bacteria,Proteobacteria,Alphaproteobacteria,Caulobacterales,Caulobacteraceae,Brevundimonas,Brevundimonas,faecalis
TACGAAGGGACCTAGCGTAGTTCGGAATTACTGGGCTTAAAGAGTTCGTAGGTGGTTGAAAAAGTTAGTGGTGAAATCCCAGAGCTTAACTCTGGAACTGCCATTAAAACTTTTCAGCTAGAGTATGATAGAGGAAAGCAGAATTTCTAGTGTAGAGGTGAAATTCGTAGATATTAGAAAGAATACCAATTGCGAAGGCAGCTTTCTGGATCATTACTGACACTGAGGAACGAAAGCATGGGTAGCGAAGAGG, 4514,Bacteria,Proteobacteria,Alphaproteobacteria,SAR11 clade,Clade I,Clade Ia,NA,NA
